date,species,sample_ID,frag_ID,run_block,SA_cm2,chamber_channel,temp_c_level,temp_c_value,PR,Values
2025-08-01,Pcyl,A01_TPC,A01,RUN1,1,1,1,24.5,Respiration,0.23168456974251275
2025-08-01,Pcyl,A01_TPC,A01,RUN1,1,1,1,24.5,NetPhoto,0.44915327388820653
2025-08-01,Pcyl,A01_TPC,A01,RUN1,1,1,1,24.5,GrossPhoto,0.6808378436307193
2025-08-01,Elam,G01_TPC,G01,RUN1,1,2,1,24.5,Respiration,0.14936607309637767
2025-08-01,Elam,G01_TPC,G01,RUN1,1,2,1,24.5,NetPhoto,0.3001350615057478
2025-08-01,Elam,G01_TPC,G01,RUN1,1,2,1,24.5,GrossPhoto,0.4495011346021255
2025-08-01,Fcom,C01_TPC,C01,RUN1,1,3,1,24.5,Respiration,0.16028558325602807
2025-08-01,Fcom,C01_TPC,C01,RUN1,1,3,1,24.5,NetPhoto,0.3469962699891869
2025-08-01,Fcom,C01_TPC,C01,RUN1,1,3,1,24.5,GrossPhoto,0.507281853245215
2025-08-01,Prug,F01_TPC,F01,RUN1,1,4,1,24.5,Respiration,0.07770662761086415
2025-08-01,Prug,F01_TPC,F01,RUN1,1,4,1,24.5,NetPhoto,0.20408920545777026
2025-08-01,Prug,F01_TPC,F01,RUN1,1,4,1,24.5,GrossPhoto,0.2817958330686344
2025-08-01,Peyd,E01_TPC,E01,RUN1,1,5,1,24.5,Respiration,0.24047297426972394
2025-08-01,Peyd,E01_TPC,E01,RUN1,1,5,1,24.5,NetPhoto,0.40622764189246474
2025-08-01,Peyd,E01_TPC,E01,RUN1,1,5,1,24.5,GrossPhoto,0.6467006161621887
2025-08-01,Ahya,J01_TPC,J01,RUN1,1,7,1,24.5,Respiration,0.0903602234117531
2025-08-01,Ahya,J01_TPC,J01,RUN1,1,7,1,24.5,NetPhoto,0.18100407640389596
2025-08-01,Ahya,J01_TPC,J01,RUN1,1,7,1,24.5,GrossPhoto,0.271364299815649
2025-08-01,Tfro,I01_TPC,I01,RUN1,1,8,1,24.5,Respiration,0.22973878276341592
2025-08-01,Tfro,I01_TPC,I01,RUN1,1,8,1,24.5,NetPhoto,0.2210793322123726
2025-08-01,Tfro,I01_TPC,I01,RUN1,1,8,1,24.5,GrossPhoto,0.4508181149757885
2025-08-01,Mvie,B01_TPC,B01,RUN1,1,10,1,24.5,Respiration,0.139146508209123
2025-08-01,Mvie,B01_TPC,B01,RUN1,1,10,1,24.5,NetPhoto,0.2635802892840409
2025-08-01,Mvie,B01_TPC,B01,RUN1,1,10,1,24.5,GrossPhoto,0.4027267974931639
2025-08-01,Maeq,H01_TPC,H01,RUN1,1,11,1,24.5,Respiration,0.28956003582519857
2025-08-01,Maeq,H01_TPC,H01,RUN1,1,11,1,24.5,NetPhoto,0.2596507441094193
2025-08-01,Maeq,H01_TPC,H01,RUN1,1,11,1,24.5,GrossPhoto,0.5492107799346179
2025-08-01,Prus,D01_TPC,D01,RUN1,1,12,1,24.5,Respiration,0.2012661070765653
2025-08-01,Prus,D01_TPC,D01,RUN1,1,12,1,24.5,NetPhoto,0.5046453976194445
2025-08-01,Prus,D01_TPC,D01,RUN1,1,12,1,24.5,GrossPhoto,0.7059115046960098
2025-08-02,Elam,G02_TPC,G02,RUN2,1,1,1,24.5,Respiration,0.1253797280665286
2025-08-02,Elam,G02_TPC,G02,RUN2,1,1,1,24.5,NetPhoto,0.3077540981798148
2025-08-02,Elam,G02_TPC,G02,RUN2,1,1,1,24.5,GrossPhoto,0.43313382624634345
2025-08-02,Peyd,E02_TPC,E02,RUN2,1,2,1,24.5,Respiration,0.2460580281021112
2025-08-02,Peyd,E02_TPC,E02,RUN2,1,2,1,24.5,NetPhoto,0.5542723267794889
2025-08-02,Peyd,E02_TPC,E02,RUN2,1,2,1,24.5,GrossPhoto,0.8003303548816001
2025-08-02,Prug,F04_TPC,F04,RUN2,1,3,1,24.5,Respiration,0.14868818524655514
2025-08-02,Prug,F04_TPC,F04,RUN2,1,3,1,24.5,NetPhoto,0.34527437557808927
2025-08-02,Prug,F04_TPC,F04,RUN2,1,3,1,24.5,GrossPhoto,0.4939625608246444
2025-08-02,Prus,D02_TPC,D02,RUN2,1,4,1,24.5,Respiration,0.16080026347065932
2025-08-02,Prus,D02_TPC,D02,RUN2,1,4,1,24.5,NetPhoto,0.29483656248037965
2025-08-02,Prus,D02_TPC,D02,RUN2,1,4,1,24.5,GrossPhoto,0.45563682595103894
2025-08-02,Peye,A02_TPC,A02,RUN2,NA,5,1,24.5,Respiration,NA
2025-08-02,Peye,A02_TPC,A02,RUN2,NA,5,1,24.5,NetPhoto,NA
2025-08-02,Peye,A02_TPC,A02,RUN2,NA,5,1,24.5,GrossPhoto,NA
2025-08-02,Tfro,I02_TPC,I02,RUN2,1,6,1,24.5,Respiration,0.1921537541345732
2025-08-02,Tfro,I02_TPC,I02,RUN2,1,6,1,24.5,NetPhoto,0.2858498547880668
2025-08-02,Tfro,I02_TPC,I02,RUN2,1,6,1,24.5,GrossPhoto,0.47800360892264
2025-08-02,Fcom,C02_TPC,C02,RUN2,1,8,1,24.5,Respiration,0.24513240195733707
2025-08-02,Fcom,C02_TPC,C02,RUN2,1,8,1,24.5,NetPhoto,0.3741667811591987
2025-08-02,Fcom,C02_TPC,C02,RUN2,1,8,1,24.5,GrossPhoto,0.6192991831165358
2025-08-02,Ahya,J02_TPC,J02,RUN2,1,9,1,24.5,Respiration,0.11904040540540374
2025-08-02,Ahya,J02_TPC,J02,RUN2,1,9,1,24.5,NetPhoto,0.2295425633621036
2025-08-02,Ahya,J02_TPC,J02,RUN2,1,9,1,24.5,GrossPhoto,0.34858296876750733
2025-08-02,Mvie,B02_TPC,B02,RUN2,1,10,1,24.5,Respiration,0.1021262160959605
2025-08-02,Mvie,B02_TPC,B02,RUN2,1,10,1,24.5,NetPhoto,0.20429729193628537
2025-08-02,Mvie,B02_TPC,B02,RUN2,1,10,1,24.5,GrossPhoto,0.3064235080322459
2025-08-02,Maeq,H02_TPC,H02,RUN2,1,12,1,24.5,Respiration,0.13015302819430538
2025-08-02,Maeq,H02_TPC,H02,RUN2,1,12,1,24.5,NetPhoto,0.3600496926331507
2025-08-02,Maeq,H02_TPC,H02,RUN2,1,12,1,24.5,GrossPhoto,0.4902027208274561
2025-08-01,Pcyl,A01_TPC,A01,RUN1,1,1,2,26,Respiration,0.2328414012662821
2025-08-01,Pcyl,A01_TPC,A01,RUN1,1,1,2,26,NetPhoto,0.4999078024526559
2025-08-01,Pcyl,A01_TPC,A01,RUN1,1,1,2,26,GrossPhoto,0.732749203718938
2025-08-01,Elam,G01_TPC,G01,RUN1,1,2,2,26,Respiration,0.16928042349984807
2025-08-01,Elam,G01_TPC,G01,RUN1,1,2,2,26,NetPhoto,0.40430964118928653
2025-08-01,Elam,G01_TPC,G01,RUN1,1,2,2,26,GrossPhoto,0.5735900646891345
2025-08-01,Fcom,C01_TPC,C01,RUN1,1,3,2,26,Respiration,0.1687504978226165
2025-08-01,Fcom,C01_TPC,C01,RUN1,1,3,2,26,NetPhoto,0.37767763646701935
2025-08-01,Fcom,C01_TPC,C01,RUN1,1,3,2,26,GrossPhoto,0.5464281342896359
2025-08-01,Prug,F01_TPC,F01,RUN1,1,4,2,26,Respiration,0.06986782491160157
2025-08-01,Prug,F01_TPC,F01,RUN1,1,4,2,26,NetPhoto,0.16329783128661984
2025-08-01,Prug,F01_TPC,F01,RUN1,1,4,2,26,GrossPhoto,0.2331656561982214
2025-08-01,Peyd,E01_TPC,E01,RUN1,1,5,2,26,Respiration,0.276492669652258
2025-08-01,Peyd,E01_TPC,E01,RUN1,1,5,2,26,NetPhoto,0.43228535974512405
2025-08-01,Peyd,E01_TPC,E01,RUN1,1,5,2,26,GrossPhoto,0.708778029397382
2025-08-01,Ahya,J01_TPC,J01,RUN1,1,7,2,26,Respiration,0.11556978057662629
2025-08-01,Ahya,J01_TPC,J01,RUN1,1,7,2,26,NetPhoto,0.25251210887859826
2025-08-01,Ahya,J01_TPC,J01,RUN1,1,7,2,26,GrossPhoto,0.3680818894552246
2025-08-01,Tfro,I01_TPC,I01,RUN1,1,8,2,26,Respiration,0.24308691827716195
2025-08-01,Tfro,I01_TPC,I01,RUN1,1,8,2,26,NetPhoto,0.2921554757024774
2025-08-01,Tfro,I01_TPC,I01,RUN1,1,8,2,26,GrossPhoto,0.5352423939796394
2025-08-01,Mvie,B01_TPC,B01,RUN1,1,10,2,26,Respiration,0.15724987148572003
2025-08-01,Mvie,B01_TPC,B01,RUN1,1,10,2,26,NetPhoto,0.2918343182431503
2025-08-01,Mvie,B01_TPC,B01,RUN1,1,10,2,26,GrossPhoto,0.4490841897288703
2025-08-01,Maeq,H01_TPC,H01,RUN1,1,11,2,26,Respiration,0.2901344655660559
2025-08-01,Maeq,H01_TPC,H01,RUN1,1,11,2,26,NetPhoto,0.29370697041706295
2025-08-01,Maeq,H01_TPC,H01,RUN1,1,11,2,26,GrossPhoto,0.5838414359831188
2025-08-01,Prus,D01_TPC,D01,RUN1,1,12,2,26,Respiration,0.24040725608683436
2025-08-01,Prus,D01_TPC,D01,RUN1,1,12,2,26,NetPhoto,0.4875096799193316
2025-08-01,Prus,D01_TPC,D01,RUN1,1,12,2,26,GrossPhoto,0.7279169360061659
2025-08-02,Elam,G02_TPC,G02,RUN2,1,1,2,26,Respiration,0.14578668298957628
2025-08-02,Elam,G02_TPC,G02,RUN2,1,1,2,26,NetPhoto,0.33146486332978636
2025-08-02,Elam,G02_TPC,G02,RUN2,1,1,2,26,GrossPhoto,0.4772515463193626
2025-08-02,Peyd,E02_TPC,E02,RUN2,1,2,2,26,Respiration,0.2942351776092435
2025-08-02,Peyd,E02_TPC,E02,RUN2,1,2,2,26,NetPhoto,0.5936921645982873
2025-08-02,Peyd,E02_TPC,E02,RUN2,1,2,2,26,GrossPhoto,0.8879273422075309
2025-08-02,Prug,F04_TPC,F04,RUN2,1,3,2,26,Respiration,0.1996985672720022
2025-08-02,Prug,F04_TPC,F04,RUN2,1,3,2,26,NetPhoto,0.3763953170247378
2025-08-02,Prug,F04_TPC,F04,RUN2,1,3,2,26,GrossPhoto,0.57609388429674
2025-08-02,Prus,D02_TPC,D02,RUN2,1,4,2,26,Respiration,0.20617146467509076
2025-08-02,Prus,D02_TPC,D02,RUN2,1,4,2,26,NetPhoto,0.3284192323901408
2025-08-02,Prus,D02_TPC,D02,RUN2,1,4,2,26,GrossPhoto,0.5345906970652315
2025-08-02,Peye,A02_TPC,A02,RUN2,NA,5,2,26,Respiration,NA
2025-08-02,Peye,A02_TPC,A02,RUN2,NA,5,2,26,NetPhoto,NA
2025-08-02,Peye,A02_TPC,A02,RUN2,NA,5,2,26,GrossPhoto,NA
2025-08-02,Tfro,I02_TPC,I02,RUN2,1,6,2,26,Respiration,0.23908941287120425
2025-08-02,Tfro,I02_TPC,I02,RUN2,1,6,2,26,NetPhoto,0.34116377856319974
2025-08-02,Tfro,I02_TPC,I02,RUN2,1,6,2,26,GrossPhoto,0.580253191434404
2025-08-02,Fcom,C02_TPC,C02,RUN2,1,8,2,26,Respiration,0.2816582076605857
2025-08-02,Fcom,C02_TPC,C02,RUN2,1,8,2,26,NetPhoto,0.48437105113989726
2025-08-02,Fcom,C02_TPC,C02,RUN2,1,8,2,26,GrossPhoto,0.7660292588004829
2025-08-02,Ahya,J02_TPC,J02,RUN2,1,9,2,26,Respiration,0.14537582360201248
2025-08-02,Ahya,J02_TPC,J02,RUN2,1,9,2,26,NetPhoto,0.31690512727405074
2025-08-02,Ahya,J02_TPC,J02,RUN2,1,9,2,26,GrossPhoto,0.46228095087606325
2025-08-02,Mvie,B02_TPC,B02,RUN2,1,10,2,26,Respiration,0.12644396564263882
2025-08-02,Mvie,B02_TPC,B02,RUN2,1,10,2,26,NetPhoto,0.23476724702333848
2025-08-02,Mvie,B02_TPC,B02,RUN2,1,10,2,26,GrossPhoto,0.36121121266597733
2025-08-02,Maeq,H02_TPC,H02,RUN2,1,12,2,26,Respiration,0.15193533870424317
2025-08-02,Maeq,H02_TPC,H02,RUN2,1,12,2,26,NetPhoto,0.36684722850678625
2025-08-02,Maeq,H02_TPC,H02,RUN2,1,12,2,26,GrossPhoto,0.5187825672110294
2025-08-01,Pcyl,A01_TPC,A01,RUN1,1,1,3,27,Respiration,0.2663616300504953
2025-08-01,Pcyl,A01_TPC,A01,RUN1,1,1,3,27,NetPhoto,0.41505615912801647
2025-08-01,Pcyl,A01_TPC,A01,RUN1,1,1,3,27,GrossPhoto,0.6814177891785118
2025-08-01,Elam,G01_TPC,G01,RUN1,1,2,3,27,Respiration,0.17974465261505634
2025-08-01,Elam,G01_TPC,G01,RUN1,1,2,3,27,NetPhoto,0.4128878821291533
2025-08-01,Elam,G01_TPC,G01,RUN1,1,2,3,27,GrossPhoto,0.5926325347442096
2025-08-01,Fcom,C01_TPC,C01,RUN1,1,3,3,27,Respiration,0.20499915835755977
2025-08-01,Fcom,C01_TPC,C01,RUN1,1,3,3,27,NetPhoto,0.3772645017975408
2025-08-01,Fcom,C01_TPC,C01,RUN1,1,3,3,27,GrossPhoto,0.5822636601551006
2025-08-01,Prug,F01_TPC,F01,RUN1,1,4,3,27,Respiration,0.09710485464942187
2025-08-01,Prug,F01_TPC,F01,RUN1,1,4,3,27,NetPhoto,0.2562314283587866
2025-08-01,Prug,F01_TPC,F01,RUN1,1,4,3,27,GrossPhoto,0.35333628300820846
2025-08-01,Peyd,E01_TPC,E01,RUN1,1,5,3,27,Respiration,0.32160223923201203
2025-08-01,Peyd,E01_TPC,E01,RUN1,1,5,3,27,NetPhoto,0.4759712154131951
2025-08-01,Peyd,E01_TPC,E01,RUN1,1,5,3,27,GrossPhoto,0.7975734546452071
2025-08-01,Ahya,J01_TPC,J01,RUN1,1,7,3,27,Respiration,0.1317116602365255
2025-08-01,Ahya,J01_TPC,J01,RUN1,1,7,3,27,NetPhoto,0.22795647522322052
2025-08-01,Ahya,J01_TPC,J01,RUN1,1,7,3,27,GrossPhoto,0.359668135459746
2025-08-01,Tfro,I01_TPC,I01,RUN1,1,8,3,27,Respiration,0.25618525850671353
2025-08-01,Tfro,I01_TPC,I01,RUN1,1,8,3,27,NetPhoto,0.2839361300473411
2025-08-01,Tfro,I01_TPC,I01,RUN1,1,8,3,27,GrossPhoto,0.5401213885540546
2025-08-01,Mvie,B01_TPC,B01,RUN1,1,10,3,27,Respiration,0.17485683261622328
2025-08-01,Mvie,B01_TPC,B01,RUN1,1,10,3,27,NetPhoto,0.2890286149075304
2025-08-01,Mvie,B01_TPC,B01,RUN1,1,10,3,27,GrossPhoto,0.4638854475237537
2025-08-01,Maeq,H01_TPC,H01,RUN1,1,11,3,27,Respiration,0.33423232432918776
2025-08-01,Maeq,H01_TPC,H01,RUN1,1,11,3,27,NetPhoto,0.282532993185088
2025-08-01,Maeq,H01_TPC,H01,RUN1,1,11,3,27,GrossPhoto,0.6167653175142758
2025-08-01,Prus,D01_TPC,D01,RUN1,1,12,3,27,Respiration,0.2488704715161715
2025-08-01,Prus,D01_TPC,D01,RUN1,1,12,3,27,NetPhoto,0.4839550958741973
2025-08-01,Prus,D01_TPC,D01,RUN1,1,12,3,27,GrossPhoto,0.7328255673903689
2025-08-02,Elam,G02_TPC,G02,RUN2,1,1,3,27,Respiration,0.16145491703250014
2025-08-02,Elam,G02_TPC,G02,RUN2,1,1,3,27,NetPhoto,0.3911590898518438
2025-08-02,Elam,G02_TPC,G02,RUN2,1,1,3,27,GrossPhoto,0.5526140068843439
2025-08-02,Peyd,E02_TPC,E02,RUN2,1,2,3,27,Respiration,0.3105439607017884
2025-08-02,Peyd,E02_TPC,E02,RUN2,1,2,3,27,NetPhoto,0.5402441014348556
2025-08-02,Peyd,E02_TPC,E02,RUN2,1,2,3,27,GrossPhoto,0.8507880621366439
2025-08-02,Prug,F04_TPC,F04,RUN2,1,3,3,27,Respiration,0.19754717501684
2025-08-02,Prug,F04_TPC,F04,RUN2,1,3,3,27,NetPhoto,0.42350703000628886
2025-08-02,Prug,F04_TPC,F04,RUN2,1,3,3,27,GrossPhoto,0.6210542050231289
2025-08-02,Prus,D02_TPC,D02,RUN2,1,4,3,27,Respiration,0.22109340584653905
2025-08-02,Prus,D02_TPC,D02,RUN2,1,4,3,27,NetPhoto,0.3358526179183776
2025-08-02,Prus,D02_TPC,D02,RUN2,1,4,3,27,GrossPhoto,0.5569460237649166
2025-08-02,Peye,A02_TPC,A02,RUN2,NA,5,3,27,Respiration,NA
2025-08-02,Peye,A02_TPC,A02,RUN2,NA,5,3,27,NetPhoto,NA
2025-08-02,Peye,A02_TPC,A02,RUN2,NA,5,3,27,GrossPhoto,NA
2025-08-02,Tfro,I02_TPC,I02,RUN2,1,6,3,27,Respiration,0.23826808415974277
2025-08-02,Tfro,I02_TPC,I02,RUN2,1,6,3,27,NetPhoto,0.27036020330595456
2025-08-02,Tfro,I02_TPC,I02,RUN2,1,6,3,27,GrossPhoto,0.5086282874656973
2025-08-02,Fcom,C02_TPC,C02,RUN2,1,8,3,27,Respiration,0.29717795592643215
2025-08-02,Fcom,C02_TPC,C02,RUN2,1,8,3,27,NetPhoto,0.49789188517285643
2025-08-02,Fcom,C02_TPC,C02,RUN2,1,8,3,27,GrossPhoto,0.7950698410992886
2025-08-02,Ahya,J02_TPC,J02,RUN2,1,9,3,27,Respiration,0.15427112286394984
2025-08-02,Ahya,J02_TPC,J02,RUN2,1,9,3,27,NetPhoto,0.3369079313513938
2025-08-02,Ahya,J02_TPC,J02,RUN2,1,9,3,27,GrossPhoto,0.49117905421534364
2025-08-02,Mvie,B02_TPC,B02,RUN2,1,10,3,27,Respiration,0.13656062889305692
2025-08-02,Mvie,B02_TPC,B02,RUN2,1,10,3,27,NetPhoto,0.2571275148535408
2025-08-02,Mvie,B02_TPC,B02,RUN2,1,10,3,27,GrossPhoto,0.3936881437465977
2025-08-02,Maeq,H02_TPC,H02,RUN2,1,12,3,27,Respiration,0.16655622889305396
2025-08-02,Maeq,H02_TPC,H02,RUN2,1,12,3,27,NetPhoto,0.37922074142277734
2025-08-02,Maeq,H02_TPC,H02,RUN2,1,12,3,27,GrossPhoto,0.5457769703158313
2025-08-01,Pcyl,A01_TPC,A01,RUN1,1,1,4,28,Respiration,0.30458977227503164
2025-08-01,Pcyl,A01_TPC,A01,RUN1,1,1,4,28,NetPhoto,0.3978972395282244
2025-08-01,Pcyl,A01_TPC,A01,RUN1,1,1,4,28,GrossPhoto,0.702487011803256
2025-08-01,Elam,G01_TPC,G01,RUN1,1,2,4,28,Respiration,0.17928897880380645
2025-08-01,Elam,G01_TPC,G01,RUN1,1,2,4,28,NetPhoto,0.4460588916691889
2025-08-01,Elam,G01_TPC,G01,RUN1,1,2,4,28,GrossPhoto,0.6253478704729953
2025-08-01,Fcom,C01_TPC,C01,RUN1,1,3,4,28,Respiration,0.18675462675341428
2025-08-01,Fcom,C01_TPC,C01,RUN1,1,3,4,28,NetPhoto,0.4093380197480115
2025-08-01,Fcom,C01_TPC,C01,RUN1,1,3,4,28,GrossPhoto,0.5960926465014258
2025-08-01,Prug,F01_TPC,F01,RUN1,1,4,4,28,Respiration,0.09564133644614725
2025-08-01,Prug,F01_TPC,F01,RUN1,1,4,4,28,NetPhoto,0.27442774532677594
2025-08-01,Prug,F01_TPC,F01,RUN1,1,4,4,28,GrossPhoto,0.3700690817729232
2025-08-01,Peyd,E01_TPC,E01,RUN1,1,5,4,28,Respiration,0.3384394955843205
2025-08-01,Peyd,E01_TPC,E01,RUN1,1,5,4,28,NetPhoto,0.49209468176891535
2025-08-01,Peyd,E01_TPC,E01,RUN1,1,5,4,28,GrossPhoto,0.8305341773532359
2025-08-01,Ahya,J01_TPC,J01,RUN1,1,7,4,28,Respiration,0.14261342964707424
2025-08-01,Ahya,J01_TPC,J01,RUN1,1,7,4,28,NetPhoto,0.245170817392225
2025-08-01,Ahya,J01_TPC,J01,RUN1,1,7,4,28,GrossPhoto,0.38778424703929926
2025-08-01,Tfro,I01_TPC,I01,RUN1,1,8,4,28,Respiration,0.28285018165500736
2025-08-01,Tfro,I01_TPC,I01,RUN1,1,8,4,28,NetPhoto,0.2924542900508745
2025-08-01,Tfro,I01_TPC,I01,RUN1,1,8,4,28,GrossPhoto,0.5753044717058818
2025-08-01,Mvie,B01_TPC,B01,RUN1,1,10,4,28,Respiration,0.15278689683172347
2025-08-01,Mvie,B01_TPC,B01,RUN1,1,10,4,28,NetPhoto,0.28316030928200725
2025-08-01,Mvie,B01_TPC,B01,RUN1,1,10,4,28,GrossPhoto,0.4359472061137307
2025-08-01,Maeq,H01_TPC,H01,RUN1,1,11,4,28,Respiration,0.36369004651987075
2025-08-01,Maeq,H01_TPC,H01,RUN1,1,11,4,28,NetPhoto,0.2659357568045159
2025-08-01,Maeq,H01_TPC,H01,RUN1,1,11,4,28,GrossPhoto,0.6296258033243867
2025-08-01,Prus,D01_TPC,D01,RUN1,1,12,4,28,Respiration,0.2826548692001749
2025-08-01,Prus,D01_TPC,D01,RUN1,1,12,4,28,NetPhoto,0.49210212950410637
2025-08-01,Prus,D01_TPC,D01,RUN1,1,12,4,28,GrossPhoto,0.7747569987042813
2025-08-02,Elam,G02_TPC,G02,RUN2,1,1,4,28,Respiration,0.17175504074427664
2025-08-02,Elam,G02_TPC,G02,RUN2,1,1,4,28,NetPhoto,0.35809174659374515
2025-08-02,Elam,G02_TPC,G02,RUN2,1,1,4,28,GrossPhoto,0.5298467873380218
2025-08-02,Peyd,E02_TPC,E02,RUN2,1,2,4,28,Respiration,0.32597400015985295
2025-08-02,Peyd,E02_TPC,E02,RUN2,1,2,4,28,NetPhoto,0.5627439190594693
2025-08-02,Peyd,E02_TPC,E02,RUN2,1,2,4,28,GrossPhoto,0.8887179192193222
2025-08-02,Prug,F04_TPC,F04,RUN2,1,3,4,28,Respiration,0.22413029104544105
2025-08-02,Prug,F04_TPC,F04,RUN2,1,3,4,28,NetPhoto,0.41035564551380443
2025-08-02,Prug,F04_TPC,F04,RUN2,1,3,4,28,GrossPhoto,0.6344859365592455
2025-08-02,Prus,D02_TPC,D02,RUN2,1,4,4,28,Respiration,0.22849145118762637
2025-08-02,Prus,D02_TPC,D02,RUN2,1,4,4,28,NetPhoto,0.30846820576750494
2025-08-02,Prus,D02_TPC,D02,RUN2,1,4,4,28,GrossPhoto,0.5369596569551314
2025-08-02,Peye,A02_TPC,A02,RUN2,NA,5,4,28,Respiration,NA
2025-08-02,Peye,A02_TPC,A02,RUN2,NA,5,4,28,NetPhoto,NA
2025-08-02,Peye,A02_TPC,A02,RUN2,NA,5,4,28,GrossPhoto,NA
2025-08-02,Tfro,I02_TPC,I02,RUN2,1,6,4,28,Respiration,0.2692609393970866
2025-08-02,Tfro,I02_TPC,I02,RUN2,1,6,4,28,NetPhoto,0.3604350709180723
2025-08-02,Tfro,I02_TPC,I02,RUN2,1,6,4,28,GrossPhoto,0.629696010315159
2025-08-02,Fcom,C02_TPC,C02,RUN2,1,8,4,28,Respiration,0.32177982212675643
2025-08-02,Fcom,C02_TPC,C02,RUN2,1,8,4,28,NetPhoto,0.5009893218921188
2025-08-02,Fcom,C02_TPC,C02,RUN2,1,8,4,28,GrossPhoto,0.8227691440188751
2025-08-02,Ahya,J02_TPC,J02,RUN2,1,9,4,28,Respiration,0.1622639775384126
2025-08-02,Ahya,J02_TPC,J02,RUN2,1,9,4,28,NetPhoto,0.3002912678292664
2025-08-02,Ahya,J02_TPC,J02,RUN2,1,9,4,28,GrossPhoto,0.462555245367679
2025-08-02,Mvie,B02_TPC,B02,RUN2,1,10,4,28,Respiration,0.14280306495747153
2025-08-02,Mvie,B02_TPC,B02,RUN2,1,10,4,28,NetPhoto,0.2801037765920299
2025-08-02,Mvie,B02_TPC,B02,RUN2,1,10,4,28,GrossPhoto,0.4229068415495014
2025-08-02,Maeq,H02_TPC,H02,RUN2,1,12,4,28,Respiration,0.17031077952038212
2025-08-02,Maeq,H02_TPC,H02,RUN2,1,12,4,28,NetPhoto,0.42284598763056974
2025-08-02,Maeq,H02_TPC,H02,RUN2,1,12,4,28,GrossPhoto,0.5931567671509519
2025-08-01,Pcyl,A01_TPC,A01,RUN1,1,1,5,29,Respiration,0.3105841018098942
2025-08-01,Pcyl,A01_TPC,A01,RUN1,1,1,5,29,NetPhoto,0.3962179133711333
2025-08-01,Pcyl,A01_TPC,A01,RUN1,1,1,5,29,GrossPhoto,0.7068020151810275
2025-08-01,Elam,G01_TPC,G01,RUN1,1,2,5,29,Respiration,0.2093054473557307
2025-08-01,Elam,G01_TPC,G01,RUN1,1,2,5,29,NetPhoto,0.4043264162153673
2025-08-01,Elam,G01_TPC,G01,RUN1,1,2,5,29,GrossPhoto,0.613631863571098
2025-08-01,Fcom,C01_TPC,C01,RUN1,1,3,5,29,Respiration,0.23032119295716474
2025-08-01,Fcom,C01_TPC,C01,RUN1,1,3,5,29,NetPhoto,0.4204384444260942
2025-08-01,Fcom,C01_TPC,C01,RUN1,1,3,5,29,GrossPhoto,0.6507596373832589
2025-08-01,Prug,F01_TPC,F01,RUN1,1,4,5,29,Respiration,0.100624023929052
2025-08-01,Prug,F01_TPC,F01,RUN1,1,4,5,29,NetPhoto,0.2591075558041739
2025-08-01,Prug,F01_TPC,F01,RUN1,1,4,5,29,GrossPhoto,0.3597315797332259
2025-08-01,Peyd,E01_TPC,E01,RUN1,1,5,5,29,Respiration,0.3592738782949374
2025-08-01,Peyd,E01_TPC,E01,RUN1,1,5,5,29,NetPhoto,0.5105016158140053
2025-08-01,Peyd,E01_TPC,E01,RUN1,1,5,5,29,GrossPhoto,0.8697754941089427
2025-08-01,Ahya,J01_TPC,J01,RUN1,1,7,5,29,Respiration,0.14331179993543922
2025-08-01,Ahya,J01_TPC,J01,RUN1,1,7,5,29,NetPhoto,0.2394364256154906
2025-08-01,Ahya,J01_TPC,J01,RUN1,1,7,5,29,GrossPhoto,0.3827482255509298
2025-08-01,Tfro,I01_TPC,I01,RUN1,1,8,5,29,Respiration,0.30623668393047654
2025-08-01,Tfro,I01_TPC,I01,RUN1,1,8,5,29,NetPhoto,0.2768664407922083
2025-08-01,Tfro,I01_TPC,I01,RUN1,1,8,5,29,GrossPhoto,0.5831031247226848
2025-08-01,Mvie,B01_TPC,B01,RUN1,1,10,5,29,Respiration,0.20830097416964666
2025-08-01,Mvie,B01_TPC,B01,RUN1,1,10,5,29,NetPhoto,0.32123787115288494
2025-08-01,Mvie,B01_TPC,B01,RUN1,1,10,5,29,GrossPhoto,0.5295388453225316
2025-08-01,Maeq,H01_TPC,H01,RUN1,1,11,5,29,Respiration,0.38653620848039294
2025-08-01,Maeq,H01_TPC,H01,RUN1,1,11,5,29,NetPhoto,0.253967232298005
2025-08-01,Maeq,H01_TPC,H01,RUN1,1,11,5,29,GrossPhoto,0.6405034407783979
2025-08-01,Prus,D01_TPC,D01,RUN1,1,12,5,29,Respiration,0.30065187999051496
2025-08-01,Prus,D01_TPC,D01,RUN1,1,12,5,29,NetPhoto,0.4837871671506997
2025-08-01,Prus,D01_TPC,D01,RUN1,1,12,5,29,GrossPhoto,0.7844390471412146
2025-08-02,Elam,G02_TPC,G02,RUN2,1,1,5,29,Respiration,0.19319188957934305
2025-08-02,Elam,G02_TPC,G02,RUN2,1,1,5,29,NetPhoto,0.35359867312197674
2025-08-02,Elam,G02_TPC,G02,RUN2,1,1,5,29,GrossPhoto,0.5467905627013198
2025-08-02,Peyd,E02_TPC,E02,RUN2,1,2,5,29,Respiration,0.33923635853310335
2025-08-02,Peyd,E02_TPC,E02,RUN2,1,2,5,29,NetPhoto,0.5793845125025882
2025-08-02,Peyd,E02_TPC,E02,RUN2,1,2,5,29,GrossPhoto,0.9186208710356916
2025-08-02,Prug,F04_TPC,F04,RUN2,1,3,5,29,Respiration,0.22808558384267555
2025-08-02,Prug,F04_TPC,F04,RUN2,1,3,5,29,NetPhoto,0.39738892861680963
2025-08-02,Prug,F04_TPC,F04,RUN2,1,3,5,29,GrossPhoto,0.6254745124594852
2025-08-02,Prus,D02_TPC,D02,RUN2,1,4,5,29,Respiration,0.2529001596504495
2025-08-02,Prus,D02_TPC,D02,RUN2,1,4,5,29,NetPhoto,0.34029294268484844
2025-08-02,Prus,D02_TPC,D02,RUN2,1,4,5,29,GrossPhoto,0.5931931023352979
2025-08-02,Peye,A02_TPC,A02,RUN2,NA,5,5,29,Respiration,NA
2025-08-02,Peye,A02_TPC,A02,RUN2,NA,5,5,29,NetPhoto,NA
2025-08-02,Peye,A02_TPC,A02,RUN2,NA,5,5,29,GrossPhoto,NA
2025-08-02,Tfro,I02_TPC,I02,RUN2,1,6,5,29,Respiration,0.2744784742132006
2025-08-02,Tfro,I02_TPC,I02,RUN2,1,6,5,29,NetPhoto,0.3595322625387146
2025-08-02,Tfro,I02_TPC,I02,RUN2,1,6,5,29,GrossPhoto,0.6340107367519152
2025-08-02,Fcom,C02_TPC,C02,RUN2,1,8,5,29,Respiration,0.3063073735900807
2025-08-02,Fcom,C02_TPC,C02,RUN2,1,8,5,29,NetPhoto,0.46142482636483395
2025-08-02,Fcom,C02_TPC,C02,RUN2,1,8,5,29,GrossPhoto,0.7677321999549147
2025-08-02,Ahya,J02_TPC,J02,RUN2,1,9,5,29,Respiration,0.1756844419093676
2025-08-02,Ahya,J02_TPC,J02,RUN2,1,9,5,29,NetPhoto,0.27189304472711695
2025-08-02,Ahya,J02_TPC,J02,RUN2,1,9,5,29,GrossPhoto,0.44757748663648456
2025-08-02,Mvie,B02_TPC,B02,RUN2,1,10,5,29,Respiration,0.16145969782991693
2025-08-02,Mvie,B02_TPC,B02,RUN2,1,10,5,29,NetPhoto,0.2723311857789217
2025-08-02,Mvie,B02_TPC,B02,RUN2,1,10,5,29,GrossPhoto,0.4337908836088386
2025-08-02,Maeq,H02_TPC,H02,RUN2,1,12,5,29,Respiration,0.2021987628465593
2025-08-02,Maeq,H02_TPC,H02,RUN2,1,12,5,29,NetPhoto,0.3845211216501926
2025-08-02,Maeq,H02_TPC,H02,RUN2,1,12,5,29,GrossPhoto,0.5867198844967518
2025-08-01,Pcyl,A01_TPC,A01,RUN1,1,1,6,30,Respiration,0.3326009930784454
2025-08-01,Pcyl,A01_TPC,A01,RUN1,1,1,6,30,NetPhoto,0.3978486713885683
2025-08-01,Pcyl,A01_TPC,A01,RUN1,1,1,6,30,GrossPhoto,0.7304496644670136
2025-08-01,Elam,G01_TPC,G01,RUN1,1,2,6,30,Respiration,0.22939606842017785
2025-08-01,Elam,G01_TPC,G01,RUN1,1,2,6,30,NetPhoto,0.39199034469248434
2025-08-01,Elam,G01_TPC,G01,RUN1,1,2,6,30,GrossPhoto,0.6213864131126622
2025-08-01,Fcom,C01_TPC,C01,RUN1,1,3,6,30,Respiration,0.24164285625809234
2025-08-01,Fcom,C01_TPC,C01,RUN1,1,3,6,30,NetPhoto,0.4090497604187763
2025-08-01,Fcom,C01_TPC,C01,RUN1,1,3,6,30,GrossPhoto,0.6506926166768686
2025-08-01,Prug,F01_TPC,F01,RUN1,1,4,6,30,Respiration,0.11646709666289923
2025-08-01,Prug,F01_TPC,F01,RUN1,1,4,6,30,NetPhoto,0.24897366604256335
2025-08-01,Prug,F01_TPC,F01,RUN1,1,4,6,30,GrossPhoto,0.36544076270546255
2025-08-01,Peyd,E01_TPC,E01,RUN1,1,5,6,30,Respiration,0.37749713924251727
2025-08-01,Peyd,E01_TPC,E01,RUN1,1,5,6,30,NetPhoto,0.48039823521757274
2025-08-01,Peyd,E01_TPC,E01,RUN1,1,5,6,30,GrossPhoto,0.85789537446009
2025-08-01,Ahya,J01_TPC,J01,RUN1,1,7,6,30,Respiration,0.16355201134783676
2025-08-01,Ahya,J01_TPC,J01,RUN1,1,7,6,30,NetPhoto,0.26113612758102644
2025-08-01,Ahya,J01_TPC,J01,RUN1,1,7,6,30,GrossPhoto,0.4246881389288632
2025-08-01,Tfro,I01_TPC,I01,RUN1,1,8,6,30,Respiration,0.31984928530096973
2025-08-01,Tfro,I01_TPC,I01,RUN1,1,8,6,30,NetPhoto,0.25799006698436505
2025-08-01,Tfro,I01_TPC,I01,RUN1,1,8,6,30,GrossPhoto,0.5778393522853348
2025-08-01,Mvie,B01_TPC,B01,RUN1,1,10,6,30,Respiration,0.21965441236453312
2025-08-01,Mvie,B01_TPC,B01,RUN1,1,10,6,30,NetPhoto,0.33398245866170895
2025-08-01,Mvie,B01_TPC,B01,RUN1,1,10,6,30,GrossPhoto,0.553636871026242
2025-08-01,Maeq,H01_TPC,H01,RUN1,1,11,6,30,Respiration,0.3959455838047921
2025-08-01,Maeq,H01_TPC,H01,RUN1,1,11,6,30,NetPhoto,0.27590015537676044
2025-08-01,Maeq,H01_TPC,H01,RUN1,1,11,6,30,GrossPhoto,0.6718457391815525
2025-08-01,Prus,D01_TPC,D01,RUN1,1,12,6,30,Respiration,0.3505923380261843
2025-08-01,Prus,D01_TPC,D01,RUN1,1,12,6,30,NetPhoto,0.5297237975562126
2025-08-01,Prus,D01_TPC,D01,RUN1,1,12,6,30,GrossPhoto,0.8803161355823969
2025-08-02,Elam,G02_TPC,G02,RUN2,1,1,6,30,Respiration,0.2036540410120269
2025-08-02,Elam,G02_TPC,G02,RUN2,1,1,6,30,NetPhoto,0.330354415481578
2025-08-02,Elam,G02_TPC,G02,RUN2,1,1,6,30,GrossPhoto,0.534008456493605
2025-08-02,Peyd,E02_TPC,E02,RUN2,1,2,6,30,Respiration,0.36611484496425517
2025-08-02,Peyd,E02_TPC,E02,RUN2,1,2,6,30,NetPhoto,0.5687350804744058
2025-08-02,Peyd,E02_TPC,E02,RUN2,1,2,6,30,GrossPhoto,0.934849925438661
2025-08-02,Prug,F04_TPC,F04,RUN2,1,3,6,30,Respiration,0.24863156561641894
2025-08-02,Prug,F04_TPC,F04,RUN2,1,3,6,30,NetPhoto,0.3882225351782369
2025-08-02,Prug,F04_TPC,F04,RUN2,1,3,6,30,GrossPhoto,0.6368541007946559
2025-08-02,Prus,D02_TPC,D02,RUN2,1,4,6,30,Respiration,0.2735022935506084
2025-08-02,Prus,D02_TPC,D02,RUN2,1,4,6,30,NetPhoto,0.29455517802849274
2025-08-02,Prus,D02_TPC,D02,RUN2,1,4,6,30,GrossPhoto,0.5680574715791011
2025-08-02,Peye,A02_TPC,A02,RUN2,NA,5,6,30,Respiration,NA
2025-08-02,Peye,A02_TPC,A02,RUN2,NA,5,6,30,NetPhoto,NA
2025-08-02,Peye,A02_TPC,A02,RUN2,NA,5,6,30,GrossPhoto,NA
2025-08-02,Tfro,I02_TPC,I02,RUN2,1,6,6,30,Respiration,0.29096046299868084
2025-08-02,Tfro,I02_TPC,I02,RUN2,1,6,6,30,NetPhoto,0.32199644826947477
2025-08-02,Tfro,I02_TPC,I02,RUN2,1,6,6,30,GrossPhoto,0.6129569112681557
2025-08-02,Fcom,C02_TPC,C02,RUN2,1,8,6,30,Respiration,0.3458912668843154
2025-08-02,Fcom,C02_TPC,C02,RUN2,1,8,6,30,NetPhoto,0.46608992166405466
2025-08-02,Fcom,C02_TPC,C02,RUN2,1,8,6,30,GrossPhoto,0.8119811885483701
2025-08-02,Ahya,J02_TPC,J02,RUN2,1,9,6,30,Respiration,0.1933045744017459
2025-08-02,Ahya,J02_TPC,J02,RUN2,1,9,6,30,NetPhoto,0.2607814311292181
2025-08-02,Ahya,J02_TPC,J02,RUN2,1,9,6,30,GrossPhoto,0.454086005530964
2025-08-02,Mvie,B02_TPC,B02,RUN2,1,10,6,30,Respiration,0.16673486429262852
2025-08-02,Mvie,B02_TPC,B02,RUN2,1,10,6,30,NetPhoto,0.270059162087912
2025-08-02,Mvie,B02_TPC,B02,RUN2,1,10,6,30,GrossPhoto,0.4367940263805405
2025-08-02,Maeq,H02_TPC,H02,RUN2,1,12,6,30,Respiration,0.19678797168477283
2025-08-02,Maeq,H02_TPC,H02,RUN2,1,12,6,30,NetPhoto,0.40923342113374533
2025-08-02,Maeq,H02_TPC,H02,RUN2,1,12,6,30,GrossPhoto,0.6060213928185182
2025-08-01,Pcyl,A01_TPC,A01,RUN1,1,1,7,31,Respiration,0.31544174123284435
2025-08-01,Pcyl,A01_TPC,A01,RUN1,1,1,7,31,NetPhoto,0.3673146864667387
2025-08-01,Pcyl,A01_TPC,A01,RUN1,1,1,7,31,GrossPhoto,0.682756427699583
2025-08-01,Elam,G01_TPC,G01,RUN1,1,2,7,31,Respiration,0.23697429585469232
2025-08-01,Elam,G01_TPC,G01,RUN1,1,2,7,31,NetPhoto,0.3596584589371738
2025-08-01,Elam,G01_TPC,G01,RUN1,1,2,7,31,GrossPhoto,0.5966327547918662
2025-08-01,Fcom,C01_TPC,C01,RUN1,1,3,7,31,Respiration,0.2424448716493918
2025-08-01,Fcom,C01_TPC,C01,RUN1,1,3,7,31,NetPhoto,0.38584036829268414
2025-08-01,Fcom,C01_TPC,C01,RUN1,1,3,7,31,GrossPhoto,0.628285239942076
2025-08-01,Prug,F01_TPC,F01,RUN1,1,4,7,31,Respiration,0.11500225668559688
2025-08-01,Prug,F01_TPC,F01,RUN1,1,4,7,31,NetPhoto,0.23194772763232685
2025-08-01,Prug,F01_TPC,F01,RUN1,1,4,7,31,GrossPhoto,0.34694998431792373
2025-08-01,Peyd,E01_TPC,E01,RUN1,1,5,7,31,Respiration,0.40673950392728575
2025-08-01,Peyd,E01_TPC,E01,RUN1,1,5,7,31,NetPhoto,0.44480660984468273
2025-08-01,Peyd,E01_TPC,E01,RUN1,1,5,7,31,GrossPhoto,0.8515461137719684
2025-08-01,Ahya,J01_TPC,J01,RUN1,1,7,7,31,Respiration,0.17050204337188418
2025-08-01,Ahya,J01_TPC,J01,RUN1,1,7,7,31,NetPhoto,0.2160435804452378
2025-08-01,Ahya,J01_TPC,J01,RUN1,1,7,7,31,GrossPhoto,0.386545623817122
2025-08-01,Tfro,I01_TPC,I01,RUN1,1,8,7,31,Respiration,0.32619875832933626
2025-08-01,Tfro,I01_TPC,I01,RUN1,1,8,7,31,NetPhoto,0.25989981103134163
2025-08-01,Tfro,I01_TPC,I01,RUN1,1,8,7,31,GrossPhoto,0.586098569360678
2025-08-01,Mvie,B01_TPC,B01,RUN1,1,10,7,31,Respiration,0.23741501354140016
2025-08-01,Mvie,B01_TPC,B01,RUN1,1,10,7,31,NetPhoto,0.27413789100303837
2025-08-01,Mvie,B01_TPC,B01,RUN1,1,10,7,31,GrossPhoto,0.5115529045444385
2025-08-01,Maeq,H01_TPC,H01,RUN1,1,11,7,31,Respiration,0.40801814695123106
2025-08-01,Maeq,H01_TPC,H01,RUN1,1,11,7,31,NetPhoto,0.23884965198736904
2025-08-01,Maeq,H01_TPC,H01,RUN1,1,11,7,31,GrossPhoto,0.6468677989386001
2025-08-01,Prus,D01_TPC,D01,RUN1,1,12,7,31,Respiration,0.3683373828753483
2025-08-01,Prus,D01_TPC,D01,RUN1,1,12,7,31,NetPhoto,0.4489689265222418
2025-08-01,Prus,D01_TPC,D01,RUN1,1,12,7,31,GrossPhoto,0.8173063093975901
2025-08-02,Elam,G02_TPC,G02,RUN2,1,1,7,31,Respiration,0.21177384969225144
2025-08-02,Elam,G02_TPC,G02,RUN2,1,1,7,31,NetPhoto,0.329603864105949
2025-08-02,Elam,G02_TPC,G02,RUN2,1,1,7,31,GrossPhoto,0.5413777137982004
2025-08-02,Peyd,E02_TPC,E02,RUN2,1,2,7,31,Respiration,0.37991409858802644
2025-08-02,Peyd,E02_TPC,E02,RUN2,1,2,7,31,NetPhoto,0.4861727660089768
2025-08-02,Peyd,E02_TPC,E02,RUN2,1,2,7,31,GrossPhoto,0.8660868645970032
2025-08-02,Prug,F04_TPC,F04,RUN2,1,3,7,31,Respiration,0.2631280547433657
2025-08-02,Prug,F04_TPC,F04,RUN2,1,3,7,31,NetPhoto,0.3834923175915918
2025-08-02,Prug,F04_TPC,F04,RUN2,1,3,7,31,GrossPhoto,0.6466203723349575
2025-08-02,Prus,D02_TPC,D02,RUN2,1,4,7,31,Respiration,0.2984233740219602
2025-08-02,Prus,D02_TPC,D02,RUN2,1,4,7,31,NetPhoto,0.2574386789480454
2025-08-02,Prus,D02_TPC,D02,RUN2,1,4,7,31,GrossPhoto,0.5558620529700056
2025-08-02,Peye,A02_TPC,A02,RUN2,NA,5,7,31,Respiration,NA
2025-08-02,Peye,A02_TPC,A02,RUN2,NA,5,7,31,NetPhoto,NA
2025-08-02,Peye,A02_TPC,A02,RUN2,NA,5,7,31,GrossPhoto,NA
2025-08-02,Tfro,I02_TPC,I02,RUN2,1,6,7,31,Respiration,0.28860122952089684
2025-08-02,Tfro,I02_TPC,I02,RUN2,1,6,7,31,NetPhoto,0.34424554147675135
2025-08-02,Tfro,I02_TPC,I02,RUN2,1,6,7,31,GrossPhoto,0.6328467709976482
2025-08-02,Fcom,C02_TPC,C02,RUN2,1,8,7,31,Respiration,0.3562997016673009
2025-08-02,Fcom,C02_TPC,C02,RUN2,1,8,7,31,NetPhoto,0.4845030802671101
2025-08-02,Fcom,C02_TPC,C02,RUN2,1,8,7,31,GrossPhoto,0.840802781934411
2025-08-02,Ahya,J02_TPC,J02,RUN2,1,9,7,31,Respiration,0.19952194827585795
2025-08-02,Ahya,J02_TPC,J02,RUN2,1,9,7,31,NetPhoto,0.21854915484563123
2025-08-02,Ahya,J02_TPC,J02,RUN2,1,9,7,31,GrossPhoto,0.4180711031214892
2025-08-02,Mvie,B02_TPC,B02,RUN2,1,10,7,31,Respiration,0.18487063243652985
2025-08-02,Mvie,B02_TPC,B02,RUN2,1,10,7,31,NetPhoto,0.24256792244901676
2025-08-02,Mvie,B02_TPC,B02,RUN2,1,10,7,31,GrossPhoto,0.4274385548855466
2025-08-02,Maeq,H02_TPC,H02,RUN2,1,12,7,31,Respiration,0.20224347418174315
2025-08-02,Maeq,H02_TPC,H02,RUN2,1,12,7,31,NetPhoto,0.3281850633062719
2025-08-02,Maeq,H02_TPC,H02,RUN2,1,12,7,31,GrossPhoto,0.5304285374880151
2025-08-01,Pcyl,A01_TPC,A01,RUN1,1,1,8,32,Respiration,0.36652264411399954
2025-08-01,Pcyl,A01_TPC,A01,RUN1,1,1,8,32,NetPhoto,0.3544619822698323
2025-08-01,Pcyl,A01_TPC,A01,RUN1,1,1,8,32,GrossPhoto,0.7209846263838318
2025-08-01,Elam,G01_TPC,G01,RUN1,1,2,8,32,Respiration,0.261959374070846
2025-08-01,Elam,G01_TPC,G01,RUN1,1,2,8,32,NetPhoto,0.3132292399252186
2025-08-01,Elam,G01_TPC,G01,RUN1,1,2,8,32,GrossPhoto,0.5751886139960647
2025-08-01,Fcom,C01_TPC,C01,RUN1,1,3,8,32,Respiration,0.24700047968380529
2025-08-01,Fcom,C01_TPC,C01,RUN1,1,3,8,32,NetPhoto,0.3490709448803925
2025-08-01,Fcom,C01_TPC,C01,RUN1,1,3,8,32,GrossPhoto,0.5960714245641978
2025-08-01,Prug,F01_TPC,F01,RUN1,1,4,8,32,Respiration,0.11471864405181183
2025-08-01,Prug,F01_TPC,F01,RUN1,1,4,8,32,NetPhoto,0.21192239087341935
2025-08-01,Prug,F01_TPC,F01,RUN1,1,4,8,32,GrossPhoto,0.32664103492523117
2025-08-01,Peyd,E01_TPC,E01,RUN1,1,5,8,32,Respiration,0.41728961963232664
2025-08-01,Peyd,E01_TPC,E01,RUN1,1,5,8,32,NetPhoto,0.3921157309629986
2025-08-01,Peyd,E01_TPC,E01,RUN1,1,5,8,32,GrossPhoto,0.8094053505953253
2025-08-01,Ahya,J01_TPC,J01,RUN1,1,7,8,32,Respiration,0.1811047986158032
2025-08-01,Ahya,J01_TPC,J01,RUN1,1,7,8,32,NetPhoto,0.20358256170467848
2025-08-01,Ahya,J01_TPC,J01,RUN1,1,7,8,32,GrossPhoto,0.3846873603204817
2025-08-01,Tfro,I01_TPC,I01,RUN1,1,8,8,32,Respiration,0.36707638979239926
2025-08-01,Tfro,I01_TPC,I01,RUN1,1,8,8,32,NetPhoto,0.20296012987897702
2025-08-01,Tfro,I01_TPC,I01,RUN1,1,8,8,32,GrossPhoto,0.5700365196713763
2025-08-01,Mvie,B01_TPC,B01,RUN1,1,10,8,32,Respiration,0.24533540997195982
2025-08-01,Mvie,B01_TPC,B01,RUN1,1,10,8,32,NetPhoto,0.27576585574770507
2025-08-01,Mvie,B01_TPC,B01,RUN1,1,10,8,32,GrossPhoto,0.5211012657196649
2025-08-01,Maeq,H01_TPC,H01,RUN1,1,11,8,32,Respiration,0.43412694225453347
2025-08-01,Maeq,H01_TPC,H01,RUN1,1,11,8,32,NetPhoto,0.21078169900703264
2025-08-01,Maeq,H01_TPC,H01,RUN1,1,11,8,32,GrossPhoto,0.6449086412615661
2025-08-01,Prus,D01_TPC,D01,RUN1,1,12,8,32,Respiration,0.38050281565218386
2025-08-01,Prus,D01_TPC,D01,RUN1,1,12,8,32,NetPhoto,0.38395838930289783
2025-08-01,Prus,D01_TPC,D01,RUN1,1,12,8,32,GrossPhoto,0.7644612049550816
2025-08-02,Elam,G02_TPC,G02,RUN2,1,1,8,32,Respiration,0.21466438863630788
2025-08-02,Elam,G02_TPC,G02,RUN2,1,1,8,32,NetPhoto,0.3053441588394331
2025-08-02,Elam,G02_TPC,G02,RUN2,1,1,8,32,GrossPhoto,0.520008547475741
2025-08-02,Peyd,E02_TPC,E02,RUN2,1,2,8,32,Respiration,0.41001234865700187
2025-08-02,Peyd,E02_TPC,E02,RUN2,1,2,8,32,NetPhoto,0.4299965239599774
2025-08-02,Peyd,E02_TPC,E02,RUN2,1,2,8,32,GrossPhoto,0.8400088726169792
2025-08-02,Prug,F04_TPC,F04,RUN2,1,3,8,32,Respiration,0.2671554334228563
2025-08-02,Prug,F04_TPC,F04,RUN2,1,3,8,32,NetPhoto,0.3237501689584379
2025-08-02,Prug,F04_TPC,F04,RUN2,1,3,8,32,GrossPhoto,0.5909056023812942
2025-08-02,Prus,D02_TPC,D02,RUN2,1,4,8,32,Respiration,0.30133479049565187
2025-08-02,Prus,D02_TPC,D02,RUN2,1,4,8,32,NetPhoto,0.2638722449509959
2025-08-02,Prus,D02_TPC,D02,RUN2,1,4,8,32,GrossPhoto,0.5652070354466479
2025-08-02,Peye,A02_TPC,A02,RUN2,NA,5,8,32,Respiration,NA
2025-08-02,Peye,A02_TPC,A02,RUN2,NA,5,8,32,NetPhoto,NA
2025-08-02,Peye,A02_TPC,A02,RUN2,NA,5,8,32,GrossPhoto,NA
2025-08-02,Tfro,I02_TPC,I02,RUN2,1,6,8,32,Respiration,0.293934688110762
2025-08-02,Tfro,I02_TPC,I02,RUN2,1,6,8,32,NetPhoto,0.32653059110484206
2025-08-02,Tfro,I02_TPC,I02,RUN2,1,6,8,32,GrossPhoto,0.620465279215604
2025-08-02,Fcom,C02_TPC,C02,RUN2,1,8,8,32,Respiration,0.35549676251577517
2025-08-02,Fcom,C02_TPC,C02,RUN2,1,8,8,32,NetPhoto,0.4521680848436589
2025-08-02,Fcom,C02_TPC,C02,RUN2,1,8,8,32,GrossPhoto,0.8076648473594341
2025-08-02,Ahya,J02_TPC,J02,RUN2,1,9,8,32,Respiration,0.1981645448010727
2025-08-02,Ahya,J02_TPC,J02,RUN2,1,9,8,32,NetPhoto,0.18298551935050783
2025-08-02,Ahya,J02_TPC,J02,RUN2,1,9,8,32,GrossPhoto,0.38115006415158054
2025-08-02,Mvie,B02_TPC,B02,RUN2,1,10,8,32,Respiration,0.1844828302288774
2025-08-02,Mvie,B02_TPC,B02,RUN2,1,10,8,32,NetPhoto,0.22240053615978417
2025-08-02,Mvie,B02_TPC,B02,RUN2,1,10,8,32,GrossPhoto,0.40688336638866157
2025-08-02,Maeq,H02_TPC,H02,RUN2,1,12,8,32,Respiration,0.15476708811855114
2025-08-02,Maeq,H02_TPC,H02,RUN2,1,12,8,32,NetPhoto,0.3215764007734334
2025-08-02,Maeq,H02_TPC,H02,RUN2,1,12,8,32,GrossPhoto,0.4763434888919845
2025-08-01,Pcyl,A01_TPC,A01,RUN1,1,1,9,34,Respiration,0.364372635338585
2025-08-01,Pcyl,A01_TPC,A01,RUN1,1,1,9,34,NetPhoto,0.18781198624605086
2025-08-01,Pcyl,A01_TPC,A01,RUN1,1,1,9,34,GrossPhoto,0.5521846215846359
2025-08-01,Elam,G01_TPC,G01,RUN1,1,2,9,34,Respiration,0.24402405529700438
2025-08-01,Elam,G01_TPC,G01,RUN1,1,2,9,34,NetPhoto,0.2522952830835083
2025-08-01,Elam,G01_TPC,G01,RUN1,1,2,9,34,GrossPhoto,0.4963193383805127
2025-08-01,Fcom,C01_TPC,C01,RUN1,1,3,9,34,Respiration,0.26645390059057844
2025-08-01,Fcom,C01_TPC,C01,RUN1,1,3,9,34,NetPhoto,0.24873254358771044
2025-08-01,Fcom,C01_TPC,C01,RUN1,1,3,9,34,GrossPhoto,0.5151864441782888
2025-08-01,Prug,F01_TPC,F01,RUN1,1,4,9,34,Respiration,0.11717556966512928
2025-08-01,Prug,F01_TPC,F01,RUN1,1,4,9,34,NetPhoto,0.16724310967155206
2025-08-01,Prug,F01_TPC,F01,RUN1,1,4,9,34,GrossPhoto,0.28441867933668136
2025-08-01,Peyd,E01_TPC,E01,RUN1,1,5,9,34,Respiration,0.4580407514833102
2025-08-01,Peyd,E01_TPC,E01,RUN1,1,5,9,34,NetPhoto,0.34675351531631693
2025-08-01,Peyd,E01_TPC,E01,RUN1,1,5,9,34,GrossPhoto,0.8047942667996271
2025-08-01,Ahya,J01_TPC,J01,RUN1,1,7,9,34,Respiration,0.1980374853187938
2025-08-01,Ahya,J01_TPC,J01,RUN1,1,7,9,34,NetPhoto,0.1526078333440375
2025-08-01,Ahya,J01_TPC,J01,RUN1,1,7,9,34,GrossPhoto,0.35064531866283133
2025-08-01,Tfro,I01_TPC,I01,RUN1,1,8,9,34,Respiration,0.3649457202304368
2025-08-01,Tfro,I01_TPC,I01,RUN1,1,8,9,34,NetPhoto,0.16781845019035144
2025-08-01,Tfro,I01_TPC,I01,RUN1,1,8,9,34,GrossPhoto,0.5327641704207883
2025-08-01,Mvie,B01_TPC,B01,RUN1,1,10,9,34,Respiration,0.25191008232403145
2025-08-01,Mvie,B01_TPC,B01,RUN1,1,10,9,34,NetPhoto,0.17441520378442765
2025-08-01,Mvie,B01_TPC,B01,RUN1,1,10,9,34,GrossPhoto,0.4263252861084591
2025-08-01,Maeq,H01_TPC,H01,RUN1,1,11,9,34,Respiration,0.39712543228428543
2025-08-01,Maeq,H01_TPC,H01,RUN1,1,11,9,34,NetPhoto,0.14273792469924723
2025-08-01,Maeq,H01_TPC,H01,RUN1,1,11,9,34,GrossPhoto,0.5398633569835327
2025-08-01,Prus,D01_TPC,D01,RUN1,1,12,9,34,Respiration,0.4247796222053798
2025-08-01,Prus,D01_TPC,D01,RUN1,1,12,9,34,NetPhoto,0.3156064763608217
2025-08-01,Prus,D01_TPC,D01,RUN1,1,12,9,34,GrossPhoto,0.7403860985662014
2025-08-02,Elam,G02_TPC,G02,RUN2,1,1,9,34,Respiration,0.21221774235216537
2025-08-02,Elam,G02_TPC,G02,RUN2,1,1,9,34,NetPhoto,0.23377411350844438
2025-08-02,Elam,G02_TPC,G02,RUN2,1,1,9,34,GrossPhoto,0.44599185586060974
2025-08-02,Peyd,E02_TPC,E02,RUN2,1,2,9,34,Respiration,0.4182176072170266
2025-08-02,Peyd,E02_TPC,E02,RUN2,1,2,9,34,NetPhoto,0.4045619500202183
2025-08-02,Peyd,E02_TPC,E02,RUN2,1,2,9,34,GrossPhoto,0.8227795572372449
2025-08-02,Prug,F04_TPC,F04,RUN2,1,3,9,34,Respiration,0.2933521728344484
2025-08-02,Prug,F04_TPC,F04,RUN2,1,3,9,34,NetPhoto,0.18555823557556642
2025-08-02,Prug,F04_TPC,F04,RUN2,1,3,9,34,GrossPhoto,0.47891040841001487
2025-08-02,Prus,D02_TPC,D02,RUN2,1,4,9,34,Respiration,0.32349995697234124
2025-08-02,Prus,D02_TPC,D02,RUN2,1,4,9,34,NetPhoto,0.16709382390779723
2025-08-02,Prus,D02_TPC,D02,RUN2,1,4,9,34,GrossPhoto,0.4905937808801385
2025-08-02,Peye,A02_TPC,A02,RUN2,NA,5,9,34,Respiration,NA
2025-08-02,Peye,A02_TPC,A02,RUN2,NA,5,9,34,NetPhoto,NA
2025-08-02,Peye,A02_TPC,A02,RUN2,NA,5,9,34,GrossPhoto,NA
2025-08-02,Tfro,I02_TPC,I02,RUN2,1,6,9,34,Respiration,0.30121835411312414
2025-08-02,Tfro,I02_TPC,I02,RUN2,1,6,9,34,NetPhoto,0.2702325816135103
2025-08-02,Tfro,I02_TPC,I02,RUN2,1,6,9,34,GrossPhoto,0.5714509357266344
2025-08-02,Fcom,C02_TPC,C02,RUN2,1,8,9,34,Respiration,0.3875131226920108
2025-08-02,Fcom,C02_TPC,C02,RUN2,1,8,9,34,NetPhoto,0.3082704110158132
2025-08-02,Fcom,C02_TPC,C02,RUN2,1,8,9,34,GrossPhoto,0.695783533707824
2025-08-02,Ahya,J02_TPC,J02,RUN2,1,9,9,34,Respiration,0.20829343101524037
2025-08-02,Ahya,J02_TPC,J02,RUN2,1,9,9,34,NetPhoto,0.13776276839409862
2025-08-02,Ahya,J02_TPC,J02,RUN2,1,9,9,34,GrossPhoto,0.34605619940933896
2025-08-02,Mvie,B02_TPC,B02,RUN2,1,10,9,34,Respiration,0.19207562991219554
2025-08-02,Mvie,B02_TPC,B02,RUN2,1,10,9,34,NetPhoto,0.15164426104175815
2025-08-02,Mvie,B02_TPC,B02,RUN2,1,10,9,34,GrossPhoto,0.3437198909539537
2025-08-02,Maeq,H02_TPC,H02,RUN2,1,12,9,34,Respiration,0.20063350118792433
2025-08-02,Maeq,H02_TPC,H02,RUN2,1,12,9,34,NetPhoto,0.22568364632899762
2025-08-02,Maeq,H02_TPC,H02,RUN2,1,12,9,34,GrossPhoto,0.42631714751692196
