PR,frag_ID,temp_c_value,.fitted,sample_ID,species_ID,weight_g,volume_mL,SA_cm2,species,full_species
Respiration,A01,24.5,0.4517828681896246,A01_TPC,A,1,463,24.72486281,Pcyl,Porites cylindrica
Respiration,A01,26,0.5112741024483239,A01_TPC,A,1,463,24.72486281,Pcyl,Porites cylindrica
Respiration,A01,27,0.5508417752135408,A01_TPC,A,1,463,24.72486281,Pcyl,Porites cylindrica
Respiration,A01,28,0.5892427139643119,A01_TPC,A,1,463,24.72486281,Pcyl,Porites cylindrica
Respiration,A01,29,0.6254053469174968,A01_TPC,A,1,463,24.72486281,Pcyl,Porites cylindrica
Respiration,A01,30,0.6581981683559992,A01_TPC,A,1,463,24.72486281,Pcyl,Porites cylindrica
Respiration,A01,31,0.6865069612220733,A01_TPC,A,1,463,24.72486281,Pcyl,Porites cylindrica
Respiration,A01,32,0.7093249551745098,A01_TPC,A,1,463,24.72486281,Pcyl,Porites cylindrica
Respiration,A01,34,0.7355295167572137,A01_TPC,A,1,463,24.72486281,Pcyl,Porites cylindrica
Respiration,G01,24.5,0.3285794049812849,G01_TPC,G,1,460,20.38296944,Elam,Echinopora lamellosa
Respiration,G01,26,0.3874434146589807,G01_TPC,G,1,460,20.38296944,Elam,Echinopora lamellosa
Respiration,G01,27,0.4284134748661439,G01_TPC,G,1,460,20.38296944,Elam,Echinopora lamellosa
Respiration,G01,28,0.4694855336426584,G01_TPC,G,1,460,20.38296944,Elam,Echinopora lamellosa
Respiration,G01,29,0.5091989938096124,G01_TPC,G,1,460,20.38296944,Elam,Echinopora lamellosa
Respiration,G01,30,0.545830423982737,G01_TPC,G,1,460,20.38296944,Elam,Echinopora lamellosa
Respiration,G01,31,0.577523466872911,G01_TPC,G,1,460,20.38296944,Elam,Echinopora lamellosa
Respiration,G01,32,0.6024854440646012,G01_TPC,G,1,460,20.38296944,Elam,Echinopora lamellosa
Respiration,G01,34,0.6267617412933314,G01_TPC,G,1,460,20.38296944,Elam,Echinopora lamellosa
Respiration,H01,24.5,0.4063462976232296,H01_TPC,H,1,461,32.84078989,Maeq,Montipora aequituberculata
Respiration,H01,26,0.46768785833133714,H01_TPC,H,1,461,32.84078989,Maeq,Montipora aequituberculata
Respiration,H01,27,0.5088453063088162,H01_TPC,H,1,461,32.84078989,Maeq,Montipora aequituberculata
Respiration,H01,28,0.5481711072961772,H01_TPC,H,1,461,32.84078989,Maeq,Montipora aequituberculata
Respiration,H01,29,0.5832704203216517,H01_TPC,H,1,461,32.84078989,Maeq,Montipora aequituberculata
Respiration,H01,30,0.6112809905798027,H01_TPC,H,1,461,32.84078989,Maeq,Montipora aequituberculata
Respiration,H01,31,0.6291787570319961,H01_TPC,H,1,461,32.84078989,Maeq,Montipora aequituberculata
Respiration,H01,32,0.6342968662943723,H01_TPC,H,1,461,32.84078989,Maeq,Montipora aequituberculata
Respiration,H01,34,0.601054212561151,H01_TPC,H,1,461,32.84078989,Maeq,Montipora aequituberculata
Respiration,G02,24.5,0.38451528538894475,G02_TPC,G,1,461,16.88329491,Elam,Echinopora lamellosa
Respiration,G02,26,0.4475547545850293,G02_TPC,G,1,461,16.88329491,Elam,Echinopora lamellosa
Respiration,G02,27,0.4905595326505417,G02_TPC,G,1,461,16.88329491,Elam,Echinopora lamellosa
Respiration,G02,28,0.5327069836869032,G02_TPC,G,1,461,16.88329491,Elam,Echinopora lamellosa
Respiration,G02,29,0.5721533857493373,G02_TPC,G,1,461,16.88329491,Elam,Echinopora lamellosa
Respiration,G02,30,0.6067570103538726,G02_TPC,G,1,461,16.88329491,Elam,Echinopora lamellosa
Respiration,G02,31,0.6342690846787818,G02_TPC,G,1,461,16.88329491,Elam,Echinopora lamellosa
Respiration,G02,32,0.6526196337664858,G02_TPC,G,1,461,16.88329491,Elam,Echinopora lamellosa
Respiration,G02,34,0.6564130677342684,G02_TPC,G,1,461,16.88329491,Elam,Echinopora lamellosa
Respiration,A02,24.5,0.4833846587807249,A02_TPC,A,1,459,19.14835317,Pcyl,Porites cylindrica
Respiration,A02,26,0.5730249592216382,A02_TPC,A,1,459,19.14835317,Pcyl,Porites cylindrica
Respiration,A02,27,0.6310805509844243,A02_TPC,A,1,459,19.14835317,Pcyl,Porites cylindrica
Respiration,A02,28,0.6837879487541323,A02_TPC,A,1,459,19.14835317,Pcyl,Porites cylindrica
Respiration,A02,29,0.7273008711585778,A02_TPC,A,1,459,19.14835317,Pcyl,Porites cylindrica
Respiration,A02,30,0.7580038087593582,A02_TPC,A,1,459,19.14835317,Pcyl,Porites cylindrica
Respiration,A02,31,0.773203737631048,A02_TPC,A,1,459,19.14835317,Pcyl,Porites cylindrica
Respiration,A02,32,0.7717155904670547,A02_TPC,A,1,459,19.14835317,Pcyl,Porites cylindrica
Respiration,A02,34,0.7225546671434396,A02_TPC,A,1,459,19.14835317,Pcyl,Porites cylindrica
Respiration,I02,24.5,0.4321103600039863,I02_TPC,I,1,460,24.37074807,Tfro,Turbinaria frondens
Respiration,I02,26,0.4827601688805147,I02_TPC,I,1,460,24.37074807,Tfro,Turbinaria frondens
Respiration,I02,27,0.5151143189936257,I02_TPC,I,1,460,24.37074807,Tfro,Turbinaria frondens
Respiration,I02,28,0.5450162443922275,I02_TPC,I,1,460,24.37074807,Tfro,Turbinaria frondens
Respiration,I02,29,0.5711956626979465,I02_TPC,I,1,460,24.37074807,Tfro,Turbinaria frondens
Respiration,I02,30,0.592360515113144,I02_TPC,I,1,460,24.37074807,Tfro,Turbinaria frondens
Respiration,I02,31,0.6073232632665746,I02_TPC,I,1,460,24.37074807,Tfro,Turbinaria frondens
Respiration,I02,32,0.6151429020428256,I02_TPC,I,1,460,24.37074807,Tfro,Turbinaria frondens
Respiration,I02,34,0.6075646437017899,I02_TPC,I,1,460,24.37074807,Tfro,Turbinaria frondens
Respiration,H02,24.5,0.17996697584076535,H02_TPC,H,1,455,37.79520607,Maeq,Montipora aequituberculata
Respiration,H02,26,0.20534239172402804,H02_TPC,H,1,455,37.79520607,Maeq,Montipora aequituberculata
Respiration,H02,27,0.22198565174609278,H02_TPC,H,1,455,37.79520607,Maeq,Montipora aequituberculata
Respiration,H02,28,0.23761543365734936,H02_TPC,H,1,455,37.79520607,Maeq,Montipora aequituberculata
Respiration,H02,29,0.25139339750327017,H02_TPC,H,1,455,37.79520607,Maeq,Montipora aequituberculata
Respiration,H02,30,0.26240483492305017,H02_TPC,H,1,455,37.79520607,Maeq,Montipora aequituberculata
Respiration,H02,31,0.26976309088927597,H02_TPC,H,1,455,37.79520607,Maeq,Montipora aequituberculata
Respiration,H02,32,0.27274634734217496,H02_TPC,H,1,455,37.79520607,Maeq,Montipora aequituberculata
Respiration,H02,34,0.264319908785165,H02_TPC,H,1,455,37.79520607,Maeq,Montipora aequituberculata
Respiration,B03,24.5,0.18340789675786248,B03_TPC,B,1,465,17.06832783,Mvie,Montipora vietnamensis
Respiration,B03,26,0.30019769283939224,B03_TPC,B,1,465,17.06832783,Mvie,Montipora vietnamensis
Respiration,B03,27,0.3919032274874117,B03_TPC,B,1,465,17.06832783,Mvie,Montipora vietnamensis
Respiration,B03,28,0.48042295540388064,B03_TPC,B,1,465,17.06832783,Mvie,Montipora vietnamensis
Respiration,B03,29,0.5501194824286304,B03_TPC,B,1,465,17.06832783,Mvie,Montipora vietnamensis
Respiration,B03,30,0.5902651545709608,B03_TPC,B,1,465,17.06832783,Mvie,Montipora vietnamensis
Respiration,B03,31,0.5995613417841583,B03_TPC,B,1,465,17.06832783,Mvie,Montipora vietnamensis
Respiration,B03,32,0.58423747896698,B03_TPC,B,1,465,17.06832783,Mvie,Montipora vietnamensis
Respiration,B03,34,0.5137504024621519,B03_TPC,B,1,465,17.06832783,Mvie,Montipora vietnamensis
Respiration,C03,24.5,0.33389468118623755,C03_TPC,C,1,452,26.45396363,Fcom,Favites complanata
Respiration,C03,26,0.48837600570078576,C03_TPC,C,1,452,26.45396363,Fcom,Favites complanata
Respiration,C03,27,0.6013683122814952,C03_TPC,C,1,452,26.45396363,Fcom,Favites complanata
Respiration,C03,28,0.7077189034960523,C03_TPC,C,1,452,26.45396363,Fcom,Favites complanata
Respiration,C03,29,0.79224029782293,C03_TPC,C,1,452,26.45396363,Fcom,Favites complanata
Respiration,C03,30,0.8433540740190942,C03_TPC,C,1,452,26.45396363,Fcom,Favites complanata
Respiration,C03,31,0.8574513127974346,C03_TPC,C,1,452,26.45396363,Fcom,Favites complanata
Respiration,C03,32,0.8389509610043885,C03_TPC,C,1,452,26.45396363,Fcom,Favites complanata
Respiration,C03,34,0.7405951342815222,C03_TPC,C,1,452,26.45396363,Fcom,Favites complanata
Respiration,D03,24.5,0.44775529918386886,D03_TPC,D,1,463,17.32354567,Prus,Porites rus
Respiration,D03,26,0.5067948672571435,D03_TPC,D,1,463,17.32354567,Prus,Porites rus
Respiration,D03,27,0.5446789206141459,D03_TPC,D,1,463,17.32354567,Prus,Porites rus
Respiration,D03,28,0.5797930266821184,D03_TPC,D,1,463,17.32354567,Prus,Porites rus
Respiration,D03,29,0.6106511696718657,D03_TPC,D,1,463,17.32354567,Prus,Porites rus
Respiration,D03,30,0.6357944658228687,D03_TPC,D,1,463,17.32354567,Prus,Porites rus
Respiration,D03,31,0.6539468508922559,D03_TPC,D,1,463,17.32354567,Prus,Porites rus
Respiration,D03,32,0.6641717360982629,D03_TPC,D,1,463,17.32354567,Prus,Porites rus
Respiration,D03,34,0.6594709101749946,D03_TPC,D,1,463,17.32354567,Prus,Porites rus
Respiration,F07,24.5,0.5280422241150357,F07_TPC,F,1,444,25.48732609,Prug,Pachyseris rugosa
Respiration,F07,26,0.58105683373949,F07_TPC,F,1,444,25.48732609,Prug,Pachyseris rugosa
Respiration,F07,27,0.6144173108288241,F07_TPC,F,1,444,25.48732609,Prug,Pachyseris rugosa
Respiration,F07,28,0.6450010915288726,F07_TPC,F,1,444,25.48732609,Prug,Pachyseris rugosa
Respiration,F07,29,0.6717145463665141,F07_TPC,F,1,444,25.48732609,Prug,Pachyseris rugosa
Respiration,F07,30,0.6934780628943664,F07_TPC,F,1,444,25.48732609,Prug,Pachyseris rugosa
Respiration,F07,31,0.7093165929643174,F07_TPC,F,1,444,25.48732609,Prug,Pachyseris rugosa
Respiration,F07,32,0.718455986407815,F07_TPC,F,1,444,25.48732609,Prug,Pachyseris rugosa
Respiration,F07,34,0.715038282561233,F07_TPC,F,1,444,25.48732609,Prug,Pachyseris rugosa
Respiration,D07,24.5,0.49056941997703435,D07_TPC,D,1,465,13.26877235,Prus,Porites rus
Respiration,D07,26,0.5545762999830378,D07_TPC,D,1,465,13.26877235,Prus,Porites rus
Respiration,D07,27,0.593930584507759,D07_TPC,D,1,465,13.26877235,Prus,Porites rus
Respiration,D07,28,0.6276743729640851,D07_TPC,D,1,465,13.26877235,Prus,Porites rus
Respiration,D07,29,0.6529256204327283,D07_TPC,D,1,465,13.26877235,Prus,Porites rus
Respiration,D07,30,0.6669023193618339,D07_TPC,D,1,465,13.26877235,Prus,Porites rus
Respiration,D07,31,0.6674554944267617,D07_TPC,D,1,465,13.26877235,Prus,Porites rus
Respiration,D07,32,0.653610544387723,D07_TPC,D,1,465,13.26877235,Prus,Porites rus
Respiration,D07,34,0.5864074498363638,D07_TPC,D,1,465,13.26877235,Prus,Porites rus
Respiration,G07,24.5,0.31238536569171094,G07_TPC,G,1,462,20.22026807,Elam,Echinopora lamellosa
Respiration,G07,26,0.353812627368848,G07_TPC,G,1,462,20.22026807,Elam,Echinopora lamellosa
Respiration,G07,27,0.38000851290004545,G07_TPC,G,1,462,20.22026807,Elam,Echinopora lamellosa
Respiration,G07,28,0.4038000809314626,G07_TPC,G,1,462,20.22026807,Elam,Echinopora lamellosa
Respiration,G07,29,0.42402586266670145,G07_TPC,G,1,462,20.22026807,Elam,Echinopora lamellosa
Respiration,G07,30,0.4395824388844931,G07_TPC,G,1,462,20.22026807,Elam,Echinopora lamellosa
Respiration,G07,31,0.44956099625600116,G07_TPC,G,1,462,20.22026807,Elam,Echinopora lamellosa
Respiration,G07,32,0.45337570283763734,G07_TPC,G,1,462,20.22026807,Elam,Echinopora lamellosa
Respiration,G07,34,0.4422505593469484,G07_TPC,G,1,462,20.22026807,Elam,Echinopora lamellosa
Respiration,H08,24.5,0.2609681840081639,H08_TPC,H,1,466,15.57211329,Maeq,Montipora aequituberculata
Respiration,H08,26,0.30613065955066837,H08_TPC,H,1,466,15.57211329,Maeq,Montipora aequituberculata
Respiration,H08,27,0.33777210331490204,H08_TPC,H,1,466,15.57211329,Maeq,Montipora aequituberculata
Respiration,H08,28,0.3691468792914244,H08_TPC,H,1,466,15.57211329,Maeq,Montipora aequituberculata
Respiration,H08,29,0.39810435579186226,H08_TPC,H,1,466,15.57211329,Maeq,Montipora aequituberculata
Respiration,H08,30,0.4215942745574707,H08_TPC,H,1,466,15.57211329,Maeq,Montipora aequituberculata
Respiration,H08,31,0.43585093308403194,H08_TPC,H,1,466,15.57211329,Maeq,Montipora aequituberculata
Respiration,H08,32,0.4370900246154294,H08_TPC,H,1,466,15.57211329,Maeq,Montipora aequituberculata
Respiration,H08,34,0.3928039397298223,H08_TPC,H,1,466,15.57211329,Maeq,Montipora aequituberculata
Respiration,F08,24.5,0.3240476145878448,F08_TPC,F,1,457,24.85885218,Prug,Pachyseris rugosa
Respiration,F08,26,0.39269082658075194,F08_TPC,F,1,457,24.85885218,Prug,Pachyseris rugosa
Respiration,F08,27,0.43944669834897365,F08_TPC,F,1,457,24.85885218,Prug,Pachyseris rugosa
Respiration,F08,28,0.4835346908420803,F08_TPC,F,1,457,24.85885218,Prug,Pachyseris rugosa
Respiration,F08,29,0.5208364058650076,F08_TPC,F,1,457,24.85885218,Prug,Pachyseris rugosa
Respiration,F08,30,0.5467139779427604,F08_TPC,F,1,457,24.85885218,Prug,Pachyseris rugosa
Respiration,F08,31,0.5570211135992372,F08_TPC,F,1,457,24.85885218,Prug,Pachyseris rugosa
Respiration,F08,32,0.5493852821884821,F08_TPC,F,1,457,24.85885218,Prug,Pachyseris rugosa
Respiration,F08,34,0.48446325687954983,F08_TPC,F,1,457,24.85885218,Prug,Pachyseris rugosa
Respiration,A08,24.5,0.4026141446686748,A08_TPC,A,1,464,13.2751528,Pcyl,Porites cylindrica
Respiration,A08,26,0.4622906209503014,A08_TPC,A,1,464,13.2751528,Pcyl,Porites cylindrica
Respiration,A08,27,0.5006554874560505,A08_TPC,A,1,464,13.2751528,Pcyl,Porites cylindrica
Respiration,A08,28,0.535534516775979,A08_TPC,A,1,464,13.2751528,Pcyl,Porites cylindrica
Respiration,A08,29,0.5645287814057197,A08_TPC,A,1,464,13.2751528,Pcyl,Porites cylindrica
Respiration,A08,30,0.585170680352747,A08_TPC,A,1,464,13.2751528,Pcyl,Porites cylindrica
Respiration,A08,31,0.5953140241827158,A08_TPC,A,1,464,13.2751528,Pcyl,Porites cylindrica
Respiration,A08,32,0.5935743674245398,A08_TPC,A,1,464,13.2751528,Pcyl,Porites cylindrica
Respiration,A08,34,0.5545906619498776,A08_TPC,A,1,464,13.2751528,Pcyl,Porites cylindrica
Respiration,C08,24.5,0.23697360485024843,C08_TPC,C,1,467,8.907737636,Fcom,Favites complanata
Respiration,C08,26,0.25623990790058065,C08_TPC,C,1,467,8.907737636,Fcom,Favites complanata
Respiration,C08,27,0.26761061517294155,C08_TPC,C,1,467,8.907737636,Fcom,Favites complanata
Respiration,C08,28,0.2771748829610526,C08_TPC,C,1,467,8.907737636,Fcom,Favites complanata
Respiration,C08,29,0.284360654720135,C08_TPC,C,1,467,8.907737636,Fcom,Favites complanata
Respiration,C08,30,0.2886207077741042,C08_TPC,C,1,467,8.907737636,Fcom,Favites complanata
Respiration,C08,31,0.28949853287833555,C08_TPC,C,1,467,8.907737636,Fcom,Favites complanata
Respiration,C08,32,0.2866985028932018,C08_TPC,C,1,467,8.907737636,Fcom,Favites complanata
Respiration,C08,34,0.27001381920641354,C08_TPC,C,1,467,8.907737636,Fcom,Favites complanata
GrossPhoto,A01,24.5,1.3070075080512984,A01_TPC,A,1,463,24.72486281,Pcyl,Porites cylindrica
GrossPhoto,A01,26,1.3920745744922218,A01_TPC,A,1,463,24.72486281,Pcyl,Porites cylindrica
GrossPhoto,A01,27,1.440028412952405,A01_TPC,A,1,463,24.72486281,Pcyl,Porites cylindrica
GrossPhoto,A01,28,1.4755926180181866,A01_TPC,A,1,463,24.72486281,Pcyl,Porites cylindrica
GrossPhoto,A01,29,1.4927332127373634,A01_TPC,A,1,463,24.72486281,Pcyl,Porites cylindrica
GrossPhoto,A01,30,1.4846131350043776,A01_TPC,A,1,463,24.72486281,Pcyl,Porites cylindrica
GrossPhoto,A01,31,1.4447693753091961,A01_TPC,A,1,463,24.72486281,Pcyl,Porites cylindrica
GrossPhoto,A01,32,1.3690650934816295,A01_TPC,A,1,463,24.72486281,Pcyl,Porites cylindrica
GrossPhoto,A01,34,1.1176244126847692,A01_TPC,A,1,463,24.72486281,Pcyl,Porites cylindrica
GrossPhoto,G01,24.5,1.16421246740016,G01_TPC,G,1,460,20.38296944,Elam,Echinopora lamellosa
GrossPhoto,G01,26,1.3023659069914013,G01_TPC,G,1,460,20.38296944,Elam,Echinopora lamellosa
GrossPhoto,G01,27,1.3867874224098042,G01_TPC,G,1,460,20.38296944,Elam,Echinopora lamellosa
GrossPhoto,G01,28,1.457406841999675,G01_TPC,G,1,460,20.38296944,Elam,Echinopora lamellosa
GrossPhoto,G01,29,1.5059735462309924,G01_TPC,G,1,460,20.38296944,Elam,Echinopora lamellosa
GrossPhoto,G01,30,1.5237781042655851,G01_TPC,G,1,460,20.38296944,Elam,Echinopora lamellosa
GrossPhoto,G01,31,1.5035343876609644,G01_TPC,G,1,460,20.38296944,Elam,Echinopora lamellosa
GrossPhoto,G01,32,1.4417818414182606,G01_TPC,G,1,460,20.38296944,Elam,Echinopora lamellosa
GrossPhoto,G01,34,1.2089226571997636,G01_TPC,G,1,460,20.38296944,Elam,Echinopora lamellosa
GrossPhoto,C01,24.5,1.0453895082464477,C01_TPC,C,1,462,23.69761104,Fcom,Favites complanata
GrossPhoto,C01,26,1.1571722485346172,C01_TPC,C,1,462,23.69761104,Fcom,Favites complanata
GrossPhoto,C01,27,1.2292825283218802,C01_TPC,C,1,462,23.69761104,Fcom,Favites complanata
GrossPhoto,C01,28,1.2942200309095104,C01_TPC,C,1,462,23.69761104,Fcom,Favites complanata
GrossPhoto,C01,29,1.3450651138006506,C01_TPC,C,1,462,23.69761104,Fcom,Favites complanata
GrossPhoto,C01,30,1.3726114876090187,C01_TPC,C,1,462,23.69761104,Fcom,Favites complanata
GrossPhoto,C01,31,1.3663059541889702,C01_TPC,C,1,462,23.69761104,Fcom,Favites complanata
GrossPhoto,C01,32,1.3168722113289457,C01_TPC,C,1,462,23.69761104,Fcom,Favites complanata
GrossPhoto,C01,34,1.0824814398602063,C01_TPC,C,1,462,23.69761104,Fcom,Favites complanata
GrossPhoto,F01,24.5,0.9791824353980765,F01_TPC,F,1,464,14.38535037,Prug,Pachyseris rugosa
GrossPhoto,F01,26,1.0823063816042386,F01_TPC,F,1,464,14.38535037,Prug,Pachyseris rugosa
GrossPhoto,F01,27,1.1446960212545652,F01_TPC,F,1,464,14.38535037,Prug,Pachyseris rugosa
GrossPhoto,F01,28,1.196308452463936,F01_TPC,F,1,464,14.38535037,Prug,Pachyseris rugosa
GrossPhoto,F01,29,1.2309117211640384,F01_TPC,F,1,464,14.38535037,Prug,Pachyseris rugosa
GrossPhoto,F01,30,1.2417431175310758,F01_TPC,F,1,464,14.38535037,Prug,Pachyseris rugosa
GrossPhoto,F01,31,1.2228617308810603,F01_TPC,F,1,464,14.38535037,Prug,Pachyseris rugosa
GrossPhoto,F01,32,1.1710334465039656,F01_TPC,F,1,464,14.38535037,Prug,Pachyseris rugosa
GrossPhoto,F01,34,0.9783049954850743,F01_TPC,F,1,464,14.38535037,Prug,Pachyseris rugosa
GrossPhoto,E01,24.5,0.9869231215660278,E01_TPC,E,1,460,33.93822657,Peyd,Pocillopora eydouxi
GrossPhoto,E01,26,1.0880719888778505,E01_TPC,E,1,460,33.93822657,Peyd,Pocillopora eydouxi
GrossPhoto,E01,27,1.1505153611680097,E01_TPC,E,1,460,33.93822657,Peyd,Pocillopora eydouxi
GrossPhoto,E01,28,1.2051248061629363,E01_TPC,E,1,460,33.93822657,Peyd,Pocillopora eydouxi
GrossPhoto,E01,29,1.2479735566743,E01_TPC,E,1,460,33.93822657,Peyd,Pocillopora eydouxi
GrossPhoto,E01,30,1.2749142201754815,E01_TPC,E,1,460,33.93822657,Peyd,Pocillopora eydouxi
GrossPhoto,E01,31,1.2821304722601394,E01_TPC,E,1,460,33.93822657,Peyd,Pocillopora eydouxi
GrossPhoto,E01,32,1.2668547029328383,E01_TPC,E,1,460,33.93822657,Peyd,Pocillopora eydouxi
GrossPhoto,E01,34,1.1670309570550097,E01_TPC,E,1,460,33.93822657,Peyd,Pocillopora eydouxi
GrossPhoto,J01,24.5,0.9338022318287889,J01_TPC,J,1,465,16.22929921,Ahya,Acropora hyacinthus
GrossPhoto,J01,26,1.0557711832700334,J01_TPC,J,1,465,16.22929921,Ahya,Acropora hyacinthus
GrossPhoto,J01,27,1.1304443884242805,J01_TPC,J,1,465,16.22929921,Ahya,Acropora hyacinthus
GrossPhoto,J01,28,1.1935473097926759,J01_TPC,J,1,465,16.22929921,Ahya,Acropora hyacinthus
GrossPhoto,J01,29,1.2388080092685707,J01_TPC,J,1,465,16.22929921,Ahya,Acropora hyacinthus
GrossPhoto,J01,30,1.2600835088788913,J01_TPC,J,1,465,16.22929921,Ahya,Acropora hyacinthus
GrossPhoto,J01,31,1.2526745199717273,J01_TPC,J,1,465,16.22929921,Ahya,Acropora hyacinthus
GrossPhoto,J01,32,1.2147111662884005,J01_TPC,J,1,465,16.22929921,Ahya,Acropora hyacinthus
GrossPhoto,J01,34,1.0580205768461022,J01_TPC,J,1,465,16.22929921,Ahya,Acropora hyacinthus
GrossPhoto,I01,24.5,0.8733835595174526,I01_TPC,I,1,468,26.20193602,Tfro,Turbinaria frondens
GrossPhoto,I01,26,0.9700588032074924,I01_TPC,I,1,468,26.20193602,Tfro,Turbinaria frondens
GrossPhoto,I01,27,1.0298969809250162,I01_TPC,I,1,468,26.20193602,Tfro,Turbinaria frondens
GrossPhoto,I01,28,1.08184707337625,I01_TPC,I,1,468,26.20193602,Tfro,Turbinaria frondens
GrossPhoto,I01,29,1.121490278327901,I01_TPC,I,1,468,26.20193602,Tfro,Turbinaria frondens
GrossPhoto,I01,30,1.1441025901833035,I01_TPC,I,1,468,26.20193602,Tfro,Turbinaria frondens
GrossPhoto,I01,31,1.145393703449955,I01_TPC,I,1,468,26.20193602,Tfro,Turbinaria frondens
GrossPhoto,I01,32,1.1224893304600096,I01_TPC,I,1,468,26.20193602,Tfro,Turbinaria frondens
GrossPhoto,I01,34,1.004905036671477,I01_TPC,I,1,468,26.20193602,Tfro,Turbinaria frondens
GrossPhoto,B01,24.5,0.9801014601271247,B01_TPC,B,1,462,19.26639142,Mvie,Montipora vietnamensis
GrossPhoto,B01,26,1.1035216035311874,B01_TPC,B,1,462,19.26639142,Mvie,Montipora vietnamensis
GrossPhoto,B01,27,1.185479080042895,B01_TPC,B,1,462,19.26639142,Mvie,Montipora vietnamensis
GrossPhoto,B01,28,1.2619972129238555,B01_TPC,B,1,462,19.26639142,Mvie,Montipora vietnamensis
GrossPhoto,B01,29,1.3260537337733809,B01_TPC,B,1,462,19.26639142,Mvie,Montipora vietnamensis
GrossPhoto,B01,30,1.368095394851065,B01_TPC,B,1,462,19.26639142,Mvie,Montipora vietnamensis
GrossPhoto,B01,31,1.376870349563922,B01_TPC,B,1,462,19.26639142,Mvie,Montipora vietnamensis
GrossPhoto,B01,32,1.3419937594400821,B01_TPC,B,1,462,19.26639142,Mvie,Montipora vietnamensis
GrossPhoto,B01,34,1.129445811845937,B01_TPC,B,1,462,19.26639142,Mvie,Montipora vietnamensis
GrossPhoto,H01,24.5,0.8083709898181509,H01_TPC,H,1,461,32.84078989,Maeq,Montipora aequituberculata
GrossPhoto,H01,26,0.8841942421082869,H01_TPC,H,1,461,32.84078989,Maeq,Montipora aequituberculata
GrossPhoto,H01,27,0.9307406693465141,H01_TPC,H,1,461,32.84078989,Maeq,Montipora aequituberculata
GrossPhoto,H01,28,0.9703298158292976,H01_TPC,H,1,461,32.84078989,Maeq,Montipora aequituberculata
GrossPhoto,H01,29,0.9986284954467569,H01_TPC,H,1,461,32.84078989,Maeq,Montipora aequituberculata
GrossPhoto,H01,30,1.01056279573345,H01_TPC,H,1,461,32.84078989,Maeq,Montipora aequituberculata
GrossPhoto,H01,31,1.001060701832248,H01_TPC,H,1,461,32.84078989,Maeq,Montipora aequituberculata
GrossPhoto,H01,32,0.9663499809905902,H01_TPC,H,1,461,32.84078989,Maeq,Montipora aequituberculata
GrossPhoto,H01,34,0.8216481837432058,H01_TPC,H,1,461,32.84078989,Maeq,Montipora aequituberculata
GrossPhoto,D01,24.5,1.1804316149413798,D01_TPC,D,1,460,28.54674986,Prus,Porites rus
GrossPhoto,D01,26,1.27965554068935,D01_TPC,D,1,460,28.54674986,Prus,Porites rus
GrossPhoto,D01,27,1.338157633662946,D01_TPC,D,1,460,28.54674986,Prus,Porites rus
GrossPhoto,D01,28,1.3866323398685598,D01_TPC,D,1,460,28.54674986,Prus,Porites rus
GrossPhoto,D01,29,1.4213138566526646,D01_TPC,D,1,460,28.54674986,Prus,Porites rus
GrossPhoto,D01,30,1.4384474660547997,D01_TPC,D,1,460,28.54674986,Prus,Porites rus
GrossPhoto,D01,31,1.4348166741370694,D01_TPC,D,1,460,28.54674986,Prus,Porites rus
GrossPhoto,D01,32,1.4083630790290906,D01_TPC,D,1,460,28.54674986,Prus,Porites rus
GrossPhoto,D01,34,1.2876416842058382,D01_TPC,D,1,460,28.54674986,Prus,Porites rus
GrossPhoto,G02,24.5,1.340737110643321,G02_TPC,G,1,461,16.88329491,Elam,Echinopora lamellosa
GrossPhoto,G02,26,1.4556576100688488,G02_TPC,G,1,461,16.88329491,Elam,Echinopora lamellosa
GrossPhoto,G02,27,1.5249938415854745,G02_TPC,G,1,461,16.88329491,Elam,Echinopora lamellosa
GrossPhoto,G02,28,1.5824278500631204,G02_TPC,G,1,461,16.88329491,Elam,Echinopora lamellosa
GrossPhoto,G02,29,1.6209368948265244,G02_TPC,G,1,461,16.88329491,Elam,Echinopora lamellosa
GrossPhoto,G02,30,1.6322989268400985,G02_TPC,G,1,461,16.88329491,Elam,Echinopora lamellosa
GrossPhoto,G02,31,1.6083400527742608,G02_TPC,G,1,461,16.88329491,Elam,Echinopora lamellosa
GrossPhoto,G02,32,1.5431379574465434,G02_TPC,G,1,461,16.88329491,Elam,Echinopora lamellosa
GrossPhoto,G02,34,1.2917302763117242,G02_TPC,G,1,461,16.88329491,Elam,Echinopora lamellosa
GrossPhoto,E02,24.5,1.1028923759592308,E02_TPC,E,1,457,34.41995023,Peyd,Pocillopora eydouxi
GrossPhoto,E02,26,1.1910153967153678,E02_TPC,E,1,457,34.41995023,Peyd,Pocillopora eydouxi
GrossPhoto,E02,27,1.2423594624165266,E02_TPC,E,1,457,34.41995023,Peyd,Pocillopora eydouxi
GrossPhoto,E02,28,1.2835179968180068,E02_TPC,E,1,457,34.41995023,Peyd,Pocillopora eydouxi
GrossPhoto,E02,29,1.3101172309889635,E02_TPC,E,1,457,34.41995023,Peyd,Pocillopora eydouxi
GrossPhoto,E02,30,1.3175718539486512,E02_TPC,E,1,457,34.41995023,Peyd,Pocillopora eydouxi
GrossPhoto,E02,31,1.3018191310136331,E02_TPC,E,1,457,34.41995023,Peyd,Pocillopora eydouxi
GrossPhoto,E02,32,1.2603015149938113,E02_TPC,E,1,457,34.41995023,Peyd,Pocillopora eydouxi
GrossPhoto,E02,34,1.1026354570510402,E02_TPC,E,1,457,34.41995023,Peyd,Pocillopora eydouxi
GrossPhoto,F04,24.5,1.1331027466334336,F04_TPC,F,1,463,22.44704366,Prug,Pachyseris rugosa
GrossPhoto,F04,26,1.2698462144420772,F04_TPC,F,1,463,22.44704366,Prug,Pachyseris rugosa
GrossPhoto,F04,27,1.3523139735105336,F04_TPC,F,1,463,22.44704366,Prug,Pachyseris rugosa
GrossPhoto,F04,28,1.4189912911083264,F04_TPC,F,1,463,22.44704366,Prug,Pachyseris rugosa
GrossPhoto,F04,29,1.4602293910161646,F04_TPC,F,1,463,22.44704366,Prug,Pachyseris rugosa
GrossPhoto,F04,30,1.465974025976562,F04_TPC,F,1,463,22.44704366,Prug,Pachyseris rugosa
GrossPhoto,F04,31,1.4284192933863384,F04_TPC,F,1,463,22.44704366,Prug,Pachyseris rugosa
GrossPhoto,F04,32,1.3452707953076526,F04_TPC,F,1,463,22.44704366,Prug,Pachyseris rugosa
GrossPhoto,F04,34,1.070912719063149,F04_TPC,F,1,463,22.44704366,Prug,Pachyseris rugosa
GrossPhoto,D02,24.5,1.2973551598153903,D02_TPC,D,1,464,18.28699298,Prus,Porites rus
GrossPhoto,D02,26,1.4111350581767534,D02_TPC,D,1,464,18.28699298,Prus,Porites rus
GrossPhoto,D02,27,1.4792897409764423,D02_TPC,D,1,464,18.28699298,Prus,Porites rus
GrossPhoto,D02,28,1.5357437170049033,D02_TPC,D,1,464,18.28699298,Prus,Porites rus
GrossPhoto,D02,29,1.5745046301265273,D02_TPC,D,1,464,18.28699298,Prus,Porites rus
GrossPhoto,D02,30,1.5889709511961392,D02_TPC,D,1,464,18.28699298,Prus,Porites rus
GrossPhoto,D02,31,1.5729577463753739,D02_TPC,D,1,464,18.28699298,Prus,Porites rus
GrossPhoto,D02,32,1.5222269829601212,D02_TPC,D,1,464,18.28699298,Prus,Porites rus
GrossPhoto,D02,34,1.3186485928350897,D02_TPC,D,1,464,18.28699298,Prus,Porites rus
GrossPhoto,A02,24.5,1.2127295646506668,A02_TPC,A,1,459,19.14835317,Pcyl,Porites cylindrica
GrossPhoto,A02,26,1.3086651466543746,A02_TPC,A,1,459,19.14835317,Pcyl,Porites cylindrica
GrossPhoto,A02,27,1.3635326707850022,A02_TPC,A,1,459,19.14835317,Pcyl,Porites cylindrica
GrossPhoto,A02,28,1.4077739127134565,A02_TPC,A,1,459,19.14835317,Pcyl,Porites cylindrica
GrossPhoto,A02,29,1.4384870900012956,A02_TPC,A,1,459,19.14835317,Pcyl,Porites cylindrica
GrossPhoto,A02,30,1.4530810641767669,A02_TPC,A,1,459,19.14835317,Pcyl,Porites cylindrica
GrossPhoto,A02,31,1.4496318194777553,A02_TPC,A,1,459,19.14835317,Pcyl,Porites cylindrica
GrossPhoto,A02,32,1.427215874733416,A02_TPC,A,1,459,19.14835317,Pcyl,Porites cylindrica
GrossPhoto,A02,34,1.3279656119216559,A02_TPC,A,1,459,19.14835317,Pcyl,Porites cylindrica
GrossPhoto,I02,24.5,1.0188467728284205,I02_TPC,I,1,460,24.37074807,Tfro,Turbinaria frondens
GrossPhoto,I02,26,1.1204015235353375,I02_TPC,I,1,460,24.37074807,Tfro,Turbinaria frondens
GrossPhoto,I02,27,1.1827659111841289,I02_TPC,I,1,460,24.37074807,Tfro,Turbinaria frondens
GrossPhoto,I02,28,1.2366025233501354,I02_TPC,I,1,460,24.37074807,Tfro,Turbinaria frondens
GrossPhoto,I02,29,1.2774253552130805,I02_TPC,I,1,460,24.37074807,Tfro,Turbinaria frondens
GrossPhoto,I02,30,1.3003825927320165,I02_TPC,I,1,460,24.37074807,Tfro,Turbinaria frondens
GrossPhoto,I02,31,1.3009451613430798,I02_TPC,I,1,460,24.37074807,Tfro,Turbinaria frondens
GrossPhoto,I02,32,1.275865444522216,I02_TPC,I,1,460,24.37074807,Tfro,Turbinaria frondens
GrossPhoto,I02,34,1.1478109919344974,I02_TPC,I,1,460,24.37074807,Tfro,Turbinaria frondens
GrossPhoto,C02,24.5,1.3378110001490875,C02_TPC,C,1,460,24.72805304,Fcom,Favites complanata
GrossPhoto,C02,26,1.4691945759581704,C02_TPC,C,1,460,24.72805304,Fcom,Favites complanata
GrossPhoto,C02,27,1.5490346370839032,C02_TPC,C,1,460,24.72805304,Fcom,Favites complanata
GrossPhoto,C02,28,1.6164994100171195,C02_TPC,C,1,460,24.72805304,Fcom,Favites complanata
GrossPhoto,C02,29,1.6649782613010153,C02_TPC,C,1,460,24.72805304,Fcom,Favites complanata
GrossPhoto,C02,30,1.68728938094226,C02_TPC,C,1,460,24.72805304,Fcom,Favites complanata
GrossPhoto,C02,31,1.6768305564221884,C02_TPC,C,1,460,24.72805304,Fcom,Favites complanata
GrossPhoto,C02,32,1.629207452607327,C02_TPC,C,1,460,24.72805304,Fcom,Favites complanata
GrossPhoto,C02,34,1.4251182013753445,C02_TPC,C,1,460,24.72805304,Fcom,Favites complanata
GrossPhoto,J02,24.5,0.958146959111421,J02_TPC,J,1,464,20.79769841,Ahya,Acropora hyacinthus
GrossPhoto,J02,26,1.024848239900067,J02_TPC,J,1,464,20.79769841,Ahya,Acropora hyacinthus
GrossPhoto,J02,27,1.0605249854337095,J02_TPC,J,1,464,20.79769841,Ahya,Acropora hyacinthus
GrossPhoto,J02,28,1.0847148892229184,J02_TPC,J,1,464,20.79769841,Ahya,Acropora hyacinthus
GrossPhoto,J02,29,1.0929692435406029,J02_TPC,J,1,464,20.79769841,Ahya,Acropora hyacinthus
GrossPhoto,J02,30,1.0809267265034648,J02_TPC,J,1,464,20.79769841,Ahya,Acropora hyacinthus
GrossPhoto,J02,31,1.04533397688666,J02_TPC,J,1,464,20.79769841,Ahya,Acropora hyacinthus
GrossPhoto,J02,32,0.9852597228655509,J02_TPC,J,1,464,20.79769841,Ahya,Acropora hyacinthus
GrossPhoto,J02,34,0.8041387468991339,J02_TPC,J,1,464,20.79769841,Ahya,Acropora hyacinthus
GrossPhoto,B02,24.5,0.8806384396769628,B02_TPC,B,1,464,18.64110773,Mvie,Montipora vietnamensis
GrossPhoto,B02,26,0.9835494942709367,B02_TPC,B,1,464,18.64110773,Mvie,Montipora vietnamensis
GrossPhoto,B02,27,1.046933748248306,B02_TPC,B,1,464,18.64110773,Mvie,Montipora vietnamensis
GrossPhoto,B02,28,1.1006185952026437,B02_TPC,B,1,464,18.64110773,Mvie,Montipora vietnamensis
GrossPhoto,B02,29,1.138525924070789,B02_TPC,B,1,464,18.64110773,Mvie,Montipora vietnamensis
GrossPhoto,B02,30,1.1540498016019094,B02_TPC,B,1,464,18.64110773,Mvie,Montipora vietnamensis
GrossPhoto,B02,31,1.141383733116865,B02_TPC,B,1,464,18.64110773,Mvie,Montipora vietnamensis
GrossPhoto,B02,32,1.097341256923824,B02_TPC,B,1,464,18.64110773,Mvie,Montipora vietnamensis
GrossPhoto,B02,34,0.9240644455194008,B02_TPC,B,1,464,18.64110773,Mvie,Montipora vietnamensis
GrossPhoto,H02,24.5,0.6595928803933045,H02_TPC,H,1,455,37.79520607,Maeq,Montipora aequituberculata
GrossPhoto,H02,26,0.7139070365986366,H02_TPC,H,1,455,37.79520607,Maeq,Montipora aequituberculata
GrossPhoto,H02,27,0.7439981167151042,H02_TPC,H,1,455,37.79520607,Maeq,Montipora aequituberculata
GrossPhoto,H02,28,0.765564846057383,H02_TPC,H,1,455,37.79520607,Maeq,Montipora aequituberculata
GrossPhoto,H02,29,0.7749069307041219,H02_TPC,H,1,455,37.79520607,Maeq,Montipora aequituberculata
GrossPhoto,H02,30,0.7683622479917127,H02_TPC,H,1,455,37.79520607,Maeq,Montipora aequituberculata
GrossPhoto,H02,31,0.7432191648303862,H02_TPC,H,1,455,37.79520607,Maeq,Montipora aequituberculata
GrossPhoto,H02,32,0.6987968231279381,H02_TPC,H,1,455,37.79520607,Maeq,Montipora aequituberculata
GrossPhoto,H02,34,0.5632579556289372,H02_TPC,H,1,455,37.79520607,Maeq,Montipora aequituberculata
GrossPhoto,E03,24.5,0.9941007305030859,E03_TPC,E,1,457,37.62293403,Peyd,Pocillopora eydouxi
GrossPhoto,E03,26,1.0798368396467566,E03_TPC,E,1,457,37.62293403,Peyd,Pocillopora eydouxi
GrossPhoto,E03,27,1.1306594080116166,E03_TPC,E,1,457,37.62293403,Peyd,Pocillopora eydouxi
GrossPhoto,E03,28,1.1727338048601101,E03_TPC,E,1,457,37.62293403,Peyd,Pocillopora eydouxi
GrossPhoto,E03,29,1.2023725432308705,E03_TPC,E,1,457,37.62293403,Peyd,Pocillopora eydouxi
GrossPhoto,E03,30,1.2157758728980084,E03_TPC,E,1,457,37.62293403,Peyd,Pocillopora eydouxi
GrossPhoto,E03,31,1.2095956613626229,E03_TPC,E,1,457,37.62293403,Peyd,Pocillopora eydouxi
GrossPhoto,E03,32,1.1816501362533949,E03_TPC,E,1,457,37.62293403,Peyd,Pocillopora eydouxi
GrossPhoto,E03,34,1.061362202785511,E03_TPC,E,1,457,37.62293403,Peyd,Pocillopora eydouxi
GrossPhoto,I03,24.5,0.6554439793919898,I03_TPC,I,1,459,30.56935118,Tfro,Turbinaria frondens
GrossPhoto,I03,26,0.7708943878797023,I03_TPC,I,1,459,30.56935118,Tfro,Turbinaria frondens
GrossPhoto,I03,27,0.8453748964931352,I03_TPC,I,1,459,30.56935118,Tfro,Turbinaria frondens
GrossPhoto,I03,28,0.9121084844993137,I03_TPC,I,1,459,30.56935118,Tfro,Turbinaria frondens
GrossPhoto,I03,29,0.9651715061716706,I03_TPC,I,1,459,30.56935118,Tfro,Turbinaria frondens
GrossPhoto,I03,30,0.9986900555568399,I03_TPC,I,1,459,30.56935118,Tfro,Turbinaria frondens
GrossPhoto,I03,31,1.0081089262745908,I03_TPC,I,1,459,30.56935118,Tfro,Turbinaria frondens
GrossPhoto,I03,32,0.9914503527281214,I03_TPC,I,1,459,30.56935118,Tfro,Turbinaria frondens
GrossPhoto,I03,34,0.888080301271659,I03_TPC,I,1,459,30.56935118,Tfro,Turbinaria frondens
GrossPhoto,A03,24.5,1.37875035329733,A03_TPC,A,1,461,19.11326072,Pcyl,Porites cylindrica
GrossPhoto,A03,26,1.4644916152065242,A03_TPC,A,1,461,19.11326072,Pcyl,Porites cylindrica
GrossPhoto,A03,27,1.5109561695408595,A03_TPC,A,1,461,19.11326072,Pcyl,Porites cylindrica
GrossPhoto,A03,28,1.5441559215071223,A03_TPC,A,1,461,19.11326072,Pcyl,Porites cylindrica
GrossPhoto,A03,29,1.5594669134557488,A03_TPC,A,1,461,19.11326072,Pcyl,Porites cylindrica
GrossPhoto,A03,30,1.552273166454337,A03_TPC,A,1,461,19.11326072,Pcyl,Porites cylindrica
GrossPhoto,A03,31,1.5187821546301246,A03_TPC,A,1,461,19.11326072,Pcyl,Porites cylindrica
GrossPhoto,A03,32,1.4570377930594463,A03_TPC,A,1,461,19.11326072,Pcyl,Porites cylindrica
GrossPhoto,A03,34,1.255124962971484,A03_TPC,A,1,461,19.11326072,Pcyl,Porites cylindrica
GrossPhoto,H04,24.5,0.8649486974846927,H04_TPC,H,1,458,41.64580512,Maeq,Montipora aequituberculata
GrossPhoto,H04,26,0.9418855839469262,H04_TPC,H,1,458,41.64580512,Maeq,Montipora aequituberculata
GrossPhoto,H04,27,0.9870614383447404,H04_TPC,H,1,458,41.64580512,Maeq,Montipora aequituberculata
GrossPhoto,H04,28,1.0232182088249768,H04_TPC,H,1,458,41.64580512,Maeq,Montipora aequituberculata
GrossPhoto,H04,29,1.0460090817186782,H04_TPC,H,1,458,41.64580512,Maeq,Montipora aequituberculata
GrossPhoto,H04,30,1.050838820108927,H04_TPC,H,1,458,41.64580512,Maeq,Montipora aequituberculata
GrossPhoto,H04,31,1.033719945693293,H04_TPC,H,1,458,41.64580512,Maeq,Montipora aequituberculata
GrossPhoto,H04,32,0.9924267371306256,H04_TPC,H,1,458,41.64580512,Maeq,Montipora aequituberculata
GrossPhoto,H04,34,0.8430228537612375,H04_TPC,H,1,458,41.64580512,Maeq,Montipora aequituberculata
GrossPhoto,F03,24.5,1.2869630077500929,F03_TPC,F,1,463,17.6489484,Prug,Pachyseris rugosa
GrossPhoto,F03,26,1.4485360028359637,F03_TPC,F,1,463,17.6489484,Prug,Pachyseris rugosa
GrossPhoto,F03,27,1.547348560510196,F03_TPC,F,1,463,17.6489484,Prug,Pachyseris rugosa
GrossPhoto,F03,28,1.6310246255241736,F03_TPC,F,1,463,17.6489484,Prug,Pachyseris rugosa
GrossPhoto,F03,29,1.6915201101789858,F03_TPC,F,1,463,17.6489484,Prug,Pachyseris rugosa
GrossPhoto,F03,30,1.720877065127662,F03_TPC,F,1,463,17.6489484,Prug,Pachyseris rugosa
GrossPhoto,F03,31,1.7128387642693201,F03_TPC,F,1,463,17.6489484,Prug,Pachyseris rugosa
GrossPhoto,F03,32,1.664605528296808,F03_TPC,F,1,463,17.6489484,Prug,Pachyseris rugosa
GrossPhoto,F03,34,1.4596476280693955,F03_TPC,F,1,463,17.6489484,Prug,Pachyseris rugosa
GrossPhoto,J03,24.5,1.107775416622945,J03_TPC,J,1,461,29.80688791,Ahya,Acropora hyacinthus
GrossPhoto,J03,26,1.2411019901532625,J03_TPC,J,1,461,29.80688791,Ahya,Acropora hyacinthus
GrossPhoto,J03,27,1.3236697797595522,J03_TPC,J,1,461,29.80688791,Ahya,Acropora hyacinthus
GrossPhoto,J03,28,1.3943435890943103,J03_TPC,J,1,461,29.80688791,Ahya,Acropora hyacinthus
GrossPhoto,J03,29,1.4456852437249086,J03_TPC,J,1,461,29.80688791,Ahya,Acropora hyacinthus
GrossPhoto,J03,30,1.4696831061821034,J03_TPC,J,1,461,29.80688791,Ahya,Acropora hyacinthus
GrossPhoto,J03,31,1.4593081503782208,J03_TPC,J,1,461,29.80688791,Ahya,Acropora hyacinthus
GrossPhoto,J03,32,1.4105911231379162,J03_TPC,J,1,461,29.80688791,Ahya,Acropora hyacinthus
GrossPhoto,J03,34,1.2072722330014851,J03_TPC,J,1,461,29.80688791,Ahya,Acropora hyacinthus
GrossPhoto,B03,24.5,0.7278502879152545,B03_TPC,B,1,465,17.06832783,Mvie,Montipora vietnamensis
GrossPhoto,B03,26,0.928866682155759,B03_TPC,B,1,465,17.06832783,Mvie,Montipora vietnamensis
GrossPhoto,B03,27,1.0647810307459973,B03_TPC,B,1,465,17.06832783,Mvie,Montipora vietnamensis
GrossPhoto,B03,28,1.184114707225977,B03_TPC,B,1,465,17.06832783,Mvie,Montipora vietnamensis
GrossPhoto,B03,29,1.2656267298392447,B03_TPC,B,1,465,17.06832783,Mvie,Montipora vietnamensis
GrossPhoto,B03,30,1.2892685247806988,B03_TPC,B,1,465,17.06832783,Mvie,Montipora vietnamensis
GrossPhoto,B03,31,1.2454581993626574,B03_TPC,B,1,465,17.06832783,Mvie,Montipora vietnamensis
GrossPhoto,B03,32,1.1412104768021967,B03_TPC,B,1,465,17.06832783,Mvie,Montipora vietnamensis
GrossPhoto,B03,34,0.8385598488532818,B03_TPC,B,1,465,17.06832783,Mvie,Montipora vietnamensis
GrossPhoto,C03,24.5,1.434333219977946,C03_TPC,C,1,452,26.45396363,Fcom,Favites complanata
GrossPhoto,C03,26,1.7206194969394353,C03_TPC,C,1,452,26.45396363,Fcom,Favites complanata
GrossPhoto,C03,27,1.9205330435501893,C03_TPC,C,1,452,26.45396363,Fcom,Favites complanata
GrossPhoto,C03,28,2.112227159452085,C03_TPC,C,1,452,26.45396363,Fcom,Favites complanata
GrossPhoto,C03,29,2.2723381402643725,C03_TPC,C,1,452,26.45396363,Fcom,Favites complanata
GrossPhoto,C03,30,2.3682730351981207,C03_TPC,C,1,452,26.45396363,Fcom,Favites complanata
GrossPhoto,C03,31,2.3646900875838943,C03_TPC,C,1,452,26.45396363,Fcom,Favites complanata
GrossPhoto,C03,32,2.238689297495153,C03_TPC,C,1,452,26.45396363,Fcom,Favites complanata
GrossPhoto,C03,34,1.6789685231659286,C03_TPC,C,1,452,26.45396363,Fcom,Favites complanata
GrossPhoto,G05,24.5,1.3901158646751288,G05_TPC,G,1,465,17.26931188,Elam,Echinopora lamellosa
GrossPhoto,G05,26,1.580230673868768,G05_TPC,G,1,465,17.26931188,Elam,Echinopora lamellosa
GrossPhoto,G05,27,1.6981700458328204,G05_TPC,G,1,465,17.26931188,Elam,Echinopora lamellosa
GrossPhoto,G05,28,1.7980128253956538,G05_TPC,G,1,465,17.26931188,Elam,Echinopora lamellosa
GrossPhoto,G05,29,1.8677805399175023,G05_TPC,G,1,465,17.26931188,Elam,Echinopora lamellosa
GrossPhoto,G05,30,1.8949924254009414,G05_TPC,G,1,465,17.26931188,Elam,Echinopora lamellosa
GrossPhoto,G05,31,1.8696747920764751,G05_TPC,G,1,465,17.26931188,Elam,Echinopora lamellosa
GrossPhoto,G05,32,1.7879670053224088,G05_TPC,G,1,465,17.26931188,Elam,Echinopora lamellosa
GrossPhoto,G05,34,1.4824993276985423,G05_TPC,G,1,465,17.26931188,Elam,Echinopora lamellosa
GrossPhoto,D03,24.5,1.092363737401787,D03_TPC,D,1,463,17.32354567,Prus,Porites rus
GrossPhoto,D03,26,1.1944675762253558,D03_TPC,D,1,463,17.32354567,Prus,Porites rus
GrossPhoto,D03,27,1.2563198457351514,D03_TPC,D,1,463,17.32354567,Prus,Porites rus
GrossPhoto,D03,28,1.3086358513291432,D03_TPC,D,1,463,17.32354567,Prus,Porites rus
GrossPhoto,D03,29,1.3465889057988554,D03_TPC,D,1,463,17.32354567,Prus,Porites rus
GrossPhoto,D03,30,1.3649539607568677,D03_TPC,D,1,463,17.32354567,Prus,Porites rus
GrossPhoto,D03,31,1.3588845204316227,D03_TPC,D,1,463,17.32354567,Prus,Porites rus
GrossPhoto,D03,32,1.3250097416265536,D03_TPC,D,1,463,17.32354567,Prus,Porites rus
GrossPhoto,D03,34,1.1741583623620246,D03_TPC,D,1,463,17.32354567,Prus,Porites rus
GrossPhoto,B07,24.5,1.0839780152053637,B07_TPC,B,1,468,13.30067458,Mvie,Montipora vietnamensis
GrossPhoto,B07,26,1.2306753681665117,B07_TPC,B,1,468,13.30067458,Mvie,Montipora vietnamensis
GrossPhoto,B07,27,1.3213793358998853,B07_TPC,B,1,468,13.30067458,Mvie,Montipora vietnamensis
GrossPhoto,B07,28,1.397928714159049,B07_TPC,B,1,468,13.30067458,Mvie,Montipora vietnamensis
GrossPhoto,B07,29,1.4512218592747665,B07_TPC,B,1,468,13.30067458,Mvie,Montipora vietnamensis
GrossPhoto,B07,30,1.4718554670170079,B07_TPC,B,1,468,13.30067458,Mvie,Montipora vietnamensis
GrossPhoto,B07,31,1.4523817291231582,B07_TPC,B,1,468,13.30067458,Mvie,Montipora vietnamensis
GrossPhoto,B07,32,1.389968884322242,B07_TPC,B,1,468,13.30067458,Mvie,Montipora vietnamensis
GrossPhoto,B07,34,1.1567688477484714,B07_TPC,B,1,468,13.30067458,Mvie,Montipora vietnamensis
GrossPhoto,A07,24.5,1.4644879000407403,A07_TPC,A,1,462,13.81749069,Pcyl,Porites cylindrica
GrossPhoto,A07,26,1.5817770159207378,A07_TPC,A,1,462,13.81749069,Pcyl,Porites cylindrica
GrossPhoto,A07,27,1.6500099202571972,A07_TPC,A,1,462,13.81749069,Pcyl,Porites cylindrica
GrossPhoto,A07,28,1.7051998993860529,A07_TPC,A,1,462,13.81749069,Pcyl,Porites cylindrica
GrossPhoto,A07,29,1.7423853269695677,A07_TPC,A,1,462,13.81749069,Pcyl,Porites cylindrica
GrossPhoto,A07,30,1.7565748914911297,A07_TPC,A,1,462,13.81749069,Pcyl,Porites cylindrica
GrossPhoto,A07,31,1.743499670418354,A07_TPC,A,1,462,13.81749069,Pcyl,Porites cylindrica
GrossPhoto,A07,32,1.7005260197025556,A07_TPC,A,1,462,13.81749069,Pcyl,Porites cylindrica
GrossPhoto,A07,34,1.5271405693867932,A07_TPC,A,1,462,13.81749069,Pcyl,Porites cylindrica
GrossPhoto,E07,24.5,1.2802746249515147,E07_TPC,E,1,462,18.03177515,Peyd,Pocillopora eydouxi
GrossPhoto,E07,26,1.4074665684749488,E07_TPC,E,1,462,18.03177515,Peyd,Pocillopora eydouxi
GrossPhoto,E07,27,1.485871974988068,E07_TPC,E,1,462,18.03177515,Peyd,Pocillopora eydouxi
GrossPhoto,E07,28,1.5534067652377546,E07_TPC,E,1,462,18.03177515,Peyd,Pocillopora eydouxi
GrossPhoto,E07,29,1.6037159996853634,E07_TPC,E,1,462,18.03177515,Peyd,Pocillopora eydouxi
GrossPhoto,E07,30,1.6296483897661407,E07_TPC,E,1,462,18.03177515,Peyd,Pocillopora eydouxi
GrossPhoto,E07,31,1.6242949094688917,E07_TPC,E,1,462,18.03177515,Peyd,Pocillopora eydouxi
GrossPhoto,E07,32,1.5825970329150103,E07_TPC,E,1,462,18.03177515,Peyd,Pocillopora eydouxi
GrossPhoto,E07,34,1.389371409070682,E07_TPC,E,1,462,18.03177515,Peyd,Pocillopora eydouxi
GrossPhoto,J07,24.5,1.0652015569142657,J07_TPC,J,1,465,16.49727793,Ahya,Acropora hyacinthus
GrossPhoto,J07,26,1.2031069062430806,J07_TPC,J,1,465,16.49727793,Ahya,Acropora hyacinthus
GrossPhoto,J07,27,1.2876001765587666,J07_TPC,J,1,465,16.49727793,Ahya,Acropora hyacinthus
GrossPhoto,J07,28,1.3574700485649114,J07_TPC,J,1,465,16.49727793,Ahya,Acropora hyacinthus
GrossPhoto,J07,29,1.4031668024946509,J07_TPC,J,1,465,16.49727793,Ahya,Acropora hyacinthus
GrossPhoto,J07,30,1.4146547678626682,J07_TPC,J,1,465,16.49727793,Ahya,Acropora hyacinthus
GrossPhoto,J07,31,1.3840164261620562,J07_TPC,J,1,465,16.49727793,Ahya,Acropora hyacinthus
GrossPhoto,J07,32,1.308666856177185,J07_TPC,J,1,465,16.49727793,Ahya,Acropora hyacinthus
GrossPhoto,J07,34,1.050488626463023,J07_TPC,J,1,465,16.49727793,Ahya,Acropora hyacinthus
GrossPhoto,C07,24.5,1.609453283593428,C07_TPC,C,1,463,12.85404337,Fcom,Favites complanata
GrossPhoto,C07,26,1.7596470661103023,C07_TPC,C,1,463,12.85404337,Fcom,Favites complanata
GrossPhoto,C07,27,1.8505738397817504,C07_TPC,C,1,463,12.85404337,Fcom,Favites complanata
GrossPhoto,C07,28,1.926955500683801,C07_TPC,C,1,463,12.85404337,Fcom,Favites complanata
GrossPhoto,C07,29,1.9809936563332617,C07_TPC,C,1,463,12.85404337,Fcom,Favites complanata
GrossPhoto,C07,30,2.00407735127997,C07_TPC,C,1,463,12.85404337,Fcom,Favites complanata
GrossPhoto,C07,31,1.9881254535808055,C07_TPC,C,1,463,12.85404337,Fcom,Favites complanata
GrossPhoto,C07,32,1.9275825118124108,C07_TPC,C,1,463,12.85404337,Fcom,Favites complanata
GrossPhoto,C07,34,1.6750802682022858,C07_TPC,C,1,463,12.85404337,Fcom,Favites complanata
GrossPhoto,F07,24.5,1.6286765158349819,F07_TPC,F,1,444,25.48732609,Prug,Pachyseris rugosa
GrossPhoto,F07,26,1.755164871595976,F07_TPC,F,1,444,25.48732609,Prug,Pachyseris rugosa
GrossPhoto,F07,27,1.835698277715718,F07_TPC,F,1,444,25.48732609,Prug,Pachyseris rugosa
GrossPhoto,F07,28,1.90654572793299,F07_TPC,F,1,444,25.48732609,Prug,Pachyseris rugosa
GrossPhoto,F07,29,1.9577364346920039,F07_TPC,F,1,444,25.48732609,Prug,Pachyseris rugosa
GrossPhoto,F07,30,1.9741290510923823,F07_TPC,F,1,444,25.48732609,Prug,Pachyseris rugosa
GrossPhoto,F07,31,1.9357496559274043,F07_TPC,F,1,444,25.48732609,Prug,Pachyseris rugosa
GrossPhoto,F07,32,1.82246052521632,F07_TPC,F,1,444,25.48732609,Prug,Pachyseris rugosa
GrossPhoto,F07,34,1.3574393851669886,F07_TPC,F,1,444,25.48732609,Prug,Pachyseris rugosa
GrossPhoto,D07,24.5,1.4003581904306799,D07_TPC,D,1,465,13.26877235,Prus,Porites rus
GrossPhoto,D07,26,1.524149636521447,D07_TPC,D,1,465,13.26877235,Prus,Porites rus
GrossPhoto,D07,27,1.597179738220863,D07_TPC,D,1,465,13.26877235,Prus,Porites rus
GrossPhoto,D07,28,1.6559814376855928,D07_TPC,D,1,465,13.26877235,Prus,Porites rus
GrossPhoto,D07,29,1.6934613323799526,D07_TPC,D,1,465,13.26877235,Prus,Porites rus
GrossPhoto,D07,30,1.701987094558722,D07_TPC,D,1,465,13.26877235,Prus,Porites rus
GrossPhoto,D07,31,1.6747699414870152,D07_TPC,D,1,465,13.26877235,Prus,Porites rus
GrossPhoto,D07,32,1.6078082245343917,D07_TPC,D,1,465,13.26877235,Prus,Porites rus
GrossPhoto,D07,34,1.3629221041433879,D07_TPC,D,1,465,13.26877235,Prus,Porites rus
GrossPhoto,I07,24.5,1.1759909056987503,I07_TPC,I,1,466,10.84739316,Tfro,Turbinaria frondens
GrossPhoto,I07,26,1.279528424060023,I07_TPC,I,1,466,10.84739316,Tfro,Turbinaria frondens
GrossPhoto,I07,27,1.342261598338249,I07_TPC,I,1,466,10.84739316,Tfro,Turbinaria frondens
GrossPhoto,I07,28,1.3946078035287757,I07_TPC,I,1,466,10.84739316,Tfro,Turbinaria frondens
GrossPhoto,I07,29,1.4304153176087557,I07_TPC,I,1,466,10.84739316,Tfro,Turbinaria frondens
GrossPhoto,I07,30,1.4425143763971469,I07_TPC,I,1,466,10.84739316,Tfro,Turbinaria frondens
GrossPhoto,I07,31,1.4237991960566958,I07_TPC,I,1,466,10.84739316,Tfro,Turbinaria frondens
GrossPhoto,I07,32,1.3691082754904673,I07_TPC,I,1,466,10.84739316,Tfro,Turbinaria frondens
GrossPhoto,I07,34,1.153682883472474,I07_TPC,I,1,466,10.84739316,Tfro,Turbinaria frondens
GrossPhoto,G07,24.5,1.0136383306323906,G07_TPC,G,1,462,20.22026807,Elam,Echinopora lamellosa
GrossPhoto,G07,26,1.1098081568071494,G07_TPC,G,1,462,20.22026807,Elam,Echinopora lamellosa
GrossPhoto,G07,27,1.16658402099383,G07_TPC,G,1,462,20.22026807,Elam,Echinopora lamellosa
GrossPhoto,G07,28,1.2119280943739554,G07_TPC,G,1,462,20.22026807,Elam,Echinopora lamellosa
GrossPhoto,G07,29,1.2398440381291387,G07_TPC,G,1,462,20.22026807,Elam,Echinopora lamellosa
GrossPhoto,G07,30,1.2439285366962063,G07_TPC,G,1,462,20.22026807,Elam,Echinopora lamellosa
GrossPhoto,G07,31,1.2186936679623428,G07_TPC,G,1,462,20.22026807,Elam,Echinopora lamellosa
GrossPhoto,G07,32,1.1613727517378027,G07_TPC,G,1,462,20.22026807,Elam,Echinopora lamellosa
GrossPhoto,G07,34,0.961545260635347,G07_TPC,G,1,462,20.22026807,Elam,Echinopora lamellosa
GrossPhoto,H07,24.5,0.8856770119535199,H07_TPC,H,1,468,19.99695246,Maeq,Montipora aequituberculata
GrossPhoto,H07,26,0.9585695950021211,H07_TPC,H,1,468,19.99695246,Maeq,Montipora aequituberculata
GrossPhoto,H07,27,1.0016438419610418,H07_TPC,H,1,468,19.99695246,Maeq,Montipora aequituberculata
GrossPhoto,H07,28,1.036559025371966,H07_TPC,H,1,468,19.99695246,Maeq,Montipora aequituberculata
GrossPhoto,H07,29,1.0592593723536907,H07_TPC,H,1,468,19.99695246,Maeq,Montipora aequituberculata
GrossPhoto,H07,30,1.0652746535796198,H07_TPC,H,1,468,19.99695246,Maeq,Montipora aequituberculata
GrossPhoto,H07,31,1.0504369247317176,H07_TPC,H,1,468,19.99695246,Maeq,Montipora aequituberculata
GrossPhoto,H07,32,1.0119605324147214,H07_TPC,H,1,468,19.99695246,Maeq,Montipora aequituberculata
GrossPhoto,H07,34,0.866387838811139,H07_TPC,H,1,468,19.99695246,Maeq,Montipora aequituberculata
GrossPhoto,B08,24.5,0.7875669175039232,B08_TPC,B,1,465,21.71648261,Mvie,Montipora vietnamensis
GrossPhoto,B08,26,0.8037205475851451,B08_TPC,B,1,465,21.71648261,Mvie,Montipora vietnamensis
GrossPhoto,B08,27,0.8077776663951592,B08_TPC,B,1,465,21.71648261,Mvie,Montipora vietnamensis
GrossPhoto,B08,28,0.8036780737290438,B08_TPC,B,1,465,21.71648261,Mvie,Montipora vietnamensis
GrossPhoto,B08,29,0.7884881404337521,B08_TPC,B,1,465,21.71648261,Mvie,Montipora vietnamensis
GrossPhoto,B08,30,0.7591897893042124,B08_TPC,B,1,465,21.71648261,Mvie,Montipora vietnamensis
GrossPhoto,B08,31,0.7134742093640448,B08_TPC,B,1,465,21.71648261,Mvie,Montipora vietnamensis
GrossPhoto,B08,32,0.6508658531432502,B08_TPC,B,1,465,21.71648261,Mvie,Montipora vietnamensis
GrossPhoto,B08,34,0.48743231272234816,B08_TPC,B,1,465,21.71648261,Mvie,Montipora vietnamensis
GrossPhoto,H08,24.5,0.6573846640965252,H08_TPC,H,1,466,15.57211329,Maeq,Montipora aequituberculata
GrossPhoto,H08,26,0.7268885518203859,H08_TPC,H,1,466,15.57211329,Maeq,Montipora aequituberculata
GrossPhoto,H08,27,0.7715547236265096,H08_TPC,H,1,466,15.57211329,Maeq,Montipora aequituberculata
GrossPhoto,H08,28,0.8115956660577194,H08_TPC,H,1,466,15.57211329,Maeq,Montipora aequituberculata
GrossPhoto,H08,29,0.8427136744352595,H08_TPC,H,1,466,15.57211329,Maeq,Montipora aequituberculata
GrossPhoto,H08,30,0.8592449239480938,H08_TPC,H,1,466,15.57211329,Maeq,Montipora aequituberculata
GrossPhoto,H08,31,0.8547632100912793,H08_TPC,H,1,466,15.57211329,Maeq,Montipora aequituberculata
GrossPhoto,H08,32,0.8236898763033402,H08_TPC,H,1,466,15.57211329,Maeq,Montipora aequituberculata
GrossPhoto,H08,34,0.678400373871361,H08_TPC,H,1,466,15.57211329,Maeq,Montipora aequituberculata
GrossPhoto,E08,24.5,1.2084078421318376,E08_TPC,E,1,461,30.03020351,Peyd,Pocillopora eydouxi
GrossPhoto,E08,26,1.341913177967716,E08_TPC,E,1,461,30.03020351,Peyd,Pocillopora eydouxi
GrossPhoto,E08,27,1.4261150016473896,E08_TPC,E,1,461,30.03020351,Peyd,Pocillopora eydouxi
GrossPhoto,E08,28,1.5008119668561353,E08_TPC,E,1,461,30.03020351,Peyd,Pocillopora eydouxi
GrossPhoto,E08,29,1.5596459016068172,E08_TPC,E,1,461,30.03020351,Peyd,Pocillopora eydouxi
GrossPhoto,E08,30,1.5953348303065125,E08_TPC,E,1,461,30.03020351,Peyd,Pocillopora eydouxi
GrossPhoto,E08,31,1.6006645442515879,E08_TPC,E,1,461,30.03020351,Peyd,Pocillopora eydouxi
GrossPhoto,E08,32,1.5700725112509353,E08_TPC,E,1,461,30.03020351,Peyd,Pocillopora eydouxi
GrossPhoto,E08,34,1.3975527714057339,E08_TPC,E,1,461,30.03020351,Peyd,Pocillopora eydouxi
GrossPhoto,D04,24.5,1.673787709416051,D04_TPC,D,1,460,15.43174348,Prus,Porites rus
GrossPhoto,D04,26,1.8462106726874843,D04_TPC,D,1,460,15.43174348,Prus,Porites rus
GrossPhoto,D04,27,1.9527844707829305,D04_TPC,D,1,460,15.43174348,Prus,Porites rus
GrossPhoto,D04,28,2.046210410890583,D04_TPC,D,1,460,15.43174348,Prus,Porites rus
GrossPhoto,D04,29,2.1199236222376303,D04_TPC,D,1,460,15.43174348,Prus,Porites rus
GrossPhoto,D04,30,2.1670084181593925,D04_TPC,D,1,460,15.43174348,Prus,Porites rus
GrossPhoto,D04,31,2.181107367146515,D04_TPC,D,1,460,15.43174348,Prus,Porites rus
GrossPhoto,D04,32,2.1575942643954096,D04_TPC,D,1,460,15.43174348,Prus,Porites rus
GrossPhoto,D04,34,1.9944439787067079,D04_TPC,D,1,460,15.43174348,Prus,Porites rus
GrossPhoto,J08,24.5,0.8435390560957828,J08_TPC,J,1,464,15.59444485,Ahya,Acropora hyacinthus
GrossPhoto,J08,26,0.9477338594046169,J08_TPC,J,1,464,15.59444485,Ahya,Acropora hyacinthus
GrossPhoto,J08,27,1.012305374658904,J08_TPC,J,1,464,15.59444485,Ahya,Acropora hyacinthus
GrossPhoto,J08,28,1.0677642501111329,J08_TPC,J,1,464,15.59444485,Ahya,Acropora hyacinthus
GrossPhoto,J08,29,1.10857709121256,J08_TPC,J,1,464,15.59444485,Ahya,Acropora hyacinthus
GrossPhoto,J08,30,1.1289063030989304,J08_TPC,J,1,464,15.59444485,Ahya,Acropora hyacinthus
GrossPhoto,J08,31,1.1237390979633257,J08_TPC,J,1,464,15.59444485,Ahya,Acropora hyacinthus
GrossPhoto,J08,32,1.0903141805143892,J08_TPC,J,1,464,15.59444485,Ahya,Acropora hyacinthus
GrossPhoto,J08,34,0.9451888395390441,J08_TPC,J,1,464,15.59444485,Ahya,Acropora hyacinthus
GrossPhoto,F08,24.5,1.222041600766068,F08_TPC,F,1,457,24.85885218,Prug,Pachyseris rugosa
GrossPhoto,F08,26,1.2877391538342688,F08_TPC,F,1,457,24.85885218,Prug,Pachyseris rugosa
GrossPhoto,F08,27,1.3323200845871837,F08_TPC,F,1,457,24.85885218,Prug,Pachyseris rugosa
GrossPhoto,F08,28,1.376252336844255,F08_TPC,F,1,457,24.85885218,Prug,Pachyseris rugosa
GrossPhoto,F08,29,1.4163667028070712,F08_TPC,F,1,457,24.85885218,Prug,Pachyseris rugosa
GrossPhoto,F08,30,1.4445731705812745,F08_TPC,F,1,457,24.85885218,Prug,Pachyseris rugosa
GrossPhoto,F08,31,1.4415930587080212,F08_TPC,F,1,457,24.85885218,Prug,Pachyseris rugosa
GrossPhoto,F08,32,1.3682040624763843,F08_TPC,F,1,457,24.85885218,Prug,Pachyseris rugosa
GrossPhoto,F08,34,0.8461852902350917,F08_TPC,F,1,457,24.85885218,Prug,Pachyseris rugosa
GrossPhoto,I08,24.5,1.6709280868237033,I08_TPC,I,1,465,7.194587934,Tfro,Turbinaria frondens
GrossPhoto,I08,26,1.8071419836799025,I08_TPC,I,1,465,7.194587934,Tfro,Turbinaria frondens
GrossPhoto,I08,27,1.8879500382800507,I08_TPC,I,1,465,7.194587934,Tfro,Turbinaria frondens
GrossPhoto,I08,28,1.9566302439468928,I08_TPC,I,1,465,7.194587934,Tfro,Turbinaria frondens
GrossPhoto,I08,29,2.009464495643162,I08_TPC,I,1,465,7.194587934,Tfro,Turbinaria frondens
GrossPhoto,I08,30,2.042918852573835,I08_TPC,I,1,465,7.194587934,Tfro,Turbinaria frondens
GrossPhoto,I08,31,2.054042204227451,I08_TPC,I,1,465,7.194587934,Tfro,Turbinaria frondens
GrossPhoto,I08,32,2.040882230582544,I08_TPC,I,1,465,7.194587934,Tfro,Turbinaria frondens
GrossPhoto,I08,34,1.9408213982990294,I08_TPC,I,1,465,7.194587934,Tfro,Turbinaria frondens
GrossPhoto,G08,24.5,1.0909022719488437,G08_TPC,G,1,461,22.74054416,Elam,Echinopora lamellosa
GrossPhoto,G08,26,1.2820610104084431,G08_TPC,G,1,461,22.74054416,Elam,Echinopora lamellosa
GrossPhoto,G08,27,1.4023818392338463,G08_TPC,G,1,461,22.74054416,Elam,Echinopora lamellosa
GrossPhoto,G08,28,1.5041000707822851,G08_TPC,G,1,461,22.74054416,Elam,Echinopora lamellosa
GrossPhoto,G08,29,1.5735138815485408,G08_TPC,G,1,461,22.74054416,Elam,Echinopora lamellosa
GrossPhoto,G08,30,1.597385583872555,G08_TPC,G,1,461,22.74054416,Elam,Echinopora lamellosa
GrossPhoto,G08,31,1.5670752378779966,G08_TPC,G,1,461,22.74054416,Elam,Echinopora lamellosa
GrossPhoto,G08,32,1.4823837018060917,G08_TPC,G,1,461,22.74054416,Elam,Echinopora lamellosa
GrossPhoto,G08,34,1.1940436118688935,G08_TPC,G,1,461,22.74054416,Elam,Echinopora lamellosa
GrossPhoto,A08,24.5,1.3723023907841883,A08_TPC,A,1,464,13.2751528,Pcyl,Porites cylindrica
GrossPhoto,A08,26,1.5142586570137324,A08_TPC,A,1,464,13.2751528,Pcyl,Porites cylindrica
GrossPhoto,A08,27,1.6027474688651968,A08_TPC,A,1,464,13.2751528,Pcyl,Porites cylindrica
GrossPhoto,A08,28,1.6799118476068002,A08_TPC,A,1,464,13.2751528,Pcyl,Porites cylindrica
GrossPhoto,A08,29,1.7385116038163115,A08_TPC,A,1,464,13.2751528,Pcyl,Porites cylindrica
GrossPhoto,A08,30,1.7702153785863834,A08_TPC,A,1,464,13.2751528,Pcyl,Porites cylindrica
GrossPhoto,A08,31,1.7667785996476293,A08_TPC,A,1,464,13.2751528,Pcyl,Porites cylindrica
GrossPhoto,A08,32,1.7219725971656477,A08_TPC,A,1,464,13.2751528,Pcyl,Porites cylindrica
GrossPhoto,A08,34,1.506222006687879,A08_TPC,A,1,464,13.2751528,Pcyl,Porites cylindrica
GrossPhoto,C08,24.5,0.7992483624595583,C08_TPC,C,1,467,8.907737636,Fcom,Favites complanata
GrossPhoto,C08,26,0.8652146145457394,C08_TPC,C,1,467,8.907737636,Fcom,Favites complanata
GrossPhoto,C08,27,0.9044207724261634,C08_TPC,C,1,467,8.907737636,Fcom,Favites complanata
GrossPhoto,C08,28,0.9363236641106762,C08_TPC,C,1,467,8.907737636,Fcom,Favites complanata
GrossPhoto,C08,29,0.9570366720031755,C08_TPC,C,1,467,8.907737636,Fcom,Favites complanata
GrossPhoto,C08,30,0.9621614447890598,C08_TPC,C,1,467,8.907737636,Fcom,Favites complanata
GrossPhoto,C08,31,0.9474855827733083,C08_TPC,C,1,467,8.907737636,Fcom,Favites complanata
GrossPhoto,C08,32,0.9101083981381198,C08_TPC,C,1,467,8.907737636,Fcom,Favites complanata
GrossPhoto,C08,34,0.7693963902945559,C08_TPC,C,1,467,8.907737636,Fcom,Favites complanata
NetPhoto,G01,24.5,0.8008859312927606,G01_TPC,G,1,460,20.38296944,Elam,Echinopora lamellosa
NetPhoto,G01,26,0.9029256833729569,G01_TPC,G,1,460,20.38296944,Elam,Echinopora lamellosa
NetPhoto,G01,27,0.9606860072944444,G01_TPC,G,1,460,20.38296944,Elam,Echinopora lamellosa
NetPhoto,G01,28,1.0005741374217725,G01_TPC,G,1,460,20.38296944,Elam,Echinopora lamellosa
NetPhoto,G01,29,1.0125050999654046,G01_TPC,G,1,460,20.38296944,Elam,Echinopora lamellosa
NetPhoto,G01,30,0.9875355624936306,G01_TPC,G,1,460,20.38296944,Elam,Echinopora lamellosa
NetPhoto,G01,31,0.9219843241010696,G01_TPC,G,1,460,20.38296944,Elam,Echinopora lamellosa
NetPhoto,G01,32,0.8208056289201285,G01_TPC,G,1,460,20.38296944,Elam,Echinopora lamellosa
NetPhoto,G01,34,0.567629699993931,G01_TPC,G,1,460,20.38296944,Elam,Echinopora lamellosa
NetPhoto,C01,24.5,0.72433865166168,C01_TPC,C,1,462,23.69761104,Fcom,Favites complanata
NetPhoto,C01,26,0.7853820178388236,C01_TPC,C,1,462,23.69761104,Fcom,Favites complanata
NetPhoto,C01,27,0.823712987453325,C01_TPC,C,1,462,23.69761104,Fcom,Favites complanata
NetPhoto,C01,28,0.856117506763045,C01_TPC,C,1,462,23.69761104,Fcom,Favites complanata
NetPhoto,C01,29,0.8764998785221104,C01_TPC,C,1,462,23.69761104,Fcom,Favites complanata
NetPhoto,C01,30,0.8757924057691794,C01_TPC,C,1,462,23.69761104,Fcom,Favites complanata
NetPhoto,C01,31,0.8429289034601641,C01_TPC,C,1,462,23.69761104,Fcom,Favites complanata
NetPhoto,C01,32,0.7691777803912937,C01_TPC,C,1,462,23.69761104,Fcom,Favites complanata
NetPhoto,C01,34,0.518041254919047,C01_TPC,C,1,462,23.69761104,Fcom,Favites complanata
NetPhoto,F01,24.5,0.7122031533676034,F01_TPC,F,1,464,14.38535037,Prug,Pachyseris rugosa
NetPhoto,F01,26,0.7878523227248815,F01_TPC,F,1,464,14.38535037,Prug,Pachyseris rugosa
NetPhoto,F01,27,0.8330456234587761,F01_TPC,F,1,464,14.38535037,Prug,Pachyseris rugosa
NetPhoto,F01,28,0.8680085987289604,F01_TPC,F,1,464,14.38535037,Prug,Pachyseris rugosa
NetPhoto,F01,29,0.8852835888617079,F01_TPC,F,1,464,14.38535037,Prug,Pachyseris rugosa
NetPhoto,F01,30,0.8762361377262613,F01_TPC,F,1,464,14.38535037,Prug,Pachyseris rugosa
NetPhoto,F01,31,0.8336638706876783,F01_TPC,F,1,464,14.38535037,Prug,Pachyseris rugosa
NetPhoto,F01,32,0.755881307967475,F01_TPC,F,1,464,14.38535037,Prug,Pachyseris rugosa
NetPhoto,F01,34,0.5299007370796385,F01_TPC,F,1,464,14.38535037,Prug,Pachyseris rugosa
NetPhoto,E01,24.5,0.6136501907808956,E01_TPC,E,1,460,33.93822657,Peyd,Pocillopora eydouxi
NetPhoto,E01,26,0.6637194338653152,E01_TPC,E,1,460,33.93822657,Peyd,Pocillopora eydouxi
NetPhoto,E01,27,0.6923390123103944,E01_TPC,E,1,460,33.93822657,Peyd,Pocillopora eydouxi
NetPhoto,E01,28,0.7135572744718098,E01_TPC,E,1,460,33.93822657,Peyd,Pocillopora eydouxi
NetPhoto,E01,29,0.7232720893683082,E01_TPC,E,1,460,33.93822657,Peyd,Pocillopora eydouxi
NetPhoto,E01,30,0.716914597733457,E01_TPC,E,1,460,33.93822657,Peyd,Pocillopora eydouxi
NetPhoto,E01,31,0.6905323222048856,E01_TPC,E,1,460,33.93822657,Peyd,Pocillopora eydouxi
NetPhoto,E01,32,0.6424441203106163,E01_TPC,E,1,460,33.93822657,Peyd,Pocillopora eydouxi
NetPhoto,E01,34,0.4936797581467789,E01_TPC,E,1,460,33.93822657,Peyd,Pocillopora eydouxi
NetPhoto,J01,24.5,0.6256614274411625,J01_TPC,J,1,465,16.22929921,Ahya,Acropora hyacinthus
NetPhoto,J01,26,0.695414161432758,J01_TPC,J,1,465,16.22929921,Ahya,Acropora hyacinthus
NetPhoto,J01,27,0.7355742388356492,J01_TPC,J,1,465,16.22929921,Ahya,Acropora hyacinthus
NetPhoto,J01,28,0.7645843225724889,J01_TPC,J,1,465,16.22929921,Ahya,Acropora hyacinthus
NetPhoto,J01,29,0.7756143652153272,J01_TPC,J,1,465,16.22929921,Ahya,Acropora hyacinthus
NetPhoto,J01,30,0.7617267789544064,J01_TPC,J,1,465,16.22929921,Ahya,Acropora hyacinthus
NetPhoto,J01,31,0.7184882251767676,J01_TPC,J,1,465,16.22929921,Ahya,Acropora hyacinthus
NetPhoto,J01,32,0.6469743230067067,J01_TPC,J,1,465,16.22929921,Ahya,Acropora hyacinthus
NetPhoto,J01,34,0.4545481033256054,J01_TPC,J,1,465,16.22929921,Ahya,Acropora hyacinthus
NetPhoto,I01,24.5,0.4575028656430286,I01_TPC,I,1,468,26.20193602,Tfro,Turbinaria frondens
NetPhoto,I01,26,0.5068558388061768,I01_TPC,I,1,468,26.20193602,Tfro,Turbinaria frondens
NetPhoto,I01,27,0.533321107525349,I01_TPC,I,1,468,26.20193602,Tfro,Turbinaria frondens
NetPhoto,I01,28,0.5496476676305415,I01_TPC,I,1,468,26.20193602,Tfro,Turbinaria frondens
NetPhoto,I01,29,0.550761098877654,I01_TPC,I,1,468,26.20193602,Tfro,Turbinaria frondens
NetPhoto,I01,30,0.5323201434363767,I01_TPC,I,1,468,26.20193602,Tfro,Turbinaria frondens
NetPhoto,I01,31,0.4928162806405413,I01_TPC,I,1,468,26.20193602,Tfro,Turbinaria frondens
NetPhoto,I01,32,0.43524151796405686,I01_TPC,I,1,468,26.20193602,Tfro,Turbinaria frondens
NetPhoto,I01,34,0.29622926809825256,I01_TPC,I,1,468,26.20193602,Tfro,Turbinaria frondens
NetPhoto,B01,24.5,0.6572284538995548,B01_TPC,B,1,462,19.26639142,Mvie,Montipora vietnamensis
NetPhoto,B01,26,0.7133583965158168,B01_TPC,B,1,462,19.26639142,Mvie,Montipora vietnamensis
NetPhoto,B01,27,0.7498976959859686,B01_TPC,B,1,462,19.26639142,Mvie,Montipora vietnamensis
NetPhoto,B01,28,0.7826483972413748,B01_TPC,B,1,462,19.26639142,Mvie,Montipora vietnamensis
NetPhoto,B01,29,0.8064069464444082,B01_TPC,B,1,462,19.26639142,Mvie,Montipora vietnamensis
NetPhoto,B01,30,0.8124511587336973,B01_TPC,B,1,462,19.26639142,Mvie,Montipora vietnamensis
NetPhoto,B01,31,0.7884341646365514,B01_TPC,B,1,462,19.26639142,Mvie,Montipora vietnamensis
NetPhoto,B01,32,0.722101345065465,B01_TPC,B,1,462,19.26639142,Mvie,Montipora vietnamensis
NetPhoto,B01,34,0.47095874321500225,B01_TPC,B,1,462,19.26639142,Mvie,Montipora vietnamensis
NetPhoto,H01,24.5,0.40970634090250785,H01_TPC,H,1,461,32.84078989,Maeq,Montipora aequituberculata
NetPhoto,H01,26,0.414985880274869,H01_TPC,H,1,461,32.84078989,Maeq,Montipora aequituberculata
NetPhoto,H01,27,0.4170069795137221,H01_TPC,H,1,461,32.84078989,Maeq,Montipora aequituberculata
NetPhoto,H01,28,0.41661268406673896,H01_TPC,H,1,461,32.84078989,Maeq,Montipora aequituberculata
NetPhoto,H01,29,0.41190572618835875,H01_TPC,H,1,461,32.84078989,Maeq,Montipora aequituberculata
NetPhoto,H01,30,0.39988523116877206,H01_TPC,H,1,461,32.84078989,Maeq,Montipora aequituberculata
NetPhoto,H01,31,0.37648207411619666,H01_TPC,H,1,461,32.84078989,Maeq,Montipora aequituberculata
NetPhoto,H01,32,0.33775857527840897,H01_TPC,H,1,461,32.84078989,Maeq,Montipora aequituberculata
NetPhoto,H01,34,0.21786512986241055,H01_TPC,H,1,461,32.84078989,Maeq,Montipora aequituberculata
NetPhoto,D01,24.5,0.8460337401653696,D01_TPC,D,1,460,28.54674986,Prus,Porites rus
NetPhoto,D01,26,0.8659255393739475,D01_TPC,D,1,460,28.54674986,Prus,Porites rus
NetPhoto,D01,27,0.873837390706896,D01_TPC,D,1,460,28.54674986,Prus,Porites rus
NetPhoto,D01,28,0.8745379196411504,D01_TPC,D,1,460,28.54674986,Prus,Porites rus
NetPhoto,D01,29,0.8644365455611489,D01_TPC,D,1,460,28.54674986,Prus,Porites rus
NetPhoto,D01,30,0.83911215526426,D01_TPC,D,1,460,28.54674986,Prus,Porites rus
NetPhoto,D01,31,0.7940805679196736,D01_TPC,D,1,460,28.54674986,Prus,Porites rus
NetPhoto,D01,32,0.7264743638808503,D01_TPC,D,1,460,28.54674986,Prus,Porites rus
NetPhoto,D01,34,0.5330773764312798,D01_TPC,D,1,460,28.54674986,Prus,Porites rus
NetPhoto,G02,24.5,0.9706823452513281,G02_TPC,G,1,461,16.88329491,Elam,Echinopora lamellosa
NetPhoto,G02,26,1.02519275697371,G02_TPC,G,1,461,16.88329491,Elam,Echinopora lamellosa
NetPhoto,G02,27,1.050389990212173,G02_TPC,G,1,461,16.88329491,Elam,Echinopora lamellosa
NetPhoto,G02,28,1.0614518476472603,G02_TPC,G,1,461,16.88329491,Elam,Echinopora lamellosa
NetPhoto,G02,29,1.053288716104028,G02_TPC,G,1,461,16.88329491,Elam,Echinopora lamellosa
NetPhoto,G02,30,1.0212962894605002,G02_TPC,G,1,461,16.88329491,Elam,Echinopora lamellosa
NetPhoto,G02,31,0.9628962300037868,G02_TPC,G,1,461,16.88329491,Elam,Echinopora lamellosa
NetPhoto,G02,32,0.8791510408251294,G02_TPC,G,1,461,16.88329491,Elam,Echinopora lamellosa
NetPhoto,G02,34,0.6609606891576724,G02_TPC,G,1,461,16.88329491,Elam,Echinopora lamellosa
NetPhoto,E02,24.5,0.7782575847588211,E02_TPC,E,1,457,34.41995023,Peyd,Pocillopora eydouxi
NetPhoto,E02,26,0.7986590030432976,E02_TPC,E,1,457,34.41995023,Peyd,Pocillopora eydouxi
NetPhoto,E02,27,0.8062356444837095,E02_TPC,E,1,457,34.41995023,Peyd,Pocillopora eydouxi
NetPhoto,E02,28,0.8064020791861992,E02_TPC,E,1,457,34.41995023,Peyd,Pocillopora eydouxi
NetPhoto,E02,29,0.7963733431643893,E02_TPC,E,1,457,34.41995023,Peyd,Pocillopora eydouxi
NetPhoto,E02,30,0.7731611701536835,E02_TPC,E,1,457,34.41995023,Peyd,Pocillopora eydouxi
NetPhoto,E02,31,0.7342233387652713,E02_TPC,E,1,457,34.41995023,Peyd,Pocillopora eydouxi
NetPhoto,E02,32,0.6784593581497139,E02_TPC,E,1,457,34.41995023,Peyd,Pocillopora eydouxi
NetPhoto,E02,34,0.5248565709227354,E02_TPC,E,1,457,34.41995023,Peyd,Pocillopora eydouxi
NetPhoto,F04,24.5,0.7861140189502893,F04_TPC,F,1,463,22.44704366,Prug,Pachyseris rugosa
NetPhoto,F04,26,0.8434619179928764,F04_TPC,F,1,463,22.44704366,Prug,Pachyseris rugosa
NetPhoto,F04,27,0.8786295930807442,F04_TPC,F,1,463,22.44704366,Prug,Pachyseris rugosa
NetPhoto,F04,28,0.90647042148857,F04_TPC,F,1,463,22.44704366,Prug,Pachyseris rugosa
NetPhoto,F04,29,0.9190366366286803,F04_TPC,F,1,463,22.44704366,Prug,Pachyseris rugosa
NetPhoto,F04,30,0.9038547921303628,F04_TPC,F,1,463,22.44704366,Prug,Pachyseris rugosa
NetPhoto,F04,31,0.8457186360820227,F04_TPC,F,1,463,22.44704366,Prug,Pachyseris rugosa
NetPhoto,F04,32,0.7352179983516506,F04_TPC,F,1,463,22.44704366,Prug,Pachyseris rugosa
NetPhoto,F04,34,0.41747177748084374,F04_TPC,F,1,463,22.44704366,Prug,Pachyseris rugosa
NetPhoto,D02,24.5,0.8718512326992962,D02_TPC,D,1,464,18.28699298,Prus,Porites rus
NetPhoto,D02,26,0.8881896182444824,D02_TPC,D,1,464,18.28699298,Prus,Porites rus
NetPhoto,D02,27,0.8917636992119405,D02_TPC,D,1,464,18.28699298,Prus,Porites rus
NetPhoto,D02,28,0.8856707896326834,D02_TPC,D,1,464,18.28699298,Prus,Porites rus
NetPhoto,D02,29,0.865476531133952,D02_TPC,D,1,464,18.28699298,Prus,Porites rus
NetPhoto,D02,30,0.8262274335568088,D02_TPC,D,1,464,18.28699298,Prus,Porites rus
NetPhoto,D02,31,0.7639195253588,D02_TPC,D,1,464,18.28699298,Prus,Porites rus
NetPhoto,D02,32,0.67792508739008,D02_TPC,D,1,464,18.28699298,Prus,Porites rus
NetPhoto,D02,34,0.4603433772669148,D02_TPC,D,1,464,18.28699298,Prus,Porites rus
NetPhoto,A02,24.5,0.722436049774762,A02_TPC,A,1,459,19.14835317,Pcyl,Porites cylindrica
NetPhoto,A02,26,0.7317717067863728,A02_TPC,A,1,459,19.14835317,Pcyl,Porites cylindrica
NetPhoto,A02,27,0.7323580561012328,A02_TPC,A,1,459,19.14835317,Pcyl,Porites cylindrica
NetPhoto,A02,28,0.7279140535197742,A02_TPC,A,1,459,19.14835317,Pcyl,Porites cylindrica
NetPhoto,A02,29,0.7181502561992377,A02_TPC,A,1,459,19.14835317,Pcyl,Porites cylindrica
NetPhoto,A02,30,0.7029641651577748,A02_TPC,A,1,459,19.14835317,Pcyl,Porites cylindrica
NetPhoto,A02,31,0.6824708784195077,A02_TPC,A,1,459,19.14835317,Pcyl,Porites cylindrica
NetPhoto,A02,32,0.6570146449402661,A02_TPC,A,1,459,19.14835317,Pcyl,Porites cylindrica
NetPhoto,A02,34,0.5936420443759,A02_TPC,A,1,459,19.14835317,Pcyl,Porites cylindrica
NetPhoto,I02,24.5,0.6110173278661681,I02_TPC,I,1,460,24.37074807,Tfro,Turbinaria frondens
NetPhoto,I02,26,0.6529835836068072,I02_TPC,I,1,460,24.37074807,Tfro,Turbinaria frondens
NetPhoto,I02,27,0.6762240346755253,I02_TPC,I,1,460,24.37074807,Tfro,Turbinaria frondens
NetPhoto,I02,28,0.6933752446455828,I02_TPC,I,1,460,24.37074807,Tfro,Turbinaria frondens
NetPhoto,I02,29,0.7021427880555029,I02_TPC,I,1,460,24.37074807,Tfro,Turbinaria frondens
NetPhoto,I02,30,0.7002095810673312,I02_TPC,I,1,460,24.37074807,Tfro,Turbinaria frondens
NetPhoto,I02,31,0.6856561887718285,I02_TPC,I,1,460,24.37074807,Tfro,Turbinaria frondens
NetPhoto,I02,32,0.6574902974211051,I02_TPC,I,1,460,24.37074807,Tfro,Turbinaria frondens
NetPhoto,I02,34,0.5635695960577751,I02_TPC,I,1,460,24.37074807,Tfro,Turbinaria frondens
NetPhoto,C02,24.5,0.82750774038699,C02_TPC,C,1,460,24.72805304,Fcom,Favites complanata
NetPhoto,C02,26,0.9050317742695643,C02_TPC,C,1,460,24.72805304,Fcom,Favites complanata
NetPhoto,C02,27,0.9505752046923758,C02_TPC,C,1,460,24.72805304,Fcom,Favites complanata
NetPhoto,C02,28,0.9854079257630556,C02_TPC,C,1,460,24.72805304,Fcom,Favites complanata
NetPhoto,C02,29,1.0025949101353517,C02_TPC,C,1,460,24.72805304,Fcom,Favites complanata
NetPhoto,C02,30,0.9941780747321288,C02_TPC,C,1,460,24.72805304,Fcom,Favites complanata
NetPhoto,C02,31,0.9532525858777281,C02_TPC,C,1,460,24.72805304,Fcom,Favites complanata
NetPhoto,C02,32,0.8772735910454047,C02_TPC,C,1,460,24.72805304,Fcom,Favites complanata
NetPhoto,C02,34,0.6463173179431861,C02_TPC,C,1,460,24.72805304,Fcom,Favites complanata
NetPhoto,J02,24.5,0.642547266849736,J02_TPC,J,1,464,20.79769841,Ahya,Acropora hyacinthus
NetPhoto,J02,26,0.6849225733643594,J02_TPC,J,1,464,20.79769841,Ahya,Acropora hyacinthus
NetPhoto,J02,27,0.7008426068599378,J02_TPC,J,1,464,20.79769841,Ahya,Acropora hyacinthus
NetPhoto,J02,28,0.7002399240578997,J02_TPC,J,1,464,20.79769841,Ahya,Acropora hyacinthus
NetPhoto,J02,29,0.6771905689389114,J02_TPC,J,1,464,20.79769841,Ahya,Acropora hyacinthus
NetPhoto,J02,30,0.6281166607037971,J02_TPC,J,1,464,20.79769841,Ahya,Acropora hyacinthus
NetPhoto,J02,31,0.5546627351120234,J02_TPC,J,1,464,20.79769841,Ahya,Acropora hyacinthus
NetPhoto,J02,32,0.46480597614663555,J02_TPC,J,1,464,20.79769841,Ahya,Acropora hyacinthus
NetPhoto,J02,34,0.28268506137728594,J02_TPC,J,1,464,20.79769841,Ahya,Acropora hyacinthus
NetPhoto,B02,24.5,0.5777964485040609,B02_TPC,B,1,464,18.64110773,Mvie,Montipora vietnamensis
NetPhoto,B02,26,0.6393742105210776,B02_TPC,B,1,464,18.64110773,Mvie,Montipora vietnamensis
NetPhoto,B02,27,0.6743534959122411,B02_TPC,B,1,464,18.64110773,Mvie,Montipora vietnamensis
NetPhoto,B02,28,0.6988875473745928,B02_TPC,B,1,464,18.64110773,Mvie,Montipora vietnamensis
NetPhoto,B02,29,0.706687721904911,B02_TPC,B,1,464,18.64110773,Mvie,Montipora vietnamensis
NetPhoto,B02,30,0.6913883827719661,B02_TPC,B,1,464,18.64110773,Mvie,Montipora vietnamensis
NetPhoto,B02,31,0.6490276572042124,B02_TPC,B,1,464,18.64110773,Mvie,Montipora vietnamensis
NetPhoto,B02,32,0.5808942682760867,B02_TPC,B,1,464,18.64110773,Mvie,Montipora vietnamensis
NetPhoto,B02,34,0.40160475284153596,B02_TPC,B,1,464,18.64110773,Mvie,Montipora vietnamensis
NetPhoto,H02,24.5,0.4789400596986734,H02_TPC,H,1,455,37.79520607,Maeq,Montipora aequituberculata
NetPhoto,H02,26,0.507522480895418,H02_TPC,H,1,455,37.79520607,Maeq,Montipora aequituberculata
NetPhoto,H02,27,0.5213556533108444,H02_TPC,H,1,455,37.79520607,Maeq,Montipora aequituberculata
NetPhoto,H02,28,0.5279687225943805,H02_TPC,H,1,455,37.79520607,Maeq,Montipora aequituberculata
NetPhoto,H02,29,0.5240954776582272,H02_TPC,H,1,455,37.79520607,Maeq,Montipora aequituberculata
NetPhoto,H02,30,0.5064901899253637,H02_TPC,H,1,455,37.79520607,Maeq,Montipora aequituberculata
NetPhoto,H02,31,0.47308126564730896,H02_TPC,H,1,455,37.79520607,Maeq,Montipora aequituberculata
NetPhoto,H02,32,0.4243824452153011,H02_TPC,H,1,455,37.79520607,Maeq,Montipora aequituberculata
NetPhoto,H02,34,0.2991910057072587,H02_TPC,H,1,455,37.79520607,Maeq,Montipora aequituberculata
NetPhoto,E03,24.5,0.6449002427157057,E03_TPC,E,1,457,37.62293403,Peyd,Pocillopora eydouxi
NetPhoto,E03,26,0.684549937698198,E03_TPC,E,1,457,37.62293403,Peyd,Pocillopora eydouxi
NetPhoto,E03,27,0.7056726126093673,E03_TPC,E,1,457,37.62293403,Peyd,Pocillopora eydouxi
NetPhoto,E03,28,0.7192815437282806,E03_TPC,E,1,457,37.62293403,Peyd,Pocillopora eydouxi
NetPhoto,E03,29,0.7217014047895501,E03_TPC,E,1,457,37.62293403,Peyd,Pocillopora eydouxi
NetPhoto,E03,30,0.7088814322707417,E03_TPC,E,1,457,37.62293403,Peyd,Pocillopora eydouxi
NetPhoto,E03,31,0.6773672295465178,E03_TPC,E,1,457,37.62293403,Peyd,Pocillopora eydouxi
NetPhoto,E03,32,0.6257952330849353,E03_TPC,E,1,457,37.62293403,Peyd,Pocillopora eydouxi
NetPhoto,E03,34,0.47481573285788664,E03_TPC,E,1,457,37.62293403,Peyd,Pocillopora eydouxi
NetPhoto,I03,24.5,0.40264219396168993,I03_TPC,I,1,459,30.56935118,Tfro,Turbinaria frondens
NetPhoto,I03,26,0.4432661298265122,I03_TPC,I,1,459,30.56935118,Tfro,Turbinaria frondens
NetPhoto,I03,27,0.466676983771596,I03_TPC,I,1,459,30.56935118,Tfro,Turbinaria frondens
NetPhoto,I03,28,0.4836326369960376,I03_TPC,I,1,459,30.56935118,Tfro,Turbinaria frondens
NetPhoto,I03,29,0.4900044447842113,I03_TPC,I,1,459,30.56935118,Tfro,Turbinaria frondens
NetPhoto,I03,30,0.48132305075214793,I03_TPC,I,1,459,30.56935118,Tfro,Turbinaria frondens
NetPhoto,I03,31,0.45431770884935346,I03_TPC,I,1,459,30.56935118,Tfro,Turbinaria frondens
NetPhoto,I03,32,0.40898928251797567,I03_TPC,I,1,459,30.56935118,Tfro,Turbinaria frondens
NetPhoto,I03,34,0.28465896842029287,I03_TPC,I,1,459,30.56935118,Tfro,Turbinaria frondens
NetPhoto,A03,24.5,0.864872596238413,A03_TPC,A,1,461,19.11326072,Pcyl,Porites cylindrica
NetPhoto,A03,26,0.8820943075322996,A03_TPC,A,1,461,19.11326072,Pcyl,Porites cylindrica
NetPhoto,A03,27,0.8860898400986899,A03_TPC,A,1,461,19.11326072,Pcyl,Porites cylindrica
NetPhoto,A03,28,0.8817619616978893,A03_TPC,A,1,461,19.11326072,Pcyl,Porites cylindrica
NetPhoto,A03,29,0.8669235874276896,A03_TPC,A,1,461,19.11326072,Pcyl,Porites cylindrica
NetPhoto,A03,30,0.839558028821358,A03_TPC,A,1,461,19.11326072,Pcyl,Porites cylindrica
NetPhoto,A03,31,0.7983064630274421,A03_TPC,A,1,461,19.11326072,Pcyl,Porites cylindrica
NetPhoto,A03,32,0.7430388313154862,A03_TPC,A,1,461,19.11326072,Pcyl,Porites cylindrica
NetPhoto,A03,34,0.5983984726627974,A03_TPC,A,1,461,19.11326072,Pcyl,Porites cylindrica
NetPhoto,H04,24.5,0.5441958357720146,H04_TPC,H,1,458,41.64580512,Maeq,Montipora aequituberculata
NetPhoto,H04,26,0.6004179863359824,H04_TPC,H,1,458,41.64580512,Maeq,Montipora aequituberculata
NetPhoto,H04,27,0.6321765351898652,H04_TPC,H,1,458,41.64580512,Maeq,Montipora aequituberculata
NetPhoto,H04,28,0.6548087230383038,H04_TPC,H,1,458,41.64580512,Maeq,Montipora aequituberculata
NetPhoto,H04,29,0.6634696717445503,H04_TPC,H,1,458,41.64580512,Maeq,Montipora aequituberculata
NetPhoto,H04,30,0.6534148323301684,H04_TPC,H,1,458,41.64580512,Maeq,Montipora aequituberculata
NetPhoto,H04,31,0.6216200798705913,H04_TPC,H,1,458,41.64580512,Maeq,Montipora aequituberculata
NetPhoto,H04,32,0.5685619970736675,H04_TPC,H,1,458,41.64580512,Maeq,Montipora aequituberculata
NetPhoto,H04,34,0.42081792413949154,H04_TPC,H,1,458,41.64580512,Maeq,Montipora aequituberculata
NetPhoto,F03,24.5,0.9064196732093314,F03_TPC,F,1,463,17.6489484,Prug,Pachyseris rugosa
NetPhoto,F03,26,1.0034421428096942,F03_TPC,F,1,463,17.6489484,Prug,Pachyseris rugosa
NetPhoto,F03,27,1.0574218062496523,F03_TPC,F,1,463,17.6489484,Prug,Pachyseris rugosa
NetPhoto,F03,28,1.0962981360567476,F03_TPC,F,1,463,17.6489484,Prug,Pachyseris rugosa
NetPhoto,F03,29,1.1140063808567964,F03_TPC,F,1,463,17.6489484,Prug,Pachyseris rugosa
NetPhoto,F03,30,1.10537150747817,F03_TPC,F,1,463,17.6489484,Prug,Pachyseris rugosa
NetPhoto,F03,31,1.0676723409806763,F03_TPC,F,1,463,17.6489484,Prug,Pachyseris rugosa
NetPhoto,F03,32,1.0019373298896883,F03_TPC,F,1,463,17.6489484,Prug,Pachyseris rugosa
NetPhoto,F03,34,0.8095692833625314,F03_TPC,F,1,463,17.6489484,Prug,Pachyseris rugosa
NetPhoto,J03,24.5,0.7269482847049151,J03_TPC,J,1,461,29.80688791,Ahya,Acropora hyacinthus
NetPhoto,J03,26,0.807118924786514,J03_TPC,J,1,461,29.80688791,Ahya,Acropora hyacinthus
NetPhoto,J03,27,0.8550614164680476,J03_TPC,J,1,461,29.80688791,Ahya,Acropora hyacinthus
NetPhoto,J03,28,0.8910514231596512,J03_TPC,J,1,461,29.80688791,Ahya,Acropora hyacinthus
NetPhoto,J03,29,0.905126772560585,J03_TPC,J,1,461,29.80688791,Ahya,Acropora hyacinthus
NetPhoto,J03,30,0.8854080435132025,J03_TPC,J,1,461,29.80688791,Ahya,Acropora hyacinthus
NetPhoto,J03,31,0.8226205108788812,J03_TPC,J,1,461,29.80688791,Ahya,Acropora hyacinthus
NetPhoto,J03,32,0.7172732017719395,J03_TPC,J,1,461,29.80688791,Ahya,Acropora hyacinthus
NetPhoto,J03,34,0.44513943824707264,J03_TPC,J,1,461,29.80688791,Ahya,Acropora hyacinthus
NetPhoto,B03,24.5,0.5728552697283757,B03_TPC,B,1,465,17.06832783,Mvie,Montipora vietnamensis
NetPhoto,B03,26,0.6252008231981688,B03_TPC,B,1,465,17.06832783,Mvie,Montipora vietnamensis
NetPhoto,B03,27,0.6591638044306846,B03_TPC,B,1,465,17.06832783,Mvie,Montipora vietnamensis
NetPhoto,B03,28,0.6887411034573439,B03_TPC,B,1,465,17.06832783,Mvie,Montipora vietnamensis
NetPhoto,B03,29,0.7073641120799342,B03_TPC,B,1,465,17.06832783,Mvie,Montipora vietnamensis
NetPhoto,B03,30,0.703668854731659,B03_TPC,B,1,465,17.06832783,Mvie,Montipora vietnamensis
NetPhoto,B03,31,0.6622942383421337,B03_TPC,B,1,465,17.06832783,Mvie,Montipora vietnamensis
NetPhoto,B03,32,0.5722608845480117,B03_TPC,B,1,465,17.06832783,Mvie,Montipora vietnamensis
NetPhoto,B03,34,0.3045241684944568,B03_TPC,B,1,465,17.06832783,Mvie,Montipora vietnamensis
NetPhoto,C03,24.5,1.0958700709206555,C03_TPC,C,1,452,26.45396363,Fcom,Favites complanata
NetPhoto,C03,26,1.2298636642469563,C03_TPC,C,1,452,26.45396363,Fcom,Favites complanata
NetPhoto,C03,27,1.321472531927003,C03_TPC,C,1,452,26.45396363,Fcom,Favites complanata
NetPhoto,C03,28,1.4090602146923625,C03_TPC,C,1,452,26.45396363,Fcom,Favites complanata
NetPhoto,C03,29,1.48222427349653,C03_TPC,C,1,452,26.45396363,Fcom,Favites complanata
NetPhoto,C03,30,1.5228971297229004,C03_TPC,C,1,452,26.45396363,Fcom,Favites complanata
NetPhoto,C03,31,1.5046792226880032,C03_TPC,C,1,452,26.45396363,Fcom,Favites complanata
NetPhoto,C03,32,1.4001955966412694,C03_TPC,C,1,452,26.45396363,Fcom,Favites complanata
NetPhoto,C03,34,0.9381682353249057,C03_TPC,C,1,452,26.45396363,Fcom,Favites complanata
NetPhoto,G05,24.5,0.9669552213717706,G05_TPC,G,1,465,17.26931188,Elam,Echinopora lamellosa
NetPhoto,G05,26,1.1161097133690276,G05_TPC,G,1,465,17.26931188,Elam,Echinopora lamellosa
NetPhoto,G05,27,1.2066264273379015,G05_TPC,G,1,465,17.26931188,Elam,Echinopora lamellosa
NetPhoto,G05,28,1.2769605765060368,G05_TPC,G,1,465,17.26931188,Elam,Echinopora lamellosa
NetPhoto,G05,29,1.3124047952895201,G05_TPC,G,1,465,17.26931188,Elam,Echinopora lamellosa
NetPhoto,G05,30,1.2985774058417276,G05_TPC,G,1,465,17.26931188,Elam,Echinopora lamellosa
NetPhoto,G05,31,1.22751674783844,G05_TPC,G,1,465,17.26931188,Elam,Echinopora lamellosa
NetPhoto,G05,32,1.1035349476292466,G05_TPC,G,1,465,17.26931188,Elam,Echinopora lamellosa
NetPhoto,G05,34,0.7717603684624539,G05_TPC,G,1,465,17.26931188,Elam,Echinopora lamellosa
NetPhoto,D03,24.5,0.674850690587464,D03_TPC,D,1,463,17.32354567,Prus,Porites rus
NetPhoto,D03,26,0.7066214607506196,D03_TPC,D,1,463,17.32354567,Prus,Porites rus
NetPhoto,D03,27,0.722201784836795,D03_TPC,D,1,463,17.32354567,Prus,Porites rus
NetPhoto,D03,28,0.7310345860747647,D03_TPC,D,1,463,17.32354567,Prus,Porites rus
NetPhoto,D03,29,0.730877082991894,D03_TPC,D,1,463,17.32354567,Prus,Porites rus
NetPhoto,D03,30,0.719501576291669,D03_TPC,D,1,463,17.32354567,Prus,Porites rus
NetPhoto,D03,31,0.6951466312702418,D03_TPC,D,1,463,17.32354567,Prus,Porites rus
NetPhoto,D03,32,0.6570892391623455,D03_TPC,D,1,463,17.32354567,Prus,Porites rus
NetPhoto,D03,34,0.5448925090308209,D03_TPC,D,1,463,17.32354567,Prus,Porites rus
NetPhoto,B07,24.5,0.7481242178123066,B07_TPC,B,1,468,13.30067458,Mvie,Montipora vietnamensis
NetPhoto,B07,26,0.802768215498649,B07_TPC,B,1,468,13.30067458,Mvie,Montipora vietnamensis
NetPhoto,B07,27,0.8405084736207539,B07_TPC,B,1,468,13.30067458,Mvie,Montipora vietnamensis
NetPhoto,B07,28,0.8783300815918125,B07_TPC,B,1,468,13.30067458,Mvie,Montipora vietnamensis
NetPhoto,B07,29,0.9136364065595278,B07_TPC,B,1,468,13.30067458,Mvie,Montipora vietnamensis
NetPhoto,B07,30,0.9394510053908557,B07_TPC,B,1,468,13.30067458,Mvie,Montipora vietnamensis
NetPhoto,B07,31,0.9386406573307748,B07_TPC,B,1,468,13.30067458,Mvie,Montipora vietnamensis
NetPhoto,B07,32,0.8770304188853774,B07_TPC,B,1,468,13.30067458,Mvie,Montipora vietnamensis
NetPhoto,B07,34,0.47694442477447097,B07_TPC,B,1,468,13.30067458,Mvie,Montipora vietnamensis
NetPhoto,A07,24.5,0.9781107619331958,A07_TPC,A,1,462,13.81749069,Pcyl,Porites cylindrica
NetPhoto,A07,26,1.036766767848554,A07_TPC,A,1,462,13.81749069,Pcyl,Porites cylindrica
NetPhoto,A07,27,1.0755047611829602,A07_TPC,A,1,462,13.81749069,Pcyl,Porites cylindrica
NetPhoto,A07,28,1.1116787625360853,A07_TPC,A,1,462,13.81749069,Pcyl,Porites cylindrica
NetPhoto,A07,29,1.1408888666213528,A07_TPC,A,1,462,13.81749069,Pcyl,Porites cylindrica
NetPhoto,A07,30,1.154397735962085,A07_TPC,A,1,462,13.81749069,Pcyl,Porites cylindrica
NetPhoto,A07,31,1.136541605467246,A07_TPC,A,1,462,13.81749069,Pcyl,Porites cylindrica
NetPhoto,A07,32,1.0645972622259803,A07_TPC,A,1,462,13.81749069,Pcyl,Porites cylindrica
NetPhoto,A07,34,0.7089943276738113,A07_TPC,A,1,462,13.81749069,Pcyl,Porites cylindrica
NetPhoto,E07,24.5,0.886268292830509,E07_TPC,E,1,462,18.03177515,Peyd,Pocillopora eydouxi
NetPhoto,E07,26,0.97729852500647,E07_TPC,E,1,462,18.03177515,Peyd,Pocillopora eydouxi
NetPhoto,E07,27,1.0313625701461178,E07_TPC,E,1,462,18.03177515,Peyd,Pocillopora eydouxi
NetPhoto,E07,28,1.0733629821151671,E07_TPC,E,1,462,18.03177515,Peyd,Pocillopora eydouxi
NetPhoto,E07,29,1.0952573881439083,E07_TPC,E,1,462,18.03177515,Peyd,Pocillopora eydouxi
NetPhoto,E07,30,1.0879499675595254,E07_TPC,E,1,462,18.03177515,Peyd,Pocillopora eydouxi
NetPhoto,E07,31,1.0437975542872702,E07_TPC,E,1,462,18.03177515,Peyd,Pocillopora eydouxi
NetPhoto,E07,32,0.9603980751115397,E07_TPC,E,1,462,18.03177515,Peyd,Pocillopora eydouxi
NetPhoto,E07,34,0.7072647410727997,E07_TPC,E,1,462,18.03177515,Peyd,Pocillopora eydouxi
NetPhoto,J07,24.5,0.7047906433834885,J07_TPC,J,1,465,16.49727793,Ahya,Acropora hyacinthus
NetPhoto,J07,26,0.7939065052592478,J07_TPC,J,1,465,16.49727793,Ahya,Acropora hyacinthus
NetPhoto,J07,27,0.8511497711568212,J07_TPC,J,1,465,16.49727793,Ahya,Acropora hyacinthus
NetPhoto,J07,28,0.8998271755020506,J07_TPC,J,1,465,16.49727793,Ahya,Acropora hyacinthus
NetPhoto,J07,29,0.929732435301325,J07_TPC,J,1,465,16.49727793,Ahya,Acropora hyacinthus
NetPhoto,J07,30,0.9267458222722897,J07_TPC,J,1,465,16.49727793,Ahya,Acropora hyacinthus
NetPhoto,J07,31,0.8766697317690186,J07_TPC,J,1,465,16.49727793,Ahya,Acropora hyacinthus
NetPhoto,J07,32,0.774309896984454,J07_TPC,J,1,465,16.49727793,Ahya,Acropora hyacinthus
NetPhoto,J07,34,0.4781568125039511,J07_TPC,J,1,465,16.49727793,Ahya,Acropora hyacinthus
NetPhoto,C07,24.5,1.154297850016454,C07_TPC,C,1,463,12.85404337,Fcom,Favites complanata
NetPhoto,C07,26,1.2290765756374784,C07_TPC,C,1,463,12.85404337,Fcom,Favites complanata
NetPhoto,C07,27,1.2800295500703849,C07_TPC,C,1,463,12.85404337,Fcom,Favites complanata
NetPhoto,C07,28,1.3302172455051136,C07_TPC,C,1,463,12.85404337,Fcom,Favites complanata
NetPhoto,C07,29,1.3758202939029223,C07_TPC,C,1,463,12.85404337,Fcom,Favites complanata
NetPhoto,C07,30,1.4077860597334022,C07_TPC,C,1,463,12.85404337,Fcom,Favites complanata
NetPhoto,C07,31,1.4063134374933794,C07_TPC,C,1,463,12.85404337,Fcom,Favites complanata
NetPhoto,C07,32,1.3350153819525972,C07_TPC,C,1,463,12.85404337,Fcom,Favites complanata
NetPhoto,C07,34,0.8538441594944467,C07_TPC,C,1,463,12.85404337,Fcom,Favites complanata
NetPhoto,F07,24.5,1.1105361710379311,F07_TPC,F,1,444,25.48732609,Prug,Pachyseris rugosa
NetPhoto,F07,26,1.1725639571742867,F07_TPC,F,1,444,25.48732609,Prug,Pachyseris rugosa
NetPhoto,F07,27,1.2127571948957883,F07_TPC,F,1,444,25.48732609,Prug,Pachyseris rugosa
NetPhoto,F07,28,1.248740185730552,F07_TPC,F,1,444,25.48732609,Prug,Pachyseris rugosa
NetPhoto,F07,29,1.2740553792442786,F07_TPC,F,1,444,25.48732609,Prug,Pachyseris rugosa
NetPhoto,F07,30,1.2758638937256668,F07_TPC,F,1,444,25.48732609,Prug,Pachyseris rugosa
NetPhoto,F07,31,1.231882372430787,F07_TPC,F,1,444,25.48732609,Prug,Pachyseris rugosa
NetPhoto,F07,32,1.1135434015569172,F07_TPC,F,1,444,25.48732609,Prug,Pachyseris rugosa
NetPhoto,F07,34,0.6481756595902575,F07_TPC,F,1,444,25.48732609,Prug,Pachyseris rugosa
NetPhoto,D07,24.5,0.9053098513038337,D07_TPC,D,1,465,13.26877235,Prus,Porites rus
NetPhoto,D07,26,0.966759716319515,D07_TPC,D,1,465,13.26877235,Prus,Porites rus
NetPhoto,D07,27,1.0025120718014073,D07_TPC,D,1,465,13.26877235,Prus,Porites rus
NetPhoto,D07,28,1.0301846474966365,D07_TPC,D,1,465,13.26877235,Prus,Porites rus
NetPhoto,D07,29,1.0450670729442701,D07_TPC,D,1,465,13.26877235,Prus,Porites rus
NetPhoto,D07,30,1.0414218582595585,D07_TPC,D,1,465,13.26877235,Prus,Porites rus
NetPhoto,D07,31,1.0133586541359405,D07_TPC,D,1,465,13.26877235,Prus,Porites rus
NetPhoto,D07,32,0.9566150242991975,D07_TPC,D,1,465,13.26877235,Prus,Porites rus
NetPhoto,D07,34,0.7615865201148613,D07_TPC,D,1,465,13.26877235,Prus,Porites rus
NetPhoto,I07,24.5,0.6852191922449054,I07_TPC,I,1,466,10.84739316,Tfro,Turbinaria frondens
NetPhoto,I07,26,0.7312573860603385,I07_TPC,I,1,466,10.84739316,Tfro,Turbinaria frondens
NetPhoto,I07,27,0.7583848948145264,I07_TPC,I,1,466,10.84739316,Tfro,Turbinaria frondens
NetPhoto,I07,28,0.7793789086878635,I07_TPC,I,1,466,10.84739316,Tfro,Turbinaria frondens
NetPhoto,I07,29,0.7899031070007287,I07_TPC,I,1,466,10.84739316,Tfro,Turbinaria frondens
NetPhoto,I07,30,0.7842333751773557,I07_TPC,I,1,466,10.84739316,Tfro,Turbinaria frondens
NetPhoto,I07,31,0.7560935205500344,I07_TPC,I,1,466,10.84739316,Tfro,Turbinaria frondens
NetPhoto,I07,32,0.7008687204553856,I07_TPC,I,1,466,10.84739316,Tfro,Turbinaria frondens
NetPhoto,I07,34,0.5175093686886619,I07_TPC,I,1,466,10.84739316,Tfro,Turbinaria frondens
NetPhoto,G07,24.5,0.7023500738960501,G07_TPC,G,1,462,20.22026807,Elam,Echinopora lamellosa
NetPhoto,G07,26,0.757796263234583,G07_TPC,G,1,462,20.22026807,Elam,Echinopora lamellosa
NetPhoto,G07,27,0.7890073005340111,G07_TPC,G,1,462,20.22026807,Elam,Echinopora lamellosa
NetPhoto,G07,28,0.8111676449328509,G07_TPC,G,1,462,20.22026807,Elam,Echinopora lamellosa
NetPhoto,G07,29,0.8190902538453894,G07_TPC,G,1,462,20.22026807,Elam,Echinopora lamellosa
NetPhoto,G07,30,0.8069538224636411,G07_TPC,G,1,462,20.22026807,Elam,Echinopora lamellosa
NetPhoto,G07,31,0.769846958955678,G07_TPC,G,1,462,20.22026807,Elam,Echinopora lamellosa
NetPhoto,G07,32,0.7061573924865211,G07_TPC,G,1,462,20.22026807,Elam,Echinopora lamellosa
NetPhoto,G07,34,0.519449000422101,G07_TPC,G,1,462,20.22026807,Elam,Echinopora lamellosa
NetPhoto,H07,24.5,0.6708676431957247,H07_TPC,H,1,468,19.99695246,Maeq,Montipora aequituberculata
NetPhoto,H07,26,0.6975785172439664,H07_TPC,H,1,468,19.99695246,Maeq,Montipora aequituberculata
NetPhoto,H07,27,0.7097165431728351,H07_TPC,H,1,468,19.99695246,Maeq,Montipora aequituberculata
NetPhoto,H07,28,0.7152512254864074,H07_TPC,H,1,468,19.99695246,Maeq,Montipora aequituberculata
NetPhoto,H07,29,0.7121877404075846,H07_TPC,H,1,468,19.99695246,Maeq,Montipora aequituberculata
NetPhoto,H07,30,0.6985982986033068,H07_TPC,H,1,468,19.99695246,Maeq,Montipora aequituberculata
NetPhoto,H07,31,0.6730230976205558,H07_TPC,H,1,468,19.99695246,Maeq,Montipora aequituberculata
NetPhoto,H07,32,0.634959273606881,H07_TPC,H,1,468,19.99695246,Maeq,Montipora aequituberculata
NetPhoto,H07,34,0.5263579617903582,H07_TPC,H,1,468,19.99695246,Maeq,Montipora aequituberculata
NetPhoto,H08,24.5,0.3869629113991541,H08_TPC,H,1,466,15.57211329,Maeq,Montipora aequituberculata
NetPhoto,H08,26,0.41843617756000956,H08_TPC,H,1,466,15.57211329,Maeq,Montipora aequituberculata
NetPhoto,H08,27,0.4351670220979946,H08_TPC,H,1,466,15.57211329,Maeq,Montipora aequituberculata
NetPhoto,H08,28,0.44588495996933614,H08_TPC,H,1,466,15.57211329,Maeq,Montipora aequituberculata
NetPhoto,H08,29,0.44791155193441706,H08_TPC,H,1,466,15.57211329,Maeq,Montipora aequituberculata
NetPhoto,H08,30,0.43869039924376374,H08_TPC,H,1,466,15.57211329,Maeq,Montipora aequituberculata
NetPhoto,H08,31,0.4166201156998536,H08_TPC,H,1,466,15.57211329,Maeq,Montipora aequituberculata
NetPhoto,H08,32,0.381967374872807,H08_TPC,H,1,466,15.57211329,Maeq,Montipora aequituberculata
NetPhoto,H08,34,0.2870733983187294,H08_TPC,H,1,466,15.57211329,Maeq,Montipora aequituberculata
NetPhoto,E08,24.5,0.8413583922996524,E08_TPC,E,1,461,30.03020351,Peyd,Pocillopora eydouxi
NetPhoto,E08,26,0.8837760728631375,E08_TPC,E,1,461,30.03020351,Peyd,Pocillopora eydouxi
NetPhoto,E08,27,0.9103036163987763,E08_TPC,E,1,461,30.03020351,Peyd,Pocillopora eydouxi
NetPhoto,E08,28,0.9329079789220414,E08_TPC,E,1,461,30.03020351,Peyd,Pocillopora eydouxi
NetPhoto,E08,29,0.9473481778391771,E08_TPC,E,1,461,30.03020351,Peyd,Pocillopora eydouxi
NetPhoto,E08,30,0.9463322132380415,E08_TPC,E,1,461,30.03020351,Peyd,Pocillopora eydouxi
NetPhoto,E08,31,0.9187783770091899,E08_TPC,E,1,461,30.03020351,Peyd,Pocillopora eydouxi
NetPhoto,E08,32,0.8515682805232894,E08_TPC,E,1,461,30.03020351,Peyd,Pocillopora eydouxi
NetPhoto,E08,34,0.5839184482405961,E08_TPC,E,1,461,30.03020351,Peyd,Pocillopora eydouxi
NetPhoto,D04,24.5,1.2617714631710695,D04_TPC,D,1,460,15.43174348,Prus,Porites rus
NetPhoto,D04,26,1.364646969602787,D04_TPC,D,1,460,15.43174348,Prus,Porites rus
NetPhoto,D04,27,1.4257634675622017,D04_TPC,D,1,460,15.43174348,Prus,Porites rus
NetPhoto,D04,28,1.4753668303451044,D04_TPC,D,1,460,15.43174348,Prus,Porites rus
NetPhoto,D04,29,1.5072152281001,D04_TPC,D,1,460,15.43174348,Prus,Porites rus
NetPhoto,D04,30,1.5141751331918605,D04_TPC,D,1,460,15.43174348,Prus,Porites rus
NetPhoto,D04,31,1.4893506118032263,D04_TPC,D,1,460,15.43174348,Prus,Porites rus
NetPhoto,D04,32,1.427957310183275,D04_TPC,D,1,460,15.43174348,Prus,Porites rus
NetPhoto,D04,34,1.199107828409248,D04_TPC,D,1,460,15.43174348,Prus,Porites rus
NetPhoto,J08,24.5,0.6281378697474839,J08_TPC,J,1,464,15.59444485,Ahya,Acropora hyacinthus
NetPhoto,J08,26,0.6996724446154758,J08_TPC,J,1,464,15.59444485,Ahya,Acropora hyacinthus
NetPhoto,J08,27,0.7445429945781132,J08_TPC,J,1,464,15.59444485,Ahya,Acropora hyacinthus
NetPhoto,J08,28,0.7828453661751891,J08_TPC,J,1,464,15.59444485,Ahya,Acropora hyacinthus
NetPhoto,J08,29,0.8091474684925903,J08_TPC,J,1,464,15.59444485,Ahya,Acropora hyacinthus
NetPhoto,J08,30,0.8167689510808783,J08_TPC,J,1,464,15.59444485,Ahya,Acropora hyacinthus
NetPhoto,J08,31,0.7991040300796384,J08_TPC,J,1,464,15.59444485,Ahya,Acropora hyacinthus
NetPhoto,J08,32,0.7521228210367419,J08_TPC,J,1,464,15.59444485,Ahya,Acropora hyacinthus
NetPhoto,J08,34,0.581911119085206,J08_TPC,J,1,464,15.59444485,Ahya,Acropora hyacinthus
NetPhoto,F08,24.5,0.7445277956297632,F08_TPC,F,1,457,24.85885218,Prug,Pachyseris rugosa
NetPhoto,F08,26,0.8324804105218556,F08_TPC,F,1,457,24.85885218,Prug,Pachyseris rugosa
NetPhoto,F08,27,0.8850097913638548,F08_TPC,F,1,457,24.85885218,Prug,Pachyseris rugosa
NetPhoto,F08,28,0.9238314612898378,F08_TPC,F,1,457,24.85885218,Prug,Pachyseris rugosa
NetPhoto,F08,29,0.9373613929118293,F08_TPC,F,1,457,24.85885218,Prug,Pachyseris rugosa
NetPhoto,F08,30,0.9122114858941055,F08_TPC,F,1,457,24.85885218,Prug,Pachyseris rugosa
NetPhoto,F08,31,0.8390609730538925,F08_TPC,F,1,457,24.85885218,Prug,Pachyseris rugosa
NetPhoto,F08,32,0.721008711507307,F08_TPC,F,1,457,24.85885218,Prug,Pachyseris rugosa
NetPhoto,F08,34,0.43202429433666556,F08_TPC,F,1,457,24.85885218,Prug,Pachyseris rugosa
NetPhoto,I08,24.5,1.2217909847128725,I08_TPC,I,1,465,7.194587934,Tfro,Turbinaria frondens
NetPhoto,I08,26,1.286023221836429,I08_TPC,I,1,465,7.194587934,Tfro,Turbinaria frondens
NetPhoto,I08,27,1.3189148985902328,I08_TPC,I,1,465,7.194587934,Tfro,Turbinaria frondens
NetPhoto,I08,28,1.3398629307983643,I08_TPC,I,1,465,7.194587934,Tfro,Turbinaria frondens
NetPhoto,I08,29,1.3449714283857082,I08_TPC,I,1,465,7.194587934,Tfro,Turbinaria frondens
NetPhoto,I08,30,1.3304055433392055,I08_TPC,I,1,465,7.194587934,Tfro,Turbinaria frondens
NetPhoto,I08,31,1.2931176403537559,I08_TPC,I,1,465,7.194587934,Tfro,Turbinaria frondens
NetPhoto,I08,32,1.2317412353589108,I08_TPC,I,1,465,7.194587934,Tfro,Turbinaria frondens
NetPhoto,I08,34,1.0439079844998596,I08_TPC,I,1,465,7.194587934,Tfro,Turbinaria frondens
NetPhoto,G08,24.5,0.7669630366495611,G08_TPC,G,1,461,22.74054416,Elam,Echinopora lamellosa
NetPhoto,G08,26,0.8708060214520887,G08_TPC,G,1,461,22.74054416,Elam,Echinopora lamellosa
NetPhoto,G08,27,0.9326340455937799,G08_TPC,G,1,461,22.74054416,Elam,Echinopora lamellosa
NetPhoto,G08,28,0.9799584009404072,G08_TPC,G,1,461,22.74054416,Elam,Echinopora lamellosa
NetPhoto,G08,29,1.0032886262700456,G08_TPC,G,1,461,22.74054416,Elam,Echinopora lamellosa
NetPhoto,G08,30,0.9932569769719702,G08_TPC,G,1,461,22.74054416,Elam,Echinopora lamellosa
NetPhoto,G08,31,0.9441838544304432,G08_TPC,G,1,461,22.74054416,Elam,Echinopora lamellosa
NetPhoto,G08,32,0.8577697493724733,G08_TPC,G,1,461,22.74054416,Elam,Echinopora lamellosa
NetPhoto,G08,34,0.6184177674150719,G08_TPC,G,1,461,22.74054416,Elam,Echinopora lamellosa
NetPhoto,A08,24.5,0.9696970608524993,A08_TPC,A,1,464,13.2751528,Pcyl,Porites cylindrica
NetPhoto,A08,26,1.05395592146773,A08_TPC,A,1,464,13.2751528,Pcyl,Porites cylindrica
NetPhoto,A08,27,1.1047232004605732,A08_TPC,A,1,464,13.2751528,Pcyl,Porites cylindrica
NetPhoto,A08,28,1.1468198678823707,A08_TPC,A,1,464,13.2751528,Pcyl,Porites cylindrica
NetPhoto,A08,29,1.1753256678727102,A08_TPC,A,1,464,13.2751528,Pcyl,Porites cylindrica
NetPhoto,A08,30,1.1845872551089518,A08_TPC,A,1,464,13.2751528,Pcyl,Porites cylindrica
NetPhoto,A08,31,1.1690870225438046,A08_TPC,A,1,464,13.2751528,Pcyl,Porites cylindrica
NetPhoto,A08,32,1.1248953225876244,A08_TPC,A,1,464,13.2751528,Pcyl,Porites cylindrica
NetPhoto,A08,34,0.9522475410698109,A08_TPC,A,1,464,13.2751528,Pcyl,Porites cylindrica
NetPhoto,C08,24.5,0.5578183589867233,C08_TPC,C,1,467,8.907737636,Fcom,Favites complanata
NetPhoto,C08,26,0.6034595250816077,C08_TPC,C,1,467,8.907737636,Fcom,Favites complanata
NetPhoto,C08,27,0.632336465988476,C08_TPC,C,1,467,8.907737636,Fcom,Favites complanata
NetPhoto,C08,28,0.6575407499690635,C08_TPC,C,1,467,8.907737636,Fcom,Favites complanata
NetPhoto,C08,29,0.6755981648705468,C08_TPC,C,1,467,8.907737636,Fcom,Favites complanata
NetPhoto,C08,30,0.6814892750714218,C08_TPC,C,1,467,8.907737636,Fcom,Favites complanata
NetPhoto,C08,31,0.6689504611228835,C08_TPC,C,1,467,8.907737636,Fcom,Favites complanata
NetPhoto,C08,32,0.6320597484915743,C08_TPC,C,1,467,8.907737636,Fcom,Favites complanata
NetPhoto,C08,34,0.4824231871012734,C08_TPC,C,1,467,8.907737636,Fcom,Favites complanata
NetPhoto,A01,24.5,0.6586725165998109,A01_TPC,A,1,463,24.72486281,Pcyl,Porites cylindrica
NetPhoto,A01,26,0.7426239734575786,A01_TPC,A,1,463,24.72486281,Pcyl,Porites cylindrica
NetPhoto,A01,27,0.7927326942821117,A01_TPC,A,1,463,24.72486281,Pcyl,Porites cylindrica
NetPhoto,A01,28,0.8305369213266802,A01_TPC,A,1,463,24.72486281,Pcyl,Porites cylindrica
NetPhoto,A01,29,0.8468815912514086,A01_TPC,A,1,463,24.72486281,Pcyl,Porites cylindrica
NetPhoto,A01,30,0.8319981820470034,A01_TPC,A,1,463,24.72486281,Pcyl,Porites cylindrica
NetPhoto,A01,31,0.779492824692816,A01_TPC,A,1,463,24.72486281,Pcyl,Porites cylindrica
NetPhoto,A01,32,0.6911970255591147,A01_TPC,A,1,463,24.72486281,Pcyl,Porites cylindrica
NetPhoto,A01,34,0.45975212077163924,A01_TPC,A,1,463,24.72486281,Pcyl,Porites cylindrica
