PR,frag_ID,temp_c_value,.fitted,sample_ID,weight_g,volume_mL,SA_cm2,species
Respiration,A01,24.5,8.953218625409294,A01_TPC,1,463,24.72486281,Pcyl
Respiration,A01,26,10.154195204643454,A01_TPC,1,463,24.72486281,Pcyl
Respiration,A01,27,10.9561737193469,A01_TPC,1,463,24.72486281,Pcyl
Respiration,A01,28,11.737696331219592,A01_TPC,1,463,24.72486281,Pcyl
Respiration,A01,29,12.477549235675509,A01_TPC,1,463,24.72486281,Pcyl
Respiration,A01,30,13.153221421769516,A01_TPC,1,463,24.72486281,Pcyl
Respiration,A01,31,13.742405859480552,A01_TPC,1,463,24.72486281,Pcyl
Respiration,A01,32,14.224763842115209,A01_TPC,1,463,24.72486281,Pcyl
Respiration,A01,34,14.807981557831166,A01_TPC,1,463,24.72486281,Pcyl
Respiration,G01,24.5,6.8954136621241675,G01_TPC,1,460,20.38296944,Elam
Respiration,G01,26,8.074638111233941,G01_TPC,1,460,20.38296944,Elam
Respiration,G01,27,8.886219087172266,G01_TPC,1,460,20.38296944,Elam
Respiration,G01,28,9.68891293446895,G01_TPC,1,460,20.38296944,Elam
Respiration,G01,29,10.449443187890031,G01_TPC,1,460,20.38296944,Elam
Respiration,G01,30,11.128733576816625,G01_TPC,1,460,20.38296944,Elam
Respiration,G01,31,11.685216771442239,G01_TPC,1,460,20.38296944,Elam
Respiration,G01,32,12.079882622880254,G01_TPC,1,460,20.38296944,Elam
Respiration,G01,34,12.275932919953226,G01_TPC,1,460,20.38296944,Elam
Respiration,I01,24.5,8.377055421428711,I01_TPC,1,468,26.20193602,Tfro
Respiration,I01,26,9.442662580737823,I01_TPC,1,468,26.20193602,Tfro
Respiration,I01,27,10.158939597343418,I01_TPC,1,468,26.20193602,Tfro
Respiration,I01,28,10.866041786111463,I01_TPC,1,468,26.20193602,Tfro
Respiration,I01,29,11.55065908338991,I01_TPC,1,468,26.20193602,Tfro
Respiration,I01,30,12.198815915718836,I01_TPC,1,468,26.20193602,Tfro
Respiration,I01,31,12.79657099108493,I01_TPC,1,468,26.20193602,Tfro
Respiration,I01,32,13.330803123961218,I01_TPC,1,468,26.20193602,Tfro
Respiration,I01,34,14.1649748425494,I01_TPC,1,468,26.20193602,Tfro
Respiration,H01,24.5,8.33867049895333,H01_TPC,1,461,32.84078989,Maeq
Respiration,H01,26,9.488822762343704,H01_TPC,1,461,32.84078989,Maeq
Respiration,H01,27,10.245571681258598,H01_TPC,1,461,32.84078989,Maeq
Respiration,H01,28,10.958300656981555,H01_TPC,1,461,32.84078989,Maeq
Respiration,H01,29,11.58794576925467,H01_TPC,1,461,32.84078989,Maeq
Respiration,H01,30,12.090660597620085,H01_TPC,1,461,32.84078989,Maeq
Respiration,H01,31,12.422553107626161,H01_TPC,1,461,32.84078989,Maeq
Respiration,H01,32,12.54644522145426,H01_TPC,1,461,32.84078989,Maeq
Respiration,H01,34,12.098262446318365,H01_TPC,1,461,32.84078989,Maeq
Respiration,G02,24.5,7.3568402337078505,G02_TPC,1,461,16.88329491,Elam
Respiration,G02,26,8.6539233122294,G02_TPC,1,461,16.88329491,Elam
Respiration,G02,27,9.551724772791953,G02_TPC,1,461,16.88329491,Elam
Respiration,G02,28,10.438217227819548,G02_TPC,1,461,16.88329491,Elam
Respiration,G02,29,11.267079325452945,G02_TPC,1,461,16.88329491,Elam
Respiration,G02,30,11.980866793618022,G02_TPC,1,461,16.88329491,Elam
Respiration,G02,31,12.516212083275521,G02_TPC,1,461,16.88329491,Elam
Respiration,G02,32,12.81340590086441,G02_TPC,1,461,16.88329491,Elam
Respiration,G02,34,12.547226329612943,G02_TPC,1,461,16.88329491,Elam
Respiration,A02,24.5,9.12998334464194,A02_TPC,1,459,19.14835317,Pcyl
Respiration,A02,26,11.678870168356495,A02_TPC,1,459,19.14835317,Pcyl
Respiration,A02,27,13.026580539799056,A02_TPC,1,459,19.14835317,Pcyl
Respiration,A02,28,14.00207905913552,A02_TPC,1,459,19.14835317,Pcyl
Respiration,A02,29,14.613675693144817,A02_TPC,1,459,19.14835317,Pcyl
Respiration,A02,30,14.917609161148171,A02_TPC,1,459,19.14835317,Pcyl
Respiration,A02,31,14.986560128847154,A02_TPC,1,459,19.14835317,Pcyl
Respiration,A02,32,14.888892748404334,A02_TPC,1,459,19.14835317,Pcyl
Respiration,A02,34,14.400034381012434,A02_TPC,1,459,19.14835317,Pcyl
Respiration,H02,24.5,3.364933217858557,H02_TPC,1,455,37.79520607,Maeq
Respiration,H02,26,4.111469349940066,H02_TPC,1,455,37.79520607,Maeq
Respiration,H02,27,4.48308205038549,H02_TPC,1,455,37.79520607,Maeq
Respiration,H02,28,4.746864521786518,H02_TPC,1,455,37.79520607,Maeq
Respiration,H02,29,4.91547878878957,H02_TPC,1,455,37.79520607,Maeq
Respiration,H02,30,5.008357013428924,H02_TPC,1,455,37.79520607,Maeq
Respiration,H02,31,5.0451269077721355,H02_TPC,1,455,37.79520607,Maeq
Respiration,H02,32,5.042386341118,H02_TPC,1,455,37.79520607,Maeq
Respiration,H02,34,4.965726713624363,H02_TPC,1,455,37.79520607,Maeq
Respiration,A03,24.5,9.627383532937442,A03_TPC,1,461,19.11326072,Pcyl
Respiration,A03,26,12.356869725251272,A03_TPC,1,461,19.11326072,Pcyl
Respiration,A03,27,13.287356505601812,A03_TPC,1,461,19.11326072,Pcyl
Respiration,A03,28,13.730763416716325,A03_TPC,1,461,19.11326072,Pcyl
Respiration,A03,29,13.8921672399555,A03_TPC,1,461,19.11326072,Pcyl
Respiration,A03,30,13.905025193919036,A03_TPC,1,461,19.11326072,Pcyl
Respiration,A03,31,13.843536656467528,A03_TPC,1,461,19.11326072,Pcyl
Respiration,A03,32,13.746110035975446,A03_TPC,1,461,19.11326072,Pcyl
Respiration,A03,34,13.510681740099118,A03_TPC,1,461,19.11326072,Pcyl
Respiration,C03,24.5,7.76093169856301,C03_TPC,1,452,26.45396363,Fcom
Respiration,C03,26,10.457120092374598,C03_TPC,1,452,26.45396363,Fcom
Respiration,C03,27,12.366792648440578,C03_TPC,1,452,26.45396363,Fcom
Respiration,C03,28,14.164753883541215,C03_TPC,1,452,26.45396363,Fcom
Respiration,C03,29,15.629108600215295,C03_TPC,1,452,26.45396363,Fcom
Respiration,C03,30,16.557390029613074,C03_TPC,1,452,26.45396363,Fcom
Respiration,C03,31,16.836510117032475,C03_TPC,1,452,26.45396363,Fcom
Respiration,C03,32,16.479812627541342,C03_TPC,1,452,26.45396363,Fcom
Respiration,C03,34,14.395414441453866,C03_TPC,1,452,26.45396363,Fcom
Respiration,G05,24.5,7.8561526002564745,G05_TPC,1,465,17.26931188,Elam
Respiration,G05,26,9.611336421752995,G05_TPC,1,465,17.26931188,Elam
Respiration,G05,27,10.548301295587033,G05_TPC,1,465,17.26931188,Elam
Respiration,G05,28,11.300546586706183,G05_TPC,1,465,17.26931188,Elam
Respiration,G05,29,11.896353447395647,G05_TPC,1,465,17.26931188,Elam
Respiration,G05,30,12.370458546032532,G05_TPC,1,465,17.26931188,Elam
Respiration,G05,31,12.75502639861324,G05_TPC,1,465,17.26931188,Elam
Respiration,G05,32,13.076125358307266,G05_TPC,1,465,17.26931188,Elam
Respiration,G05,34,13.600833615639884,G05_TPC,1,465,17.26931188,Elam
Respiration,D03,24.5,9.003104943224832,D03_TPC,1,463,17.32354567,Prus
Respiration,D03,26,10.242656462524806,D03_TPC,1,463,17.32354567,Prus
Respiration,D03,27,11.046631022084904,D03_TPC,1,463,17.32354567,Prus
Respiration,D03,28,11.790909738672365,D03_TPC,1,463,17.32354567,Prus
Respiration,D03,29,12.431978610544698,D03_TPC,1,463,17.32354567,Prus
Respiration,D03,30,12.923199475777093,D03_TPC,1,463,17.32354567,Prus
Respiration,D03,31,13.220673709279557,D03_TPC,1,463,17.32354567,Prus
Respiration,D03,32,13.290643842003583,D03_TPC,1,463,17.32354567,Prus
Respiration,D03,34,12.703943368308915,D03_TPC,1,463,17.32354567,Prus
Respiration,J06,24.5,0.10973709472182097,J06_TPC,1,466,15.5880644,Ahya
Respiration,J06,26,0.5402389814440928,J06_TPC,1,466,15.5880644,Ahya
Respiration,J06,27,1.050117008498213,J06_TPC,1,466,15.5880644,Ahya
Respiration,J06,28,1.4666468475291217,J06_TPC,1,466,15.5880644,Ahya
Respiration,J06,29,1.7113021169352238,J06_TPC,1,466,15.5880644,Ahya
Respiration,J06,30,1.866127262597538,J06_TPC,1,466,15.5880644,Ahya
Respiration,J06,31,1.990941884937551,J06_TPC,1,466,15.5880644,Ahya
Respiration,J06,32,2.109508835211834,J06_TPC,1,466,15.5880644,Ahya
Respiration,J06,34,2.3550323524940597,J06_TPC,1,466,15.5880644,Ahya
Respiration,A06,24.5,4.92295660902006,A06_TPC,1,464,17.41606213,Pcyl
Respiration,A06,26,6.375852073125607,A06_TPC,1,464,17.41606213,Pcyl
Respiration,A06,27,6.902849244690854,A06_TPC,1,464,17.41606213,Pcyl
Respiration,A06,28,7.14820687734002,A06_TPC,1,464,17.41606213,Pcyl
Respiration,A06,29,7.2129688063223645,A06_TPC,1,464,17.41606213,Pcyl
Respiration,A06,30,7.174930462409095,A06_TPC,1,464,17.41606213,Pcyl
Respiration,A06,31,7.08263861926703,A06_TPC,1,464,17.41606213,Pcyl
Respiration,A06,32,6.963506498670458,A06_TPC,1,464,17.41606213,Pcyl
Respiration,A06,34,6.696578842795661,A06_TPC,1,464,17.41606213,Pcyl
Respiration,H06,24.5,2.8845938120130312,H06_TPC,1,465,24.44093297,Maeq
Respiration,H06,26,3.626138837358006,H06_TPC,1,465,24.44093297,Maeq
Respiration,H06,27,3.9677933014930886,H06_TPC,1,465,24.44093297,Maeq
Respiration,H06,28,4.170067359269101,H06_TPC,1,465,24.44093297,Maeq
Respiration,H06,29,4.250179184354706,H06_TPC,1,465,24.44093297,Maeq
Respiration,H06,30,4.2375836925288795,H06_TPC,1,465,24.44093297,Maeq
Respiration,H06,31,4.161794177215665,H06_TPC,1,465,24.44093297,Maeq
Respiration,H06,32,4.046650869629529,H06_TPC,1,465,24.44093297,Maeq
Respiration,H06,34,3.7610013007205016,H06_TPC,1,465,24.44093297,Maeq
Respiration,C06,24.5,-4.1963445570640285,C06_TPC,1,456,18.47840636,Fcom
Respiration,C06,26,-4.456133403630538,C06_TPC,1,456,18.47840636,Fcom
Respiration,C06,27,-4.631210445191199,C06_TPC,1,456,18.47840636,Fcom
Respiration,C06,28,-4.807520246412703,C06_TPC,1,456,18.47840636,Fcom
Respiration,C06,29,-4.984834093851003,C06_TPC,1,456,18.47840636,Fcom
Respiration,C06,30,-5.162930932115109,C06_TPC,1,456,18.47840636,Fcom
Respiration,C06,31,-5.341598601033297,C06_TPC,1,456,18.47840636,Fcom
Respiration,C06,32,-5.520634889713067,C06_TPC,1,456,18.47840636,Fcom
Respiration,C06,34,-5.879059260107638,C06_TPC,1,456,18.47840636,Fcom
Respiration,D06,24.5,4.051350838416772,D06_TPC,1,462,16.312245,Prus
Respiration,D06,26,5.753290759972301,D06_TPC,1,462,16.312245,Prus
Respiration,D06,27,6.781531420222418,D06_TPC,1,462,16.312245,Prus
Respiration,D06,28,7.589509795994391,D06_TPC,1,462,16.312245,Prus
Respiration,D06,29,8.129682362306294,D06_TPC,1,462,16.312245,Prus
Respiration,D06,30,8.416956191311364,D06_TPC,1,462,16.312245,Prus
Respiration,D06,31,8.501446308456151,D06_TPC,1,462,16.312245,Prus
Respiration,D06,32,8.441007787167756,D06_TPC,1,462,16.312245,Prus
Respiration,D06,34,8.072761184728602,D06_TPC,1,462,16.312245,Prus
Respiration,B06,24.5,2.731839234509722,B06_TPC,1,466,13.28791369,Mvie
Respiration,B06,26,4.097409228558649,B06_TPC,1,466,13.28791369,Mvie
Respiration,B06,27,4.167604780352594,B06_TPC,1,466,13.28791369,Mvie
Respiration,B06,28,4.0222230499624345,B06_TPC,1,466,13.28791369,Mvie
Respiration,B06,29,3.827526111253534,B06_TPC,1,466,13.28791369,Mvie
Respiration,B06,30,3.6296385262707545,B06_TPC,1,466,13.28791369,Mvie
Respiration,B06,31,3.4397344530956024,B06_TPC,1,466,13.28791369,Mvie
Respiration,B06,32,3.2600470259671237,B06_TPC,1,466,13.28791369,Mvie
Respiration,B06,34,2.930940171362743,B06_TPC,1,466,13.28791369,Mvie
Respiration,F07,24.5,11.033461538333034,F07_TPC,1,444,25.48732609,Prug
Respiration,F07,26,12.184795792243419,F07_TPC,1,444,25.48732609,Prug
Respiration,F07,27,12.904668701937338,F07_TPC,1,444,25.48732609,Prug
Respiration,F07,28,13.553612982237787,F07_TPC,1,444,25.48732609,Prug
Respiration,F07,29,14.100284104463995,F07_TPC,1,444,25.48732609,Prug
Respiration,F07,30,14.513020833557711,F07_TPC,1,444,25.48732609,Prug
Respiration,F07,31,14.763155967267554,F07_TPC,1,444,25.48732609,Prug
Respiration,F07,32,14.828791998737824,F07_TPC,1,444,25.48732609,Prug
Respiration,F07,34,14.372670805191214,F07_TPC,1,444,25.48732609,Prug
Respiration,D07,24.5,8.310369370584437,D07_TPC,1,465,13.26877235,Prus
Respiration,D07,26,12.19887661639654,D07_TPC,1,465,13.26877235,Prus
Respiration,D07,27,13.230730484313721,D07_TPC,1,465,13.26877235,Prus
Respiration,D07,28,13.545659335000995,D07_TPC,1,465,13.26877235,Prus
Respiration,D07,29,13.546706570016916,D07_TPC,1,465,13.26877235,Prus
Respiration,D07,30,13.426013273426344,D07_TPC,1,465,13.26877235,Prus
Respiration,D07,31,13.261456760289558,D07_TPC,1,465,13.26877235,Prus
Respiration,D07,32,13.082834540231115,D07_TPC,1,465,13.26877235,Prus
Respiration,D07,34,12.721032168429911,D07_TPC,1,465,13.26877235,Prus
Respiration,I07,24.5,9.68698347811103,I07_TPC,1,466,10.84739316,Tfro
Respiration,I07,26,12.332150764458538,I07_TPC,1,466,10.84739316,Tfro
Respiration,I07,27,12.829817124272884,I07_TPC,1,466,10.84739316,Tfro
Respiration,I07,28,13.041946810323356,I07_TPC,1,466,10.84739316,Tfro
Respiration,I07,29,13.16981969089499,I07_TPC,1,466,10.84739316,Tfro
Respiration,I07,30,13.273588911695482,I07_TPC,1,466,10.84739316,Tfro
Respiration,I07,31,13.37050295746847,I07_TPC,1,466,10.84739316,Tfro
Respiration,I07,32,13.465478582953619,I07_TPC,1,466,10.84739316,Tfro
Respiration,I07,34,13.654237791885219,I07_TPC,1,466,10.84739316,Tfro
Respiration,G07,24.5,4.640439966477212,G07_TPC,1,462,20.22026807,Elam
Respiration,G07,26,7.260715827326012,G07_TPC,1,462,20.22026807,Elam
Respiration,G07,27,7.906261097489436,G07_TPC,1,462,20.22026807,Elam
Respiration,G07,28,8.21442297375637,G07_TPC,1,462,20.22026807,Elam
Respiration,G07,29,8.416915511719985,G07_TPC,1,462,20.22026807,Elam
Respiration,G07,30,8.58957482660604,G07_TPC,1,462,20.22026807,Elam
Respiration,G07,31,8.754933388361419,G07_TPC,1,462,20.22026807,Elam
Respiration,G07,32,8.919546788160838,G07_TPC,1,462,20.22026807,Elam
Respiration,G07,34,9.252831710839615,G07_TPC,1,462,20.22026807,Elam
Respiration,H07,24.5,5.162029981271649,H07_TPC,1,468,19.99695246,Maeq
Respiration,H07,26,6.30900549965164,H07_TPC,1,468,19.99695246,Maeq
Respiration,H07,27,6.616788855771981,H07_TPC,1,468,19.99695246,Maeq
Respiration,H07,28,6.829903927565612,H07_TPC,1,468,19.99695246,Maeq
Respiration,H07,29,7.01709187770567,H07_TPC,1,468,19.99695246,Maeq
Respiration,H07,30,7.199021713263539,H07_TPC,1,468,19.99695246,Maeq
Respiration,H07,31,7.3817654095179135,H07_TPC,1,468,19.99695246,Maeq
Respiration,H07,32,7.567121522778382,H07_TPC,1,468,19.99695246,Maeq
Respiration,H07,34,7.947518205969074,H07_TPC,1,468,19.99695246,Maeq
Respiration,H08,24.5,5.546266014049613,H08_TPC,1,466,15.57211329,Maeq
Respiration,H08,26,6.224497139182448,H08_TPC,1,466,15.57211329,Maeq
Respiration,H08,27,6.666571152557401,H08_TPC,1,466,15.57211329,Maeq
Respiration,H08,28,7.085800714382336,H08_TPC,1,466,15.57211329,Maeq
Respiration,H08,29,7.467843815025476,H08_TPC,1,466,15.57211329,Maeq
Respiration,H08,30,7.797809261826188,H08_TPC,1,466,15.57211329,Maeq
Respiration,H08,31,8.061453804566634,H08_TPC,1,466,15.57211329,Maeq
Respiration,H08,32,8.246563695904515,H08_TPC,1,466,15.57211329,Maeq
Respiration,H08,34,8.350276102281088,H08_TPC,1,466,15.57211329,Maeq
Respiration,A08,24.5,7.386438964334144,A08_TPC,1,464,13.2751528,Pcyl
Respiration,A08,26,9.515028508960201,A08_TPC,1,464,13.2751528,Pcyl
Respiration,A08,27,10.103971143766143,A08_TPC,1,464,13.2751528,Pcyl
Respiration,A08,28,10.452478580633818,A08_TPC,1,464,13.2751528,Pcyl
Respiration,A08,29,10.715915114043622,A08_TPC,1,464,13.2751528,Pcyl
Respiration,A08,30,10.951759928995987,A08_TPC,1,464,13.2751528,Pcyl
Respiration,A08,31,11.180084135648789,A08_TPC,1,464,13.2751528,Pcyl
Respiration,A08,32,11.407801421331694,A08_TPC,1,464,13.2751528,Pcyl
Respiration,A08,34,11.86941324446124,A08_TPC,1,464,13.2751528,Pcyl
Respiration,F08,24.5,6.884710843872155,F08_TPC,1,457,24.85885218,Prug
Respiration,F08,26,7.970122250653119,F08_TPC,1,457,24.85885218,Prug
Respiration,F08,27,8.707707151169371,F08_TPC,1,457,24.85885218,Prug
Respiration,F08,28,9.4190701402972,F08_TPC,1,457,24.85885218,Prug
Respiration,F08,29,10.057455429130384,F08_TPC,1,457,24.85885218,Prug
Respiration,F08,30,10.563962524912515,F08_TPC,1,457,24.85885218,Prug
Respiration,F08,31,10.873449946290796,F08_TPC,1,457,24.85885218,Prug
Respiration,F08,32,10.926522843960795,F08_TPC,1,457,24.85885218,Prug
Respiration,F08,34,10.151143720711783,F08_TPC,1,457,24.85885218,Prug
Respiration,B03,24.5,7.728778350232997,B03_TPC,1,465,17.06832783,Mvie
Respiration,B03,26,8.902881235052313,B03_TPC,1,465,17.06832783,Mvie
Respiration,B03,27,9.623255584681495,B03_TPC,1,465,17.06832783,Mvie
Respiration,B03,28,10.25092037384875,B03_TPC,1,465,17.06832783,Mvie
Respiration,B03,29,10.751375450272239,B03_TPC,1,465,17.06832783,Mvie
Respiration,B03,30,11.097345102999618,B03_TPC,1,465,17.06832783,Mvie
Respiration,B03,31,11.272796492714324,B03_TPC,1,465,17.06832783,Mvie
Respiration,B03,32,11.275034166449503,B03_TPC,1,465,17.06832783,Mvie
Respiration,B03,34,10.811329460393809,B03_TPC,1,465,17.06832783,Mvie
NetPhoto,A01,24.5,18.04885705012445,A01_TPC,1,463,24.72486281,Pcyl
NetPhoto,A01,26,17.92423453893941,A01_TPC,1,463,24.72486281,Pcyl
NetPhoto,A01,27,17.75667086184631,A01_TPC,1,463,24.72486281,Pcyl
NetPhoto,A01,28,17.463879158919777,A01_TPC,1,463,24.72486281,Pcyl
NetPhoto,A01,29,16.964169331434515,A01_TPC,1,463,24.72486281,Pcyl
NetPhoto,A01,30,16.14220284868598,A01_TPC,1,463,24.72486281,Pcyl
NetPhoto,A01,31,14.865316005239182,A01_TPC,1,463,24.72486281,Pcyl
NetPhoto,A01,32,13.043150451538626,A01_TPC,1,463,24.72486281,Pcyl
NetPhoto,A01,34,8.183888346503561,A01_TPC,1,463,24.72486281,Pcyl
NetPhoto,G01,24.5,14.836027670786741,G01_TPC,1,460,20.38296944,Elam
NetPhoto,G01,26,19.376783240069756,G01_TPC,1,460,20.38296944,Elam
NetPhoto,G01,27,20.969546549408122,G01_TPC,1,460,20.38296944,Elam
NetPhoto,G01,28,21.22278694639812,G01_TPC,1,460,20.38296944,Elam
NetPhoto,G01,29,20.431137593975443,G01_TPC,1,460,20.38296944,Elam
NetPhoto,G01,30,19.016140675411382,G01_TPC,1,460,20.38296944,Elam
NetPhoto,G01,31,17.328259998088363,G01_TPC,1,460,20.38296944,Elam
NetPhoto,G01,32,15.59246576058434,G01_TPC,1,460,20.38296944,Elam
NetPhoto,G01,34,12.396978660374748,G01_TPC,1,460,20.38296944,Elam
NetPhoto,C01,24.5,14.508521971852193,C01_TPC,1,462,23.69761104,Fcom
NetPhoto,C01,26,15.802728809518527,C01_TPC,1,462,23.69761104,Fcom
NetPhoto,C01,27,16.5646321623907,C01_TPC,1,462,23.69761104,Fcom
NetPhoto,C01,28,17.142355347328056,C01_TPC,1,462,23.69761104,Fcom
NetPhoto,C01,29,17.40505879465888,C01_TPC,1,462,23.69761104,Fcom
NetPhoto,C01,30,17.194507259358133,C01_TPC,1,462,23.69761104,Fcom
NetPhoto,C01,31,16.36644726559631,C01_TPC,1,462,23.69761104,Fcom
NetPhoto,C01,32,14.865520812438067,C01_TPC,1,462,23.69761104,Fcom
NetPhoto,C01,34,10.424446696240933,C01_TPC,1,462,23.69761104,Fcom
NetPhoto,F01,24.5,12.521508049054763,F01_TPC,1,464,14.38535037,Prug
NetPhoto,F01,26,15.10944335954727,F01_TPC,1,464,14.38535037,Prug
NetPhoto,F01,27,16.577678848790253,F01_TPC,1,464,14.38535037,Prug
NetPhoto,F01,28,17.591971439922382,F01_TPC,1,464,14.38535037,Prug
NetPhoto,F01,29,17.961707656975847,F01_TPC,1,464,14.38535037,Prug
NetPhoto,F01,30,17.59502980315939,F01_TPC,1,464,14.38535037,Prug
NetPhoto,F01,31,16.543378080822553,F01_TPC,1,464,14.38535037,Prug
NetPhoto,F01,32,14.983416506711333,F01_TPC,1,464,14.38535037,Prug
NetPhoto,F01,34,11.25238042940952,F01_TPC,1,464,14.38535037,Prug
NetPhoto,E01,24.5,11.635982852059703,E01_TPC,1,460,33.93822657,Peyd
NetPhoto,E01,26,13.315076141235918,E01_TPC,1,460,33.93822657,Peyd
NetPhoto,E01,27,14.09330219667408,E01_TPC,1,460,33.93822657,Peyd
NetPhoto,E01,28,14.487212208833364,E01_TPC,1,460,33.93822657,Peyd
NetPhoto,E01,29,14.45300634958277,E01_TPC,1,460,33.93822657,Peyd
NetPhoto,E01,30,14.008195516640855,E01_TPC,1,460,33.93822657,Peyd
NetPhoto,E01,31,13.224141955435204,E01_TPC,1,460,33.93822657,Peyd
NetPhoto,E01,32,12.203083549772556,E01_TPC,1,460,33.93822657,Peyd
NetPhoto,E01,34,9.861758367297762,E01_TPC,1,460,33.93822657,Peyd
NetPhoto,J01,24.5,11.773613778129214,J01_TPC,1,465,16.22929921,Ahya
NetPhoto,J01,26,13.890682498832726,J01_TPC,1,465,16.22929921,Ahya
NetPhoto,J01,27,14.919697554975276,J01_TPC,1,465,16.22929921,Ahya
NetPhoto,J01,28,15.45788745015697,J01_TPC,1,465,16.22929921,Ahya
NetPhoto,J01,29,15.418869739636985,J01_TPC,1,465,16.22929921,Ahya
NetPhoto,J01,30,14.819086836066772,J01_TPC,1,465,16.22929921,Ahya
NetPhoto,J01,31,13.769667075101777,J01_TPC,1,465,16.22929921,Ahya
NetPhoto,J01,32,12.432912806600783,J01_TPC,1,465,16.22929921,Ahya
NetPhoto,J01,34,9.514698773422644,J01_TPC,1,465,16.22929921,Ahya
NetPhoto,I01,24.5,8.60534020373573,I01_TPC,1,468,26.20193602,Tfro
NetPhoto,I01,26,10.620043624148632,I01_TPC,1,468,26.20193602,Tfro
NetPhoto,I01,27,11.226690000395774,I01_TPC,1,468,26.20193602,Tfro
NetPhoto,I01,28,11.212965679769633,I01_TPC,1,468,26.20193602,Tfro
NetPhoto,I01,29,10.728070711363053,I01_TPC,1,468,26.20193602,Tfro
NetPhoto,I01,30,9.962579419256569,I01_TPC,1,468,26.20193602,Tfro
NetPhoto,I01,31,9.074039904012714,I01_TPC,1,468,26.20193602,Tfro
NetPhoto,I01,32,8.166060542776663,I01_TPC,1,468,26.20193602,Tfro
NetPhoto,I01,34,6.4933487184251835,I01_TPC,1,468,26.20193602,Tfro
NetPhoto,B01,24.5,13.673638634824268,B01_TPC,1,462,19.26639142,Mvie
NetPhoto,B01,26,14.659120028773593,B01_TPC,1,462,19.26639142,Mvie
NetPhoto,B01,27,15.278833120741249,B01_TPC,1,462,19.26639142,Mvie
NetPhoto,B01,28,15.803814128493444,B01_TPC,1,462,19.26639142,Mvie
NetPhoto,B01,29,16.12904172323529,B01_TPC,1,462,19.26639142,Mvie
NetPhoto,B01,30,16.085759569106582,B01_TPC,1,462,19.26639142,Mvie
NetPhoto,B01,31,15.447512941876694,B01_TPC,1,462,19.26639142,Mvie
NetPhoto,B01,32,14.00921246717487,B01_TPC,1,462,19.26639142,Mvie
NetPhoto,B01,34,9.035214396660956,B01_TPC,1,462,19.26639142,Mvie
NetPhoto,H01,24.5,8.20109938733984,H01_TPC,1,461,32.84078989,Maeq
NetPhoto,H01,26,8.39665221577131,H01_TPC,1,461,32.84078989,Maeq
NetPhoto,H01,27,8.456711122377307,H01_TPC,1,461,32.84078989,Maeq
NetPhoto,H01,28,8.422315460229273,H01_TPC,1,461,32.84078989,Maeq
NetPhoto,H01,29,8.248678337077262,H01_TPC,1,461,32.84078989,Maeq
NetPhoto,H01,30,7.885552525440148,H01_TPC,1,461,32.84078989,Maeq
NetPhoto,H01,31,7.292400842464379,H01_TPC,1,461,32.84078989,Maeq
NetPhoto,H01,32,6.463460167321757,H01_TPC,1,461,32.84078989,Maeq
NetPhoto,H01,34,4.359703772988189,H01_TPC,1,461,32.84078989,Maeq
NetPhoto,D01,24.5,17.077272407518286,D01_TPC,1,460,28.54674986,Prus
NetPhoto,D01,26,17.435270558581006,D01_TPC,1,460,28.54674986,Prus
NetPhoto,D01,27,17.55923680313494,D01_TPC,1,460,28.54674986,Prus
NetPhoto,D01,28,17.53334555782774,D01_TPC,1,460,28.54674986,Prus
NetPhoto,D01,29,17.288904457307787,D01_TPC,1,460,28.54674986,Prus
NetPhoto,D01,30,16.744482788535414,D01_TPC,1,460,28.54674986,Prus
NetPhoto,D01,31,15.821514097325498,D01_TPC,1,460,28.54674986,Prus
NetPhoto,D01,32,14.474874700291577,D01_TPC,1,460,28.54674986,Prus
NetPhoto,D01,34,10.711958902970725,D01_TPC,1,460,28.54674986,Prus
NetPhoto,G02,24.5,18.129971827281658,G02_TPC,1,461,16.88329491,Elam
NetPhoto,G02,26,20.58275977407865,G02_TPC,1,461,16.88329491,Elam
NetPhoto,G02,27,21.490835321456,G02_TPC,1,461,16.88329491,Elam
NetPhoto,G02,28,21.715334335844297,G02_TPC,1,461,16.88329491,Elam
NetPhoto,G02,29,21.288829540626075,G02_TPC,1,461,16.88329491,Elam
NetPhoto,G02,30,20.329891032370387,G02_TPC,1,461,16.88329491,Elam
NetPhoto,G02,31,18.998936012589827,G02_TPC,1,461,16.88329491,Elam
NetPhoto,G02,32,17.455663980454162,G02_TPC,1,461,16.88329491,Elam
NetPhoto,G02,34,14.225235315690524,G02_TPC,1,461,16.88329491,Elam
NetPhoto,E02,24.5,16.071238725961653,E02_TPC,1,457,34.41995023,Peyd
NetPhoto,E02,26,16.701295357736083,E02_TPC,1,457,34.41995023,Peyd
NetPhoto,E02,27,16.792645736353684,E02_TPC,1,457,34.41995023,Peyd
NetPhoto,E02,28,16.602803791672024,E02_TPC,1,457,34.41995023,Peyd
NetPhoto,E02,29,16.141801944013785,E02_TPC,1,457,34.41995023,Peyd
NetPhoto,E02,30,15.441440297231278,E02_TPC,1,457,34.41995023,Peyd
NetPhoto,E02,31,14.549832434855226,E02_TPC,1,457,34.41995023,Peyd
NetPhoto,E02,32,13.523555696375908,E02_TPC,1,457,34.41995023,Peyd
NetPhoto,E02,34,11.289435890207821,E02_TPC,1,457,34.41995023,Peyd
NetPhoto,F04,24.5,15.340453202994349,F04_TPC,1,463,22.44704366,Prug
NetPhoto,F04,26,17.226186866626353,F04_TPC,1,463,22.44704366,Prug
NetPhoto,F04,27,18.058589129060426,F04_TPC,1,463,22.44704366,Prug
NetPhoto,F04,28,18.4084141900705,F04_TPC,1,463,22.44704366,Prug
NetPhoto,F04,29,18.209743335140725,F04_TPC,1,463,22.44704366,Prug
NetPhoto,F04,30,17.474389061879172,F04_TPC,1,463,22.44704366,Prug
NetPhoto,F04,31,16.29102231499212,F04_TPC,1,463,22.44704366,Prug
NetPhoto,F04,32,14.798897646672518,F04_TPC,1,463,22.44704366,Prug
NetPhoto,F04,34,11.478035483860133,F04_TPC,1,463,22.44704366,Prug
NetPhoto,D02,24.5,16.35403603543623,D02_TPC,1,464,18.28699298,Prus
NetPhoto,D02,26,17.572812215367755,D02_TPC,1,464,18.28699298,Prus
NetPhoto,D02,27,18.006284574746516,D02_TPC,1,464,18.28699298,Prus
NetPhoto,D02,28,18.009747151559065,D02_TPC,1,464,18.28699298,Prus
NetPhoto,D02,29,17.50757245224,D02_TPC,1,464,18.28699298,Prus
NetPhoto,D02,30,16.488684181903267,D02_TPC,1,464,18.28699298,Prus
NetPhoto,D02,31,15.023883426254466,D02_TPC,1,464,18.28699298,Prus
NetPhoto,D02,32,13.254255737452231,D02_TPC,1,464,18.28699298,Prus
NetPhoto,D02,34,9.481807438412748,D02_TPC,1,464,18.28699298,Prus
NetPhoto,A02,24.5,12.516634233830686,A02_TPC,1,459,19.14835317,Pcyl
NetPhoto,A02,26,15.961037120127141,A02_TPC,1,459,19.14835317,Pcyl
NetPhoto,A02,27,15.947188062062699,A02_TPC,1,459,19.14835317,Pcyl
NetPhoto,A02,28,15.379659804783984,A02_TPC,1,459,19.14835317,Pcyl
NetPhoto,A02,29,14.676599381757331,A02_TPC,1,459,19.14835317,Pcyl
NetPhoto,A02,30,13.964944278364957,A02_TPC,1,459,19.14835317,Pcyl
NetPhoto,A02,31,13.279383419342853,A02_TPC,1,459,19.14835317,Pcyl
NetPhoto,A02,32,12.628010870059345,A02_TPC,1,459,19.14835317,Pcyl
NetPhoto,A02,34,11.428496077636964,A02_TPC,1,459,19.14835317,Pcyl
NetPhoto,I02,24.5,11.820983712934703,I02_TPC,1,460,24.37074807,Tfro
NetPhoto,I02,26,12.768620485770656,I02_TPC,1,460,24.37074807,Tfro
NetPhoto,I02,27,13.329797708530815,I02_TPC,1,460,24.37074807,Tfro
NetPhoto,I02,28,13.782769890354427,I02_TPC,1,460,24.37074807,Tfro
NetPhoto,I02,29,14.069131566819427,I02_TPC,1,460,24.37074807,Tfro
NetPhoto,I02,30,14.122038253648176,I02_TPC,1,460,24.37074807,Tfro
NetPhoto,I02,31,13.876844188565777,I02_TPC,1,460,24.37074807,Tfro
NetPhoto,I02,32,13.288857628403498,I02_TPC,1,460,24.37074807,Tfro
NetPhoto,I02,34,11.121654488109881,I02_TPC,1,460,24.37074807,Tfro
NetPhoto,C02,24.5,16.10198654292582,C02_TPC,1,460,24.72805304,Fcom
NetPhoto,C02,26,18.31520759576003,C02_TPC,1,460,24.72805304,Fcom
NetPhoto,C02,27,19.457297376379138,C02_TPC,1,460,24.72805304,Fcom
NetPhoto,C02,28,20.153545561700405,C02_TPC,1,460,24.72805304,Fcom
NetPhoto,C02,29,20.27621548703301,C02_TPC,1,460,24.72805304,Fcom
NetPhoto,C02,30,19.765935756048098,C02_TPC,1,460,24.72805304,Fcom
NetPhoto,C02,31,18.658658240507343,C02_TPC,1,460,24.72805304,Fcom
NetPhoto,C02,32,17.080332867972498,C02_TPC,1,460,24.72805304,Fcom
NetPhoto,C02,34,13.231779351637996,C02_TPC,1,460,24.72805304,Fcom
NetPhoto,J02,24.5,11.04661617980829,J02_TPC,1,464,20.79769841,Ahya
NetPhoto,J02,26,15.307543508976032,J02_TPC,1,464,20.79769841,Ahya
NetPhoto,J02,27,15.808206354631526,J02_TPC,1,464,20.79769841,Ahya
NetPhoto,J02,28,14.924408364721879,J02_TPC,1,464,20.79769841,Ahya
NetPhoto,J02,29,13.443105294403974,J02_TPC,1,464,20.79769841,Ahya
NetPhoto,J02,30,11.84513252973059,J02_TPC,1,464,20.79769841,Ahya
NetPhoto,J02,31,10.33788734206154,J02_TPC,1,464,20.79769841,Ahya
NetPhoto,J02,32,8.988504530867745,J02_TPC,1,464,20.79769841,Ahya
NetPhoto,J02,34,6.77926279471473,J02_TPC,1,464,20.79769841,Ahya
NetPhoto,B02,24.5,10.853792169305098,B02_TPC,1,464,18.64110773,Mvie
NetPhoto,B02,26,12.797986768040063,B02_TPC,1,464,18.64110773,Mvie
NetPhoto,B02,27,13.895030705846583,B02_TPC,1,464,18.64110773,Mvie
NetPhoto,B02,28,14.629860025295985,B02_TPC,1,464,18.64110773,Mvie
NetPhoto,B02,29,14.82371892390163,B02_TPC,1,464,18.64110773,Mvie
NetPhoto,B02,30,14.366652163502607,B02_TPC,1,464,18.64110773,Mvie
NetPhoto,B02,31,13.281102847160225,B02_TPC,1,464,18.64110773,Mvie
NetPhoto,B02,32,11.729186383988216,B02_TPC,1,464,18.64110773,Mvie
NetPhoto,B02,34,8.16849225085875,B02_TPC,1,464,18.64110773,Mvie
NetPhoto,H02,24.5,9.279831511942405,H02_TPC,1,455,37.79520607,Maeq
NetPhoto,H02,26,10.034798890783687,H02_TPC,1,455,37.79520607,Maeq
NetPhoto,H02,27,10.402917899888362,H02_TPC,1,455,37.79520607,Maeq
NetPhoto,H02,28,10.585963361432535,H02_TPC,1,455,37.79520607,Maeq
NetPhoto,H02,29,10.510856259981336,H02_TPC,1,455,37.79520607,Maeq
NetPhoto,H02,30,10.118624370777349,H02_TPC,1,455,37.79520607,Maeq
NetPhoto,H02,31,9.391408830365377,H02_TPC,1,455,37.79520607,Maeq
NetPhoto,H02,32,8.373435333715973,H02_TPC,1,455,37.79520607,Maeq
NetPhoto,H02,34,5.908593340215666,H02_TPC,1,455,37.79520607,Maeq
NetPhoto,E03,24.5,13.233431733726988,E03_TPC,1,457,37.62293403,Peyd
NetPhoto,E03,26,13.724989593689136,E03_TPC,1,457,37.62293403,Peyd
NetPhoto,E03,27,13.948488753115594,E03_TPC,1,457,37.62293403,Peyd
NetPhoto,E03,28,14.042839230434756,E03_TPC,1,457,37.62293403,Peyd
NetPhoto,E03,29,13.959670333425109,E03_TPC,1,457,37.62293403,Peyd
NetPhoto,E03,30,13.647783564372338,E03_TPC,1,457,37.62293403,Peyd
NetPhoto,E03,31,13.063806811759532,E03_TPC,1,457,37.62293403,Peyd
NetPhoto,E03,32,12.187829937666852,E03_TPC,1,457,37.62293403,Peyd
NetPhoto,E03,34,9.683201997595042,E03_TPC,1,457,37.62293403,Peyd
NetPhoto,I03,24.5,7.896568973253034,I03_TPC,1,459,30.56935118,Tfro
NetPhoto,I03,26,8.873785448257534,I03_TPC,1,459,30.56935118,Tfro
NetPhoto,I03,27,9.297332477172112,I03_TPC,1,459,30.56935118,Tfro
NetPhoto,I03,28,9.476084503033501,I03_TPC,1,459,30.56935118,Tfro
NetPhoto,I03,29,9.388231585497762,I03_TPC,1,459,30.56935118,Tfro
NetPhoto,I03,30,9.048234958404189,I03_TPC,1,459,30.56935118,Tfro
NetPhoto,I03,31,8.502065202390884,I03_TPC,1,459,30.56935118,Tfro
NetPhoto,I03,32,7.813678258336996,I03_TPC,1,459,30.56935118,Tfro
NetPhoto,I03,34,6.266452101768484,I03_TPC,1,459,30.56935118,Tfro
NetPhoto,A03,24.5,18.21723121965635,A03_TPC,1,461,19.11326072,Pcyl
NetPhoto,A03,26,18.971649841351248,A03_TPC,1,461,19.11326072,Pcyl
NetPhoto,A03,27,18.381594756367292,A03_TPC,1,461,19.11326072,Pcyl
NetPhoto,A03,28,17.64676393079057,A03_TPC,1,461,19.11326072,Pcyl
NetPhoto,A03,29,16.903863570263866,A03_TPC,1,461,19.11326072,Pcyl
NetPhoto,A03,30,16.186214792140763,A03_TPC,1,461,19.11326072,Pcyl
NetPhoto,A03,31,15.500751966968027,A03_TPC,1,461,19.11326072,Pcyl
NetPhoto,A03,32,14.847833746331,A03_TPC,1,461,19.11326072,Pcyl
NetPhoto,A03,34,13.63441165312605,A03_TPC,1,461,19.11326072,Pcyl
NetPhoto,H04,24.5,10.22639847456002,H04_TPC,1,458,41.64580512,Maeq
NetPhoto,H04,26,12.198921841555725,H04_TPC,1,458,41.64580512,Maeq
NetPhoto,H04,27,12.990651061702279,H04_TPC,1,458,41.64580512,Maeq
NetPhoto,H04,28,13.275998232461118,H04_TPC,1,458,41.64580512,Maeq
NetPhoto,H04,29,13.092099677578917,H04_TPC,1,458,41.64580512,Maeq
NetPhoto,H04,30,12.543965376352588,H04_TPC,1,458,41.64580512,Maeq
NetPhoto,H04,31,11.757814787322436,H04_TPC,1,458,41.64580512,Maeq
NetPhoto,H04,32,10.846540258775175,H04_TPC,1,458,41.64580512,Maeq
NetPhoto,H04,34,8.958644920487274,H04_TPC,1,458,41.64580512,Maeq
NetPhoto,F03,24.5,17.58453209980762,F03_TPC,1,463,17.6489484,Prug
NetPhoto,F03,26,20.238402509267033,F03_TPC,1,463,17.6489484,Prug
NetPhoto,F03,27,21.396579100851575,F03_TPC,1,463,17.6489484,Prug
NetPhoto,F03,28,21.97144540078202,F03_TPC,1,463,17.6489484,Prug
NetPhoto,F03,29,21.97553615968582,F03_TPC,1,463,17.6489484,Prug
NetPhoto,F03,30,21.488746884701964,F03_TPC,1,463,17.6489484,Prug
NetPhoto,F03,31,20.62721517642964,F03_TPC,1,463,17.6489484,Prug
NetPhoto,F03,32,19.51307424312431,F03_TPC,1,463,17.6489484,Prug
NetPhoto,F03,34,16.935442044054984,F03_TPC,1,463,17.6489484,Prug
NetPhoto,J03,24.5,14.07296423250875,J03_TPC,1,461,29.80688791,Ahya
NetPhoto,J03,26,16.72565586650175,J03_TPC,1,461,29.80688791,Ahya
NetPhoto,J03,27,17.8982100507792,J03_TPC,1,461,29.80688791,Ahya
NetPhoto,J03,28,18.342877834350674,J03_TPC,1,461,29.80688791,Ahya
NetPhoto,J03,29,17.987095887847033,J03_TPC,1,461,29.80688791,Ahya
NetPhoto,J03,30,16.92406166133639,J03_TPC,1,461,29.80688791,Ahya
NetPhoto,J03,31,15.366137538479075,J03_TPC,1,461,29.80688791,Ahya
NetPhoto,J03,32,13.558503050725209,J03_TPC,1,461,29.80688791,Ahya
NetPhoto,J03,34,9.956166427683458,J03_TPC,1,461,29.80688791,Ahya
NetPhoto,B03,24.5,11.999190376135951,B03_TPC,1,465,17.06832783,Mvie
NetPhoto,B03,26,12.519288045636744,B03_TPC,1,465,17.06832783,Mvie
NetPhoto,B03,27,12.860596366502165,B03_TPC,1,465,17.06832783,Mvie
NetPhoto,B03,28,13.174500360036161,B03_TPC,1,465,17.06832783,Mvie
NetPhoto,B03,29,13.407162473696781,B03_TPC,1,465,17.06832783,Mvie
NetPhoto,B03,30,13.430739775700685,B03_TPC,1,465,17.06832783,Mvie
NetPhoto,B03,31,12.974534240815915,B03_TPC,1,465,17.06832783,Mvie
NetPhoto,B03,32,11.605609763693092,B03_TPC,1,465,17.06832783,Mvie
NetPhoto,B03,34,5.848452968750911,B03_TPC,1,465,17.06832783,Mvie
NetPhoto,C03,24.5,22.062822494687087,C03_TPC,1,452,26.45396363,Fcom
NetPhoto,C03,26,24.32527969286168,C03_TPC,1,452,26.45396363,Fcom
NetPhoto,C03,27,25.886095753085517,C03_TPC,1,452,26.45396363,Fcom
NetPhoto,C03,28,27.419260317326444,C03_TPC,1,452,26.45396363,Fcom
NetPhoto,C03,29,28.785248728050576,C03_TPC,1,452,26.45396363,Fcom
NetPhoto,C03,30,29.705885926338837,C03_TPC,1,452,26.45396363,Fcom
NetPhoto,C03,31,29.691620508107505,C03_TPC,1,452,26.45396363,Fcom
NetPhoto,C03,32,28.067116710264997,C03_TPC,1,452,26.45396363,Fcom
NetPhoto,C03,34,18.835435062541556,C03_TPC,1,452,26.45396363,Fcom
NetPhoto,G05,24.5,16.951087055901688,G05_TPC,1,465,17.26931188,Elam
NetPhoto,G05,26,24.651390266218563,G05_TPC,1,465,17.26931188,Elam
NetPhoto,G05,27,26.707251411251207,G05_TPC,1,465,17.26931188,Elam
NetPhoto,G05,28,26.791464255490943,G05_TPC,1,465,17.26931188,Elam
NetPhoto,G05,29,25.83840400441638,G05_TPC,1,465,17.26931188,Elam
NetPhoto,G05,30,24.464597062182186,G05_TPC,1,465,17.26931188,Elam
NetPhoto,G05,31,22.97570331231114,G05_TPC,1,465,17.26931188,Elam
NetPhoto,G05,32,21.50378864293764,G05_TPC,1,465,17.26931188,Elam
NetPhoto,G05,34,18.78229359312556,G05_TPC,1,465,17.26931188,Elam
NetPhoto,D03,24.5,13.075543395374174,D03_TPC,1,463,17.32354567,Prus
NetPhoto,D03,26,14.976872566003983,D03_TPC,1,463,17.32354567,Prus
NetPhoto,D03,27,15.233411113145978,D03_TPC,1,463,17.32354567,Prus
NetPhoto,D03,28,14.98542131722934,D03_TPC,1,463,17.32354567,Prus
NetPhoto,D03,29,14.463316656449784,D03_TPC,1,463,17.32354567,Prus
NetPhoto,D03,30,13.81516349928023,D03_TPC,1,463,17.32354567,Prus
NetPhoto,D03,31,13.124018997276687,D03_TPC,1,463,17.32354567,Prus
NetPhoto,D03,32,12.432874626564326,D03_TPC,1,463,17.32354567,Prus
NetPhoto,D03,34,11.122436181002914,D03_TPC,1,463,17.32354567,Prus
NetPhoto,I06,24.5,5.566643230234064,I06_TPC,1,464,22.32262496,Tfro
NetPhoto,I06,26,5.64692027715919,I06_TPC,1,464,22.32262496,Tfro
NetPhoto,I06,27,5.654548155775927,I06_TPC,1,464,22.32262496,Tfro
NetPhoto,I06,28,5.618156157273472,I06_TPC,1,464,22.32262496,Tfro
NetPhoto,I06,29,5.5324337935548975,I06_TPC,1,464,22.32262496,Tfro
NetPhoto,I06,30,5.393780176643272,I06_TPC,1,464,22.32262496,Tfro
NetPhoto,I06,31,5.201099935331706,I06_TPC,1,464,22.32262496,Tfro
NetPhoto,I06,32,4.956426074303163,I06_TPC,1,464,22.32262496,Tfro
NetPhoto,I06,34,4.335935510430183,I06_TPC,1,464,22.32262496,Tfro
NetPhoto,J06,24.5,6.730983408619848,J06_TPC,1,466,15.5880644,Ahya
NetPhoto,J06,26,8.074579448434953,J06_TPC,1,466,15.5880644,Ahya
NetPhoto,J06,27,8.836737946509794,J06_TPC,1,466,15.5880644,Ahya
NetPhoto,J06,28,9.394919551633492,J06_TPC,1,466,15.5880644,Ahya
NetPhoto,J06,29,9.683402566159163,J06_TPC,1,466,15.5880644,Ahya
NetPhoto,J06,30,9.673333464908248,J06_TPC,1,466,15.5880644,Ahya
NetPhoto,J06,31,9.380592288321782,J06_TPC,1,466,15.5880644,Ahya
NetPhoto,J06,32,8.858279719730065,J06_TPC,1,466,15.5880644,Ahya
NetPhoto,J06,34,7.415361209621301,J06_TPC,1,466,15.5880644,Ahya
NetPhoto,G06,24.5,9.108972469365826,G06_TPC,1,462,22.13759203,Elam
NetPhoto,G06,26,9.808305587448926,G06_TPC,1,462,22.13759203,Elam
NetPhoto,G06,27,10.145829345285993,G06_TPC,1,462,22.13759203,Elam
NetPhoto,G06,28,10.319357564226786,G06_TPC,1,462,22.13759203,Elam
NetPhoto,G06,29,10.274658690638503,G06_TPC,1,462,22.13759203,Elam
NetPhoto,G06,30,9.969874599085175,G06_TPC,1,462,22.13759203,Elam
NetPhoto,G06,31,9.391896053219755,G06_TPC,1,462,22.13759203,Elam
NetPhoto,G06,32,8.56844036308114,G06_TPC,1,462,22.13759203,Elam
NetPhoto,G06,34,6.480377386047438,G06_TPC,1,462,22.13759203,Elam
NetPhoto,E06,24.5,10.174429450053687,E06_TPC,1,455,44.66694621,Peyd
NetPhoto,E06,26,10.386796190691172,E06_TPC,1,455,44.66694621,Peyd
NetPhoto,E06,27,10.523313883957947,E06_TPC,1,455,44.66694621,Peyd
NetPhoto,E06,28,10.643632880178956,E06_TPC,1,455,44.66694621,Peyd
NetPhoto,E06,29,10.714611373746742,E06_TPC,1,455,44.66694621,Peyd
NetPhoto,E06,30,10.643931640247152,E06_TPC,1,455,44.66694621,Peyd
NetPhoto,E06,31,10.199052268415835,E06_TPC,1,455,44.66694621,Peyd
NetPhoto,E06,32,8.936046560527977,E06_TPC,1,455,44.66694621,Peyd
NetPhoto,E06,34,3.703409134251094,E06_TPC,1,455,44.66694621,Peyd
NetPhoto,D06,24.5,13.870058217539318,D06_TPC,1,462,16.312245,Prus
NetPhoto,D06,26,14.721934310363487,D06_TPC,1,462,16.312245,Prus
NetPhoto,D06,27,15.196509232296888,D06_TPC,1,462,16.312245,Prus
NetPhoto,D06,28,15.570610565662077,D06_TPC,1,462,16.312245,Prus
NetPhoto,D06,29,15.822556607990043,D06_TPC,1,462,16.312245,Prus
NetPhoto,D06,30,15.933183341229423,D06_TPC,1,462,16.312245,Prus
NetPhoto,D06,31,15.888036243344109,D06_TPC,1,462,16.312245,Prus
NetPhoto,D06,32,15.679431957076236,D06_TPC,1,462,16.312245,Prus
NetPhoto,D06,34,14.783099118989453,D06_TPC,1,462,16.312245,Prus
NetPhoto,F06,24.5,19.898283462718265,F06_TPC,1,465,20.08308848,Prug
NetPhoto,F06,26,21.872392484550645,F06_TPC,1,465,20.08308848,Prug
NetPhoto,F06,27,22.92905760793289,F06_TPC,1,465,20.08308848,Prug
NetPhoto,F06,28,23.637156528459048,F06_TPC,1,465,20.08308848,Prug
NetPhoto,F06,29,23.87049900984936,F06_TPC,1,465,20.08308848,Prug
NetPhoto,F06,30,23.5276034564083,F06_TPC,1,465,20.08308848,Prug
NetPhoto,F06,31,22.56495299104033,F06_TPC,1,465,20.08308848,Prug
NetPhoto,F06,32,21.02182885001096,F06_TPC,1,465,20.08308848,Prug
NetPhoto,F06,34,16.74343828311535,F06_TPC,1,465,20.08308848,Prug
NetPhoto,B06,24.5,8.385282956884224,B06_TPC,1,466,13.28791369,Mvie
NetPhoto,B06,26,8.766271925397533,B06_TPC,1,466,13.28791369,Mvie
NetPhoto,B06,27,9.003301579547768,B06_TPC,1,466,13.28791369,Mvie
NetPhoto,B06,28,9.203226341845236,B06_TPC,1,466,13.28791369,Mvie
NetPhoto,B06,29,9.32566316838424,B06_TPC,1,466,13.28791369,Mvie
NetPhoto,B06,30,9.29962575065721,B06_TPC,1,466,13.28791369,Mvie
NetPhoto,B06,31,9.014438671407873,B06_TPC,1,466,13.28791369,Mvie
NetPhoto,B06,32,8.335097498223393,B06_TPC,1,466,13.28791369,Mvie
NetPhoto,B06,34,5.634345003119754,B06_TPC,1,466,13.28791369,Mvie
NetPhoto,B07,24.5,15.620320269767483,B07_TPC,1,468,13.30067458,Mvie
NetPhoto,B07,26,16.7261775921564,B07_TPC,1,468,13.30067458,Mvie
NetPhoto,B07,27,17.476406732791936,B07_TPC,1,468,13.30067458,Mvie
NetPhoto,B07,28,18.200921632599677,B07_TPC,1,468,13.30067458,Mvie
NetPhoto,B07,29,18.81469520686205,B07_TPC,1,468,13.30067458,Mvie
NetPhoto,B07,30,19.116812563550678,B07_TPC,1,468,13.30067458,Mvie
NetPhoto,B07,31,18.688143011743055,B07_TPC,1,468,13.30067458,Mvie
NetPhoto,B07,32,16.87638634979564,B07_TPC,1,468,13.30067458,Mvie
NetPhoto,B07,34,8.72952868208328,B07_TPC,1,468,13.30067458,Mvie
NetPhoto,A07,24.5,20.27024665659248,A07_TPC,1,462,13.81749069,Pcyl
NetPhoto,A07,26,21.132124333130918,A07_TPC,1,462,13.81749069,Pcyl
NetPhoto,A07,27,21.70367153529903,A07_TPC,1,462,13.81749069,Pcyl
NetPhoto,A07,28,22.24603373035704,A07_TPC,1,462,13.81749069,Pcyl
NetPhoto,A07,29,22.698581926676873,A07_TPC,1,462,13.81749069,Pcyl
NetPhoto,A07,30,22.91930497918273,A07_TPC,1,462,13.81749069,Pcyl
NetPhoto,A07,31,22.60018326294396,A07_TPC,1,462,13.81749069,Pcyl
NetPhoto,A07,32,21.18056521627182,A07_TPC,1,462,13.81749069,Pcyl
NetPhoto,A07,34,13.158462844157278,A07_TPC,1,462,13.81749069,Pcyl
NetPhoto,E07,24.5,17.056876769144694,E07_TPC,1,462,18.03177515,Peyd
NetPhoto,E07,26,19.162970913009833,E07_TPC,1,462,18.03177515,Peyd
NetPhoto,E07,27,20.450363076001945,E07_TPC,1,462,18.03177515,Peyd
NetPhoto,E07,28,21.474031329413904,E07_TPC,1,462,18.03177515,Peyd
NetPhoto,E07,29,22.0199654657276,E07_TPC,1,462,18.03177515,Peyd
NetPhoto,E07,30,21.840868591713285,E07_TPC,1,462,18.03177515,Peyd
NetPhoto,E07,31,20.738295936409514,E07_TPC,1,462,18.03177515,Peyd
NetPhoto,E07,32,18.685555435265993,E07_TPC,1,462,18.03177515,Peyd
NetPhoto,E07,34,12.820554695335279,E07_TPC,1,462,18.03177515,Peyd
NetPhoto,J07,24.5,14.194728193635909,J07_TPC,1,465,16.49727793,Ahya
NetPhoto,J07,26,15.934933456067633,J07_TPC,1,465,16.49727793,Ahya
NetPhoto,J07,27,17.06575437621343,J07_TPC,1,465,16.49727793,Ahya
NetPhoto,J07,28,18.037957888600808,J07_TPC,1,465,16.49727793,Ahya
NetPhoto,J07,29,18.63115041881871,J07_TPC,1,465,16.49727793,Ahya
NetPhoto,J07,30,18.514052163739343,J07_TPC,1,465,16.49727793,Ahya
NetPhoto,J07,31,17.32761583557458,J07_TPC,1,465,16.49727793,Ahya
NetPhoto,J07,32,14.937113202918157,J07_TPC,1,465,16.49727793,Ahya
NetPhoto,J07,34,8.354533367267921,J07_TPC,1,465,16.49727793,Ahya
NetPhoto,C07,24.5,22.688736245944504,C07_TPC,1,463,12.85404337,Fcom
NetPhoto,C07,26,24.328920584799334,C07_TPC,1,463,12.85404337,Fcom
NetPhoto,C07,27,25.453263436354685,C07_TPC,1,463,12.85404337,Fcom
NetPhoto,C07,28,26.565770784597888,C07_TPC,1,463,12.85404337,Fcom
NetPhoto,C07,29,27.579953492792797,C07_TPC,1,463,12.85404337,Fcom
NetPhoto,C07,30,28.28863732238466,C07_TPC,1,463,12.85404337,Fcom
NetPhoto,C07,31,28.238455377943566,C07_TPC,1,463,12.85404337,Fcom
NetPhoto,C07,32,26.61487554139773,C07_TPC,1,463,12.85404337,Fcom
NetPhoto,C07,34,16.263777662747632,C07_TPC,1,463,12.85404337,Fcom
NetPhoto,F07,24.5,22.21232368226146,F07_TPC,1,444,25.48732609,Prug
NetPhoto,F07,26,23.680619729678817,F07_TPC,1,444,25.48732609,Prug
NetPhoto,F07,27,24.602442548989018,F07_TPC,1,444,25.48732609,Prug
NetPhoto,F07,28,25.372389158670867,F07_TPC,1,444,25.48732609,Prug
NetPhoto,F07,29,25.805269593194925,F07_TPC,1,444,25.48732609,Prug
NetPhoto,F07,30,25.583074257803712,F07_TPC,1,444,25.48732609,Prug
NetPhoto,F07,31,24.257630599363118,F07_TPC,1,444,25.48732609,Prug
NetPhoto,F07,32,21.432291886601885,F07_TPC,1,444,25.48732609,Prug
NetPhoto,F07,34,12.3525478665519,F07_TPC,1,444,25.48732609,Prug
NetPhoto,D07,24.5,18.138792490367013,D07_TPC,1,465,13.26877235,Prus
NetPhoto,D07,26,19.295726647588612,D07_TPC,1,465,13.26877235,Prus
NetPhoto,D07,27,20.013204698831892,D07_TPC,1,465,13.26877235,Prus
NetPhoto,D07,28,20.61846332931657,D07_TPC,1,465,13.26877235,Prus
NetPhoto,D07,29,21.007759529195987,D07_TPC,1,465,13.26877235,Prus
NetPhoto,D07,30,21.023057990816124,D07_TPC,1,465,13.26877235,Prus
NetPhoto,D07,31,20.455373661472002,D07_TPC,1,465,13.26877235,Prus
NetPhoto,D07,32,19.095310028631985,D07_TPC,1,465,13.26877235,Prus
NetPhoto,D07,34,13.901964221703086,D07_TPC,1,465,13.26877235,Prus
NetPhoto,I07,24.5,13.72218085646154,I07_TPC,1,466,10.84739316,Tfro
NetPhoto,I07,26,14.701325043534483,I07_TPC,1,466,10.84739316,Tfro
NetPhoto,I07,27,15.287689759762781,I07_TPC,1,466,10.84739316,Tfro
NetPhoto,I07,28,15.74168645036433,I07_TPC,1,466,10.84739316,Tfro
NetPhoto,I07,29,15.94791822614691,I07_TPC,1,466,10.84739316,Tfro
NetPhoto,I07,30,15.742324708411871,I07_TPC,1,466,10.84739316,Tfro
NetPhoto,I07,31,14.938984807904294,I07_TPC,1,466,10.84739316,Tfro
NetPhoto,I07,32,13.41719578649169,I07_TPC,1,466,10.84739316,Tfro
NetPhoto,I07,34,8.751635536622622,I07_TPC,1,466,10.84739316,Tfro
NetPhoto,G07,24.5,14.529616070630501,G07_TPC,1,462,20.22026807,Elam
NetPhoto,G07,26,15.502700178224513,G07_TPC,1,462,20.22026807,Elam
NetPhoto,G07,27,16.03888649134417,G07_TPC,1,462,20.22026807,Elam
NetPhoto,G07,28,16.395852358621223,G07_TPC,1,462,20.22026807,Elam
NetPhoto,G07,29,16.463047869968836,G07_TPC,1,462,20.22026807,Elam
NetPhoto,G07,30,16.108633950031468,G07_TPC,1,462,20.22026807,Elam
NetPhoto,G07,31,15.214098842376812,G07_TPC,1,462,20.22026807,Elam
NetPhoto,G07,32,13.736819680633728,G07_TPC,1,462,20.22026807,Elam
NetPhoto,G07,34,9.550757489840008,G07_TPC,1,462,20.22026807,Elam
NetPhoto,H07,24.5,13.333595027677388,H07_TPC,1,468,19.99695246,Maeq
NetPhoto,H07,26,13.979639382578952,H07_TPC,1,468,19.99695246,Maeq
NetPhoto,H07,27,14.31673128300828,H07_TPC,1,468,19.99695246,Maeq
NetPhoto,H07,28,14.524124018419768,H07_TPC,1,468,19.99695246,Maeq
NetPhoto,H07,29,14.537938776092943,H07_TPC,1,468,19.99695246,Maeq
NetPhoto,H07,30,14.283642261125047,H07_TPC,1,468,19.99695246,Maeq
NetPhoto,H07,31,13.69022889772587,H07_TPC,1,468,19.99695246,Maeq
NetPhoto,H07,32,12.716021503086488,H07_TPC,1,468,19.99695246,Maeq
NetPhoto,H07,34,9.773755249363408,H07_TPC,1,468,19.99695246,Maeq
NetPhoto,B08,24.5,9.055377658555724,B08_TPC,1,465,21.71648261,Mvie
NetPhoto,B08,26,9.053256039760056,B08_TPC,1,465,21.71648261,Mvie
NetPhoto,B08,27,9.047098055957125,B08_TPC,1,465,21.71648261,Mvie
NetPhoto,B08,28,9.026094937629447,B08_TPC,1,465,21.71648261,Mvie
NetPhoto,B08,29,8.955549461332163,B08_TPC,1,465,21.71648261,Mvie
NetPhoto,B08,30,8.7260009743512,B08_TPC,1,465,21.71648261,Mvie
NetPhoto,B08,31,8.038068311201918,B08_TPC,1,465,21.71648261,Mvie
NetPhoto,B08,32,6.3735746282963515,B08_TPC,1,465,21.71648261,Mvie
NetPhoto,B08,34,1.6341759162635172,B08_TPC,1,465,21.71648261,Mvie
NetPhoto,H08,24.5,7.793287565430275,H08_TPC,1,466,15.57211329,Maeq
NetPhoto,H08,26,8.610454779821092,H08_TPC,1,466,15.57211329,Maeq
NetPhoto,H08,27,9.060575494850761,H08_TPC,1,466,15.57211329,Maeq
NetPhoto,H08,28,9.36411665597231,H08_TPC,1,466,15.57211329,Maeq
NetPhoto,H08,29,9.44855447544103,H08_TPC,1,466,15.57211329,Maeq
NetPhoto,H08,30,9.247743051726035,H08_TPC,1,466,15.57211329,Maeq
NetPhoto,H08,31,8.727560666853611,H08_TPC,1,466,15.57211329,Maeq
NetPhoto,H08,32,7.910033779640056,H08_TPC,1,466,15.57211329,Maeq
NetPhoto,H08,34,5.751907057176965,H08_TPC,1,466,15.57211329,Maeq
NetPhoto,A08,24.5,18.192389781039846,A08_TPC,1,464,13.2751528,Pcyl
NetPhoto,A08,26,21.83848438755887,A08_TPC,1,464,13.2751528,Pcyl
NetPhoto,A08,27,22.961531652757532,A08_TPC,1,464,13.2751528,Pcyl
NetPhoto,A08,28,23.322869676581806,A08_TPC,1,464,13.2751528,Pcyl
NetPhoto,A08,29,23.20407755238649,A08_TPC,1,464,13.2751528,Pcyl
NetPhoto,A08,30,22.81272347770358,A08_TPC,1,464,13.2751528,Pcyl
NetPhoto,A08,31,22.279353189135453,A08_TPC,1,464,13.2751528,Pcyl
NetPhoto,A08,32,21.679571463812422,A08_TPC,1,464,13.2751528,Pcyl
NetPhoto,A08,34,20.42861474913732,A08_TPC,1,464,13.2751528,Pcyl
NetPhoto,C08,24.5,9.873444553873197,C08_TPC,1,467,8.907737636,Fcom
NetPhoto,C08,26,11.415156084363499,C08_TPC,1,467,8.907737636,Fcom
NetPhoto,C08,27,12.365305238179298,C08_TPC,1,467,8.907737636,Fcom
NetPhoto,C08,28,13.162593147424765,C08_TPC,1,467,8.907737636,Fcom
NetPhoto,C08,29,13.717374793049256,C08_TPC,1,467,8.907737636,Fcom
NetPhoto,C08,30,13.946594037371609,C08_TPC,1,467,8.907737636,Fcom
NetPhoto,C08,31,13.795657049840047,C08_TPC,1,467,8.907737636,Fcom
NetPhoto,C08,32,13.257736563091276,C08_TPC,1,467,8.907737636,Fcom
NetPhoto,C08,34,11.254061172246091,C08_TPC,1,467,8.907737636,Fcom
NetPhoto,E08,24.5,18.678734456754718,E08_TPC,1,461,30.03020351,Peyd
NetPhoto,E08,26,18.69988037401552,E08_TPC,1,461,30.03020351,Peyd
NetPhoto,E08,27,18.713869569030354,E08_TPC,1,461,30.03020351,Peyd
NetPhoto,E08,28,18.727742508353156,E08_TPC,1,461,30.03020351,Peyd
NetPhoto,E08,29,18.74122979503472,E08_TPC,1,461,30.03020351,Peyd
NetPhoto,E08,30,18.75193632289619,E08_TPC,1,461,30.03020351,Peyd
NetPhoto,E08,31,18.738954038673445,E08_TPC,1,461,30.03020351,Peyd
NetPhoto,E08,32,18.525080210619045,E08_TPC,1,461,30.03020351,Peyd
NetPhoto,E08,34,9.404777802435197,E08_TPC,1,461,30.03020351,Peyd
NetPhoto,J08,24.5,12.6448141497738,J08_TPC,1,464,15.59444485,Ahya
NetPhoto,J08,26,13.94627563001903,J08_TPC,1,464,15.59444485,Ahya
NetPhoto,J08,27,14.810209573169791,J08_TPC,1,464,15.59444485,Ahya
NetPhoto,J08,28,15.613308575799442,J08_TPC,1,464,15.59444485,Ahya
NetPhoto,J08,29,16.26463487874272,J08_TPC,1,464,15.59444485,Ahya
NetPhoto,J08,30,16.620953803914656,J08_TPC,1,464,15.59444485,Ahya
NetPhoto,J08,31,16.48694196914988,J08_TPC,1,464,15.59444485,Ahya
NetPhoto,J08,32,15.658759699789472,J08_TPC,1,464,15.59444485,Ahya
NetPhoto,J08,34,11.73928461139265,J08_TPC,1,464,15.59444485,Ahya
NetPhoto,F08,24.5,17.804617697853917,F08_TPC,1,457,24.85885218,Prug
NetPhoto,F08,26,18.37074268166097,F08_TPC,1,457,24.85885218,Prug
NetPhoto,F08,27,18.53682212594603,F08_TPC,1,457,24.85885218,Prug
NetPhoto,F08,28,18.526637623332682,F08_TPC,1,457,24.85885218,Prug
NetPhoto,F08,29,18.343303399842224,F08_TPC,1,457,24.85885218,Prug
NetPhoto,F08,30,17.997776220052852,F08_TPC,1,457,24.85885218,Prug
NetPhoto,F08,31,17.50757462482923,F08_TPC,1,457,24.85885218,Prug
NetPhoto,F08,32,16.894922665422246,F08_TPC,1,457,24.85885218,Prug
NetPhoto,F08,34,15.402200313742766,F08_TPC,1,457,24.85885218,Prug
NetPhoto,I08,24.5,21.862004635363245,I08_TPC,1,465,7.194587934,Tfro
NetPhoto,I08,26,23.61781762265034,I08_TPC,1,465,7.194587934,Tfro
NetPhoto,I08,27,24.446485650353512,I08_TPC,1,465,7.194587934,Tfro
NetPhoto,I08,28,24.901419232851428,I08_TPC,1,465,7.194587934,Tfro
NetPhoto,I08,29,24.91555292827464,I08_TPC,1,465,7.194587934,Tfro
NetPhoto,I08,30,24.45526720258196,I08_TPC,1,465,7.194587934,Tfro
NetPhoto,I08,31,23.530980208660637,I08_TPC,1,465,7.194587934,Tfro
NetPhoto,I08,32,22.198568747145977,I08_TPC,1,465,7.194587934,Tfro
NetPhoto,I08,34,18.697683133985056,I08_TPC,1,465,7.194587934,Tfro
NetPhoto,G08,24.5,14.348788052758843,G08_TPC,1,461,22.74054416,Elam
NetPhoto,G08,26,16.857803263638978,G08_TPC,1,461,22.74054416,Elam
NetPhoto,G08,27,18.375144640368415,G08_TPC,1,461,22.74054416,Elam
NetPhoto,G08,28,19.533371898846067,G08_TPC,1,461,22.74054416,Elam
NetPhoto,G08,29,20.082364332182095,G08_TPC,1,461,22.74054416,Elam
NetPhoto,G08,30,19.802775200027963,G08_TPC,1,461,22.74054416,Elam
NetPhoto,G08,31,18.61135526285922,G08_TPC,1,461,22.74054416,Elam
NetPhoto,G08,32,16.634217596395928,G08_TPC,1,461,22.74054416,Elam
NetPhoto,G08,34,11.597975374470153,G08_TPC,1,461,22.74054416,Elam
GrossPhoto,A01,24.5,27.075537386250843,A01_TPC,1,463,24.72486281,Pcyl
GrossPhoto,A01,26,28.339080022743413,A01_TPC,1,463,24.72486281,Pcyl
GrossPhoto,A01,27,28.953558984320722,A01_TPC,1,463,24.72486281,Pcyl
GrossPhoto,A01,28,29.310266093011524,A01_TPC,1,463,24.72486281,Pcyl
GrossPhoto,A01,29,29.34028741165342,A01_TPC,1,463,24.72486281,Pcyl
GrossPhoto,A01,30,28.98009097819852,A01_TPC,1,463,24.72486281,Pcyl
GrossPhoto,A01,31,28.183462168124017,A01_TPC,1,463,24.72486281,Pcyl
GrossPhoto,A01,32,26.934613345449137,A01_TPC,1,463,24.72486281,Pcyl
GrossPhoto,A01,34,23.223559949171094,A01_TPC,1,463,24.72486281,Pcyl
GrossPhoto,G01,24.5,22.349587412731474,G01_TPC,1,460,20.38296944,Elam
GrossPhoto,G01,26,27.331986621263976,G01_TPC,1,460,20.38296944,Elam
GrossPhoto,G01,27,29.508599720819767,G01_TPC,1,460,20.38296944,Elam
GrossPhoto,G01,28,30.623079713437726,G01_TPC,1,460,20.38296944,Elam
GrossPhoto,G01,29,30.78392716377513,G01_TPC,1,460,20.38296944,Elam
GrossPhoto,G01,30,30.20994683551766,G01_TPC,1,460,20.38296944,Elam
GrossPhoto,G01,31,29.13776608880309,G01_TPC,1,460,20.38296944,Elam
GrossPhoto,G01,32,27.768322399094345,G01_TPC,1,460,20.38296944,Elam
GrossPhoto,G01,34,24.68371714441515,G01_TPC,1,460,20.38296944,Elam
GrossPhoto,C01,24.5,21.079481475762904,C01_TPC,1,462,23.69761104,Fcom
GrossPhoto,C01,26,23.329933461071143,C01_TPC,1,462,23.69761104,Fcom
GrossPhoto,C01,27,24.70720130373079,C01_TPC,1,462,23.69761104,Fcom
GrossPhoto,C01,28,25.866730434064763,C01_TPC,1,462,23.69761104,Fcom
GrossPhoto,C01,29,26.67557500391287,C01_TPC,1,462,23.69761104,Fcom
GrossPhoto,C01,30,26.986160268799008,C01_TPC,1,462,23.69761104,Fcom
GrossPhoto,C01,31,26.663775981229225,C01_TPC,1,462,23.69761104,Fcom
GrossPhoto,C01,32,25.62700917601501,C01_TPC,1,462,23.69761104,Fcom
GrossPhoto,C01,34,21.56677982781458,C01_TPC,1,462,23.69761104,Fcom
GrossPhoto,F01,24.5,17.617661561445964,F01_TPC,1,464,14.38535037,Prug
GrossPhoto,F01,26,20.856912979496755,F01_TPC,1,464,14.38535037,Prug
GrossPhoto,F01,27,22.76513245868351,F01_TPC,1,464,14.38535037,Prug
GrossPhoto,F01,28,24.24441186288486,F01_TPC,1,464,14.38535037,Prug
GrossPhoto,F01,29,25.10792812855452,F01_TPC,1,464,14.38535037,Prug
GrossPhoto,F01,30,25.23059567228295,F01_TPC,1,464,14.38535037,Prug
GrossPhoto,F01,31,24.58974150584559,F01_TPC,1,464,14.38535037,Prug
GrossPhoto,F01,32,23.274094908501723,F01_TPC,1,464,14.38535037,Prug
GrossPhoto,F01,34,19.338235529061006,F01_TPC,1,464,14.38535037,Prug
GrossPhoto,E01,24.5,18.68454233950781,E01_TPC,1,460,33.93822657,Peyd
GrossPhoto,E01,26,21.751149419885923,E01_TPC,1,460,33.93822657,Peyd
GrossPhoto,E01,27,23.30506147064948,E01_TPC,1,460,33.93822657,Peyd
GrossPhoto,E01,28,24.39350825799179,E01_TPC,1,460,33.93822657,Peyd
GrossPhoto,E01,29,25.018221438769466,E01_TPC,1,460,33.93822657,Peyd
GrossPhoto,E01,30,25.224897740209688,E01_TPC,1,460,33.93822657,Peyd
GrossPhoto,E01,31,25.084087164127645,E01_TPC,1,460,33.93822657,Peyd
GrossPhoto,E01,32,24.673737689426776,E01_TPC,1,460,33.93822657,Peyd
GrossPhoto,E01,34,23.3270047612799,E01_TPC,1,460,33.93822657,Peyd
GrossPhoto,J01,24.5,17.209422219007827,J01_TPC,1,465,16.22929921,Ahya
GrossPhoto,J01,26,21.17937999618909,J01_TPC,1,465,16.22929921,Ahya
GrossPhoto,J01,27,23.03770669696363,J01_TPC,1,465,16.22929921,Ahya
GrossPhoto,J01,28,24.16928054832049,J01_TPC,1,465,16.22929921,Ahya
GrossPhoto,J01,29,24.642777387290586,J01_TPC,1,465,16.22929921,Ahya
GrossPhoto,J01,30,24.595609433950603,J01_TPC,1,465,16.22929921,Ahya
GrossPhoto,J01,31,24.17698495587809,J01_TPC,1,465,16.22929921,Ahya
GrossPhoto,J01,32,23.51567514528175,J01_TPC,1,465,16.22929921,Ahya
GrossPhoto,J01,34,21.8275405530796,J01_TPC,1,465,16.22929921,Ahya
GrossPhoto,I01,24.5,17.364252359471635,I01_TPC,1,468,26.20193602,Tfro
GrossPhoto,I01,26,19.88235720251654,I01_TPC,1,468,26.20193602,Tfro
GrossPhoto,I01,27,21.08468155937797,I01_TPC,1,468,26.20193602,Tfro
GrossPhoto,I01,28,21.87053363587103,I01_TPC,1,468,26.20193602,Tfro
GrossPhoto,I01,29,22.26271856751787,I01_TPC,1,468,26.20193602,Tfro
GrossPhoto,I01,30,22.314797994918123,I01_TPC,1,468,26.20193602,Tfro
GrossPhoto,I01,31,22.09400523261562,I01_TPC,1,468,26.20193602,Tfro
GrossPhoto,I01,32,21.667955405364026,I01_TPC,1,468,26.20193602,Tfro
GrossPhoto,I01,34,20.4296805462515,I01_TPC,1,468,26.20193602,Tfro
GrossPhoto,B01,24.5,20.261612878910192,B01_TPC,1,462,19.26639142,Mvie
GrossPhoto,B01,26,22.611315828170376,B01_TPC,1,462,19.26639142,Mvie
GrossPhoto,B01,27,24.147516548400304,B01_TPC,1,462,19.26639142,Mvie
GrossPhoto,B01,28,25.555021977008266,B01_TPC,1,462,19.26639142,Mvie
GrossPhoto,B01,29,26.695019952364405,B01_TPC,1,462,19.26639142,Mvie
GrossPhoto,B01,30,27.381866517943685,B01_TPC,1,462,19.26639142,Mvie
GrossPhoto,B01,31,27.401141561395416,B01_TPC,1,462,19.26639142,Mvie
GrossPhoto,B01,32,26.56087020215626,B01_TPC,1,462,19.26639142,Mvie
GrossPhoto,B01,34,22.131191336145626,B01_TPC,1,462,19.26639142,Mvie
GrossPhoto,H01,24.5,16.43866022881599,H01_TPC,1,461,32.84078989,Maeq
GrossPhoto,H01,26,17.87133551268582,H01_TPC,1,461,32.84078989,Maeq
GrossPhoto,H01,27,18.729137557497552,H01_TPC,1,461,32.84078989,Maeq
GrossPhoto,H01,28,19.43839104086247,H01_TPC,1,461,32.84078989,Maeq
GrossPhoto,H01,29,19.922177439137833,H01_TPC,1,461,32.84078989,Maeq
GrossPhoto,H01,30,20.095295034863735,H01_TPC,1,461,32.84078989,Maeq
GrossPhoto,H01,31,19.877540572262852,H01_TPC,1,461,32.84078989,Maeq
GrossPhoto,H01,32,19.213823038137022,H01_TPC,1,461,32.84078989,Maeq
GrossPhoto,H01,34,16.576664367594027,H01_TPC,1,461,32.84078989,Maeq
GrossPhoto,D01,24.5,23.867580395461793,D01_TPC,1,460,28.54674986,Prus
GrossPhoto,D01,26,25.69295872106487,D01_TPC,1,460,28.54674986,Prus
GrossPhoto,D01,27,26.74791415608165,D01_TPC,1,460,28.54674986,Prus
GrossPhoto,D01,28,27.60569863543663,D01_TPC,1,460,28.54674986,Prus
GrossPhoto,D01,29,28.20410523912626,D01_TPC,1,460,28.54674986,Prus
GrossPhoto,D01,30,28.483588263260135,D01_TPC,1,460,28.54674986,Prus
GrossPhoto,D01,31,28.39528464958297,D01_TPC,1,460,28.54674986,Prus
GrossPhoto,D01,32,27.909738533110676,D01_TPC,1,460,28.54674986,Prus
GrossPhoto,D01,34,25.766435281881712,D01_TPC,1,460,28.54674986,Prus
GrossPhoto,G02,24.5,25.6342576245806,G02_TPC,1,461,16.88329491,Elam
GrossPhoto,G02,26,29.137364462545708,G02_TPC,1,461,16.88329491,Elam
GrossPhoto,G02,27,30.919275377494344,G02_TPC,1,461,16.88329491,Elam
GrossPhoto,G02,28,32.095541969883065,G02_TPC,1,461,16.88329491,Elam
GrossPhoto,G02,29,32.59045625983151,G02_TPC,1,461,16.88329491,Elam
GrossPhoto,G02,30,32.401313950270456,G02_TPC,1,461,16.88329491,Elam
GrossPhoto,G02,31,31.593690489710553,G02_TPC,1,461,16.88329491,Elam
GrossPhoto,G02,32,30.281688237975192,G02_TPC,1,461,16.88329491,Elam
GrossPhoto,G02,34,26.68961100187216,G02_TPC,1,461,16.88329491,Elam
GrossPhoto,E02,24.5,23.339437137645906,E02_TPC,1,457,34.41995023,Peyd
GrossPhoto,E02,26,25.035414046111324,E02_TPC,1,457,34.41995023,Peyd
GrossPhoto,E02,27,25.75209775550008,E02_TPC,1,457,34.41995023,Peyd
GrossPhoto,E02,28,26.14078434765451,E02_TPC,1,457,34.41995023,Peyd
GrossPhoto,E02,29,26.22730892314646,E02_TPC,1,457,34.41995023,Peyd
GrossPhoto,E02,30,26.05073476392452,E02_TPC,1,457,34.41995023,Peyd
GrossPhoto,E02,31,25.656507850059857,E02_TPC,1,457,34.41995023,Peyd
GrossPhoto,E02,32,25.09083044538445,E02_TPC,1,457,34.41995023,Peyd
GrossPhoto,E02,34,23.6120879027846,E02_TPC,1,457,34.41995023,Peyd
GrossPhoto,F04,24.5,22.41579671947613,F04_TPC,1,463,22.44704366,Prug
GrossPhoto,F04,26,25.33018236459874,F04_TPC,1,463,22.44704366,Prug
GrossPhoto,F04,27,26.988454837070357,F04_TPC,1,463,22.44704366,Prug
GrossPhoto,F04,28,28.225298467686354,F04_TPC,1,463,22.44704366,Prug
GrossPhoto,F04,29,28.868692188195386,F04_TPC,1,463,22.44704366,Prug
GrossPhoto,F04,30,28.7823135777798,F04_TPC,1,463,22.44704366,Prug
GrossPhoto,F04,31,27.908204931863715,F04_TPC,1,463,22.44704366,Prug
GrossPhoto,F04,32,26.294422971891667,F04_TPC,1,463,22.44704366,Prug
GrossPhoto,F04,34,21.5113362254997,F04_TPC,1,463,22.44704366,Prug
GrossPhoto,D02,24.5,25.334915311333848,D02_TPC,1,464,18.28699298,Prus
GrossPhoto,D02,26,28.4105466470572,D02_TPC,1,464,18.28699298,Prus
GrossPhoto,D02,27,29.961056169232307,D02_TPC,1,464,18.28699298,Prus
GrossPhoto,D02,28,31.00268813071887,D02_TPC,1,464,18.28699298,Prus
GrossPhoto,D02,29,31.492182784341583,D02_TPC,1,464,18.28699298,Prus
GrossPhoto,D02,30,31.436696074857874,D02_TPC,1,464,18.28699298,Prus
GrossPhoto,D02,31,30.88765997113184,D02_TPC,1,464,18.28699298,Prus
GrossPhoto,D02,32,29.927133977814524,D02_TPC,1,464,18.28699298,Prus
GrossPhoto,D02,34,27.15796893833479,D02_TPC,1,464,18.28699298,Prus
GrossPhoto,A02,24.5,21.52406612804309,A02_TPC,1,459,19.14835317,Pcyl
GrossPhoto,A02,26,27.950789519013764,A02_TPC,1,459,19.14835317,Pcyl
GrossPhoto,A02,27,29.193839039799297,A02_TPC,1,459,19.14835317,Pcyl
GrossPhoto,A02,28,29.32673735542929,A02_TPC,1,459,19.14835317,Pcyl
GrossPhoto,A02,29,29.012813427104152,A02_TPC,1,459,19.14835317,Pcyl
GrossPhoto,A02,30,28.53702202495267,A02_TPC,1,459,19.14835317,Pcyl
GrossPhoto,A02,31,28.009899033984777,A02_TPC,1,459,19.14835317,Pcyl
GrossPhoto,A02,32,27.472725449630374,A02_TPC,1,459,19.14835317,Pcyl
GrossPhoto,A02,34,26.418909287115895,A02_TPC,1,459,19.14835317,Pcyl
GrossPhoto,I02,24.5,19.88993314986624,I02_TPC,1,460,24.37074807,Tfro
GrossPhoto,I02,26,22.16693807849222,I02_TPC,1,460,24.37074807,Tfro
GrossPhoto,I02,27,23.50871501312565,I02_TPC,1,460,24.37074807,Tfro
GrossPhoto,I02,28,24.618225998043496,I02_TPC,1,460,24.37074807,Tfro
GrossPhoto,I02,29,25.417973205807517,I02_TPC,1,460,24.37074807,Tfro
GrossPhoto,I02,30,25.842758977597814,I02_TPC,1,460,24.37074807,Tfro
GrossPhoto,I02,31,25.850828464241037,I02_TPC,1,460,24.37074807,Tfro
GrossPhoto,I02,32,25.43229672479681,I02_TPC,1,460,24.37074807,Tfro
GrossPhoto,I02,34,23.44593328381721,I02_TPC,1,460,24.37074807,Tfro
GrossPhoto,C02,24.5,25.64849956921346,C02_TPC,1,460,24.72805304,Fcom
GrossPhoto,C02,26,29.885557106895654,C02_TPC,1,460,24.72805304,Fcom
GrossPhoto,C02,27,31.834006154692762,C02_TPC,1,460,24.72805304,Fcom
GrossPhoto,C02,28,32.996455786864765,C02_TPC,1,460,24.72805304,Fcom
GrossPhoto,C02,29,33.422136758402274,C02_TPC,1,460,24.72805304,Fcom
GrossPhoto,C02,30,33.229418954125826,C02_TPC,1,460,24.72805304,Fcom
GrossPhoto,C02,31,32.56337902348977,C02_TPC,1,460,24.72805304,Fcom
GrossPhoto,C02,32,31.564271366707562,C02_TPC,1,460,24.72805304,Fcom
GrossPhoto,C02,34,29.015057101369365,C02_TPC,1,460,24.72805304,Fcom
GrossPhoto,J02,24.5,16.777445812663256,J02_TPC,1,464,20.79769841,Ahya
GrossPhoto,J02,26,22.258090369291953,J02_TPC,1,464,20.79769841,Ahya
GrossPhoto,J02,27,23.196784141694284,J02_TPC,1,464,20.79769841,Ahya
GrossPhoto,J02,28,22.87431965274576,J02_TPC,1,464,20.79769841,Ahya
GrossPhoto,J02,29,21.993337671699972,J02_TPC,1,464,20.79769841,Ahya
GrossPhoto,J02,30,20.918567468648448,J02_TPC,1,464,20.79769841,Ahya
GrossPhoto,J02,31,19.80865635004661,J02_TPC,1,464,20.79769841,Ahya
GrossPhoto,J02,32,18.726485227499264,J02_TPC,1,464,20.79769841,Ahya
GrossPhoto,J02,34,16.719805105908584,J02_TPC,1,464,20.79769841,Ahya
GrossPhoto,B02,24.5,16.410280803726014,B02_TPC,1,464,18.64110773,Mvie
GrossPhoto,B02,26,19.423866915553663,B02_TPC,1,464,18.64110773,Mvie
GrossPhoto,B02,27,21.181203613472803,B02_TPC,1,464,18.64110773,Mvie
GrossPhoto,B02,28,22.534351770229602,B02_TPC,1,464,18.64110773,Mvie
GrossPhoto,B02,29,23.32639504620621,B02_TPC,1,464,18.64110773,Mvie
GrossPhoto,B02,30,23.460470914940633,B02_TPC,1,464,18.64110773,Mvie
GrossPhoto,B02,31,22.92867686933761,B02_TPC,1,464,18.64110773,Mvie
GrossPhoto,B02,32,21.81342481334728,B02_TPC,1,464,18.64110773,Mvie
GrossPhoto,B02,34,18.44032439342401,B02_TPC,1,464,18.64110773,Mvie
GrossPhoto,H02,24.5,12.601469946452957,H02_TPC,1,455,37.79520607,Maeq
GrossPhoto,H02,26,14.155143881225928,H02_TPC,1,455,37.79520607,Maeq
GrossPhoto,H02,27,14.923954411137906,H02_TPC,1,455,37.79520607,Maeq
GrossPhoto,H02,28,15.374483910849948,H02_TPC,1,455,37.79520607,Maeq
GrossPhoto,H02,29,15.442468875856585,H02_TPC,1,455,37.79520607,Maeq
GrossPhoto,H02,30,15.106999324110731,H02_TPC,1,455,37.79520607,Maeq
GrossPhoto,H02,31,14.398582186892192,H02_TPC,1,455,37.79520607,Maeq
GrossPhoto,H02,32,13.392006751080805,H02_TPC,1,455,37.79520607,Maeq
GrossPhoto,H02,34,10.886634407165092,H02_TPC,1,455,37.79520607,Maeq
GrossPhoto,E03,24.5,20.684020543217574,E03_TPC,1,457,37.62293403,Peyd
GrossPhoto,E03,26,22.942824138487317,E03_TPC,1,457,37.62293403,Peyd
GrossPhoto,E03,27,23.297579250833582,E03_TPC,1,457,37.62293403,Peyd
GrossPhoto,E03,28,23.357387387452587,E03_TPC,1,457,37.62293403,Peyd
GrossPhoto,E03,29,23.31142866253117,E03_TPC,1,457,37.62293403,Peyd
GrossPhoto,E03,30,23.228641988998685,E03_TPC,1,457,37.62293403,Peyd
GrossPhoto,E03,31,23.1335218741968,E03_TPC,1,457,37.62293403,Peyd
GrossPhoto,E03,32,23.034726146256613,E03_TPC,1,457,37.62293403,Peyd
GrossPhoto,E03,34,22.836374952973046,E03_TPC,1,457,37.62293403,Peyd
GrossPhoto,I03,24.5,11.037566005462114,I03_TPC,1,459,30.56935118,Tfro
GrossPhoto,I03,26,17.471387681848274,I03_TPC,1,459,30.56935118,Tfro
GrossPhoto,I03,27,18.74248526952144,I03_TPC,1,459,30.56935118,Tfro
GrossPhoto,I03,28,19.087418178164874,I03_TPC,1,459,30.56935118,Tfro
GrossPhoto,I03,29,19.148929134403712,I03_TPC,1,459,30.56935118,Tfro
GrossPhoto,I03,30,19.13046252561322,I03_TPC,1,459,30.56935118,Tfro
GrossPhoto,I03,31,19.090021294096648,I03_TPC,1,459,30.56935118,Tfro
GrossPhoto,I03,32,19.043763902851854,I03_TPC,1,459,30.56935118,Tfro
GrossPhoto,I03,34,18.948547684917536,I03_TPC,1,459,30.56935118,Tfro
GrossPhoto,A03,24.5,27.834784020453988,A03_TPC,1,461,19.11326072,Pcyl
GrossPhoto,A03,26,31.707639819510963,A03_TPC,1,461,19.11326072,Pcyl
GrossPhoto,A03,27,31.67088807702317,A03_TPC,1,461,19.11326072,Pcyl
GrossPhoto,A03,28,31.161861214282823,A03_TPC,1,461,19.11326072,Pcyl
GrossPhoto,A03,29,30.539229689222147,A03_TPC,1,461,19.11326072,Pcyl
GrossPhoto,A03,30,29.899938426457393,A03_TPC,1,461,19.11326072,Pcyl
GrossPhoto,A03,31,29.269295697226962,A03_TPC,1,461,19.11326072,Pcyl
GrossPhoto,A03,32,28.653594828474745,A03_TPC,1,461,19.11326072,Pcyl
GrossPhoto,A03,34,27.470760168810887,A03_TPC,1,461,19.11326072,Pcyl
GrossPhoto,H04,24.5,15.91682017695471,H04_TPC,1,458,41.64580512,Maeq
GrossPhoto,H04,26,19.070214723300882,H04_TPC,1,458,41.64580512,Maeq
GrossPhoto,H04,27,20.29954646386153,H04_TPC,1,458,41.64580512,Maeq
GrossPhoto,H04,28,20.84636245991656,H04_TPC,1,458,41.64580512,Maeq
GrossPhoto,H04,29,20.846331068542916,H04_TPC,1,458,41.64580512,Maeq
GrossPhoto,H04,30,20.460753388079276,H04_TPC,1,458,41.64580512,Maeq
GrossPhoto,H04,31,19.83070584288063,H04_TPC,1,458,41.64580512,Maeq
GrossPhoto,H04,32,19.061727990289715,H04_TPC,1,458,41.64580512,Maeq
GrossPhoto,H04,34,17.36847964154438,H04_TPC,1,458,41.64580512,Maeq
GrossPhoto,F03,24.5,24.596449856110844,F03_TPC,1,463,17.6489484,Prug
GrossPhoto,F03,26,29.91404896424123,F03_TPC,1,463,17.6489484,Prug
GrossPhoto,F03,27,32.145068812828484,F03_TPC,1,463,17.6489484,Prug
GrossPhoto,F03,28,33.35038067513115,F03_TPC,1,463,17.6489484,Prug
GrossPhoto,F03,29,33.73327952404306,F03_TPC,1,463,17.6489484,Prug
GrossPhoto,F03,30,33.53000794640406,F03_TPC,1,463,17.6489484,Prug
GrossPhoto,F03,31,32.94418562739578,F03_TPC,1,463,17.6489484,Prug
GrossPhoto,F03,32,32.12711821927152,F03_TPC,1,463,17.6489484,Prug
GrossPhoto,F03,34,30.17540542417921,F03_TPC,1,463,17.6489484,Prug
GrossPhoto,J03,24.5,19.602208481224395,J03_TPC,1,461,29.80688791,Ahya
GrossPhoto,J03,26,27.546910390419143,J03_TPC,1,461,29.80688791,Ahya
GrossPhoto,J03,27,28.890355105202044,J03_TPC,1,461,29.80688791,Ahya
GrossPhoto,J03,28,28.930608867794433,J03_TPC,1,461,29.80688791,Ahya
GrossPhoto,J03,29,28.52198144673606,J03_TPC,1,461,29.80688791,Ahya
GrossPhoto,J03,30,27.977908184456805,J03_TPC,1,461,29.80688791,Ahya
GrossPhoto,J03,31,27.401771926180846,J03_TPC,1,461,29.80688791,Ahya
GrossPhoto,J03,32,26.826451261574366,J03_TPC,1,461,29.80688791,Ahya
GrossPhoto,J03,34,25.711661621777004,J03_TPC,1,461,29.80688791,Ahya
GrossPhoto,B03,24.5,13.68438165655958,B03_TPC,1,465,17.06832783,Mvie
GrossPhoto,B03,26,19.795898328241687,B03_TPC,1,465,17.06832783,Mvie
GrossPhoto,B03,27,22.944427427913702,B03_TPC,1,465,17.06832783,Mvie
GrossPhoto,B03,28,24.705173032463758,B03_TPC,1,465,17.06832783,Mvie
GrossPhoto,B03,29,25.069202753792464,B03_TPC,1,465,17.06832783,Mvie
GrossPhoto,B03,30,24.37947527649112,B03_TPC,1,465,17.06832783,Mvie
GrossPhoto,B03,31,23.054988014767606,B03_TPC,1,465,17.06832783,Mvie
GrossPhoto,B03,32,21.428655540046517,B03_TPC,1,465,17.06832783,Mvie
GrossPhoto,B03,34,18.031738838758766,B03_TPC,1,465,17.06832783,Mvie
GrossPhoto,C03,24.5,29.939383926579925,C03_TPC,1,452,26.45396363,Fcom
GrossPhoto,C03,26,34.80872901390804,C03_TPC,1,452,26.45396363,Fcom
GrossPhoto,C03,27,38.206493421402655,C03_TPC,1,452,26.45396363,Fcom
GrossPhoto,C03,28,41.51728765848259,C03_TPC,1,452,26.45396363,Fcom
GrossPhoto,C03,29,44.39862502268185,C03_TPC,1,452,26.45396363,Fcom
GrossPhoto,C03,30,46.31106287854889,C03_TPC,1,452,26.45396363,Fcom
GrossPhoto,C03,31,46.54958639944277,C03_TPC,1,452,26.45396363,Fcom
GrossPhoto,C03,32,44.45774897944667,C03_TPC,1,452,26.45396363,Fcom
GrossPhoto,C03,34,33.2891450635307,C03_TPC,1,452,26.45396363,Fcom
GrossPhoto,G05,24.5,24.758787495252196,G05_TPC,1,465,17.26931188,Elam
GrossPhoto,G05,26,34.30418265331821,G05_TPC,1,465,17.26931188,Elam
GrossPhoto,G05,27,37.2164361731063,G05_TPC,1,465,17.26931188,Elam
GrossPhoto,G05,28,38.05460898029534,G05_TPC,1,465,17.26931188,Elam
GrossPhoto,G05,29,37.73909550482179,G05_TPC,1,465,17.26931188,Elam
GrossPhoto,G05,30,36.87697137539209,G05_TPC,1,465,17.26931188,Elam
GrossPhoto,G05,31,35.787724605293036,G05_TPC,1,465,17.26931188,Elam
GrossPhoto,G05,32,34.62342295800083,G05_TPC,1,465,17.26931188,Elam
GrossPhoto,G05,34,32.30585245470352,G05_TPC,1,465,17.26931188,Elam
GrossPhoto,D03,24.5,21.823712737405426,D03_TPC,1,463,17.32354567,Prus
GrossPhoto,D03,26,25.322657566529372,D03_TPC,1,463,17.32354567,Prus
GrossPhoto,D03,27,26.50987167646486,D03_TPC,1,463,17.32354567,Prus
GrossPhoto,D03,28,26.982322744304742,D03_TPC,1,463,17.32354567,Prus
GrossPhoto,D03,29,26.958601172703247,D03_TPC,1,463,17.32354567,Prus
GrossPhoto,D03,30,26.61995982581101,D03_TPC,1,463,17.32354567,Prus
GrossPhoto,D03,31,26.095179520854856,D03_TPC,1,463,17.32354567,Prus
GrossPhoto,D03,32,25.468260902975555,D03_TPC,1,463,17.32354567,Prus
GrossPhoto,D03,34,24.095523821768214,D03_TPC,1,463,17.32354567,Prus
GrossPhoto,I06,24.5,9.773902238798978,I06_TPC,1,464,22.32262496,Tfro
GrossPhoto,I06,26,10.87153887498684,I06_TPC,1,464,22.32262496,Tfro
GrossPhoto,I06,27,11.025638702567262,I06_TPC,1,464,22.32262496,Tfro
GrossPhoto,I06,28,11.073878477885561,I06_TPC,1,464,22.32262496,Tfro
GrossPhoto,I06,29,11.092516937357498,I06_TPC,1,464,22.32262496,Tfro
GrossPhoto,I06,30,11.102915428108544,I06_TPC,1,464,22.32262496,Tfro
GrossPhoto,I06,31,11.11098864684627,I06_TPC,1,464,22.32262496,Tfro
GrossPhoto,I06,32,11.118379266871841,I06_TPC,1,464,22.32262496,Tfro
GrossPhoto,I06,34,11.132621094632299,I06_TPC,1,464,22.32262496,Tfro
GrossPhoto,A06,24.5,22.069210211522954,A06_TPC,1,464,17.41606213,Pcyl
GrossPhoto,A06,26,21.794773746759216,A06_TPC,1,464,17.41606213,Pcyl
GrossPhoto,A06,27,21.600241774679436,A06_TPC,1,464,17.41606213,Pcyl
GrossPhoto,A06,28,21.40638665591085,A06_TPC,1,464,17.41606213,Pcyl
GrossPhoto,A06,29,21.214911576356652,A06_TPC,1,464,17.41606213,Pcyl
GrossPhoto,A06,30,21.026226367419138,A06_TPC,1,464,17.41606213,Pcyl
GrossPhoto,A06,31,20.8403974360707,A06_TPC,1,464,17.41606213,Pcyl
GrossPhoto,A06,32,20.657400034001554,A06_TPC,1,464,17.41606213,Pcyl
GrossPhoto,A06,34,20.299700905134287,A06_TPC,1,464,17.41606213,Pcyl
GrossPhoto,H06,24.5,8.338058108106843,H06_TPC,1,465,24.44093297,Maeq
GrossPhoto,H06,26,8.483596851438016,H06_TPC,1,465,24.44093297,Maeq
GrossPhoto,H06,27,8.534924465823833,H06_TPC,1,465,24.44093297,Maeq
GrossPhoto,H06,28,8.545978081883511,H06_TPC,1,465,24.44093297,Maeq
GrossPhoto,H06,29,8.514425543769706,H06_TPC,1,465,24.44093297,Maeq
GrossPhoto,H06,30,8.438907566607531,H06_TPC,1,465,24.44093297,Maeq
GrossPhoto,H06,31,8.31918882451568,H06_TPC,1,465,24.44093297,Maeq
GrossPhoto,H06,32,8.156246056971325,H06_TPC,1,465,24.44093297,Maeq
GrossPhoto,H06,34,7.710633012742271,H06_TPC,1,465,24.44093297,Maeq
GrossPhoto,G06,24.5,11.172088810802846,G06_TPC,1,462,22.13759203,Elam
GrossPhoto,G06,26,14.032551749309794,G06_TPC,1,462,22.13759203,Elam
GrossPhoto,G06,27,15.508886329208751,G06_TPC,1,462,22.13759203,Elam
GrossPhoto,G06,28,16.424566407320984,G06_TPC,1,462,22.13759203,Elam
GrossPhoto,G06,29,16.714952751795003,G06_TPC,1,462,22.13759203,Elam
GrossPhoto,G06,30,16.434778236506375,G06_TPC,1,462,22.13759203,Elam
GrossPhoto,G06,31,15.716402711181138,G06_TPC,1,462,22.13759203,Elam
GrossPhoto,G06,32,14.714276136719915,G06_TPC,1,462,22.13759203,Elam
GrossPhoto,G06,34,12.370699447104899,G06_TPC,1,462,22.13759203,Elam
GrossPhoto,E06,24.5,19.341410168298026,E06_TPC,1,455,44.66694621,Peyd
GrossPhoto,E06,26,21.210925405756946,E06_TPC,1,455,44.66694621,Peyd
GrossPhoto,E06,27,22.36525020106587,E06_TPC,1,455,44.66694621,Peyd
GrossPhoto,E06,28,23.355357337797788,E06_TPC,1,455,44.66694621,Peyd
GrossPhoto,E06,29,24.076655399024094,E06_TPC,1,455,44.66694621,Peyd
GrossPhoto,E06,30,24.406576823576987,E06_TPC,1,455,44.66694621,Peyd
GrossPhoto,E06,31,24.222271595153497,E06_TPC,1,455,44.66694621,Peyd
GrossPhoto,E06,32,23.43147857517919,E06_TPC,1,455,44.66694621,Peyd
GrossPhoto,E06,34,20.027272729101355,E06_TPC,1,455,44.66694621,Peyd
GrossPhoto,D06,24.5,18.13841971691979,D06_TPC,1,462,16.312245,Prus
GrossPhoto,D06,26,20.43631482155591,D06_TPC,1,462,16.312245,Prus
GrossPhoto,D06,27,21.815877322365235,D06_TPC,1,462,16.312245,Prus
GrossPhoto,D06,28,22.984928624224725,D06_TPC,1,462,16.312245,Prus
GrossPhoto,D06,29,23.868622225615574,D06_TPC,1,462,16.312245,Prus
GrossPhoto,D06,30,24.404265828413035,D06_TPC,1,462,16.312245,Prus
GrossPhoto,D06,31,24.5515682061763,D06_TPC,1,462,16.312245,Prus
GrossPhoto,D06,32,24.299960289688435,D06_TPC,1,462,16.312245,Prus
GrossPhoto,D06,34,22.712658229465738,D06_TPC,1,462,16.312245,Prus
GrossPhoto,F06,24.5,24.342156526990088,F06_TPC,1,465,20.08308848,Prug
GrossPhoto,F06,26,27.346228285777936,F06_TPC,1,465,20.08308848,Prug
GrossPhoto,F06,27,28.785423072948998,F06_TPC,1,465,20.08308848,Prug
GrossPhoto,F06,28,29.66992062563758,F06_TPC,1,465,20.08308848,Prug
GrossPhoto,F06,29,29.97349221008028,F06_TPC,1,465,20.08308848,Prug
GrossPhoto,F06,30,29.726698719600815,F06_TPC,1,465,20.08308848,Prug
GrossPhoto,F06,31,29.004293694626018,F06_TPC,1,465,20.08308848,Prug
GrossPhoto,F06,32,27.906250341074973,F06_TPC,1,465,20.08308848,Prug
GrossPhoto,F06,34,25.001702098657518,F06_TPC,1,465,20.08308848,Prug
GrossPhoto,B06,24.5,12.387193176637725,B06_TPC,1,466,13.28791369,Mvie
GrossPhoto,B06,26,12.460437302010982,B06_TPC,1,466,13.28791369,Mvie
GrossPhoto,B06,27,12.428732113147719,B06_TPC,1,466,13.28791369,Mvie
GrossPhoto,B06,28,12.326091186169974,B06_TPC,1,466,13.28791369,Mvie
GrossPhoto,B06,29,12.148781199732435,B06_TPC,1,466,13.28791369,Mvie
GrossPhoto,B06,30,11.89526020469412,B06_TPC,1,466,13.28791369,Mvie
GrossPhoto,B06,31,11.566565238027225,B06_TPC,1,466,13.28791369,Mvie
GrossPhoto,B06,32,11.166518134450948,B06_TPC,1,466,13.28791369,Mvie
GrossPhoto,B06,34,10.181141147286072,B06_TPC,1,466,13.28791369,Mvie
GrossPhoto,B07,24.5,22.86198168870048,B07_TPC,1,468,13.30067458,Mvie
GrossPhoto,B07,26,25.528577656455955,B07_TPC,1,468,13.30067458,Mvie
GrossPhoto,B07,27,27.177034331419602,B07_TPC,1,468,13.30067458,Mvie
GrossPhoto,B07,28,28.56814258965187,B07_TPC,1,468,13.30067458,Mvie
GrossPhoto,B07,29,29.52441439494937,B07_TPC,1,468,13.30067458,Mvie
GrossPhoto,B07,30,29.845476798142368,B07_TPC,1,468,13.30067458,Mvie
GrossPhoto,B07,31,29.350356884001478,B07_TPC,1,468,13.30067458,Mvie
GrossPhoto,B07,32,27.940983447462024,B07_TPC,1,468,13.30067458,Mvie
GrossPhoto,B07,34,22.714887299680967,B07_TPC,1,468,13.30067458,Mvie
GrossPhoto,A07,24.5,29.820405838037402,A07_TPC,1,462,13.81749069,Pcyl
GrossPhoto,A07,26,32.155901261254726,A07_TPC,1,462,13.81749069,Pcyl
GrossPhoto,A07,27,33.507298943768284,A07_TPC,1,462,13.81749069,Pcyl
GrossPhoto,A07,28,34.58524215662689,A07_TPC,1,462,13.81749069,Pcyl
GrossPhoto,A07,29,35.280783621836264,A07_TPC,1,462,13.81749069,Pcyl
GrossPhoto,A07,30,35.48237163736316,A07_TPC,1,462,13.81749069,Pcyl
GrossPhoto,A07,31,35.09348202452299,A07_TPC,1,462,13.81749069,Pcyl
GrossPhoto,A07,32,34.05501536101682,A07_TPC,1,462,13.81749069,Pcyl
GrossPhoto,A07,34,30.09691604655714,A07_TPC,1,462,13.81749069,Pcyl
GrossPhoto,E07,24.5,24.37646862322117,E07_TPC,1,462,18.03177515,Peyd
GrossPhoto,E07,26,30.535670435423846,E07_TPC,1,462,18.03177515,Peyd
GrossPhoto,E07,27,32.17319709174494,E07_TPC,1,462,18.03177515,Peyd
GrossPhoto,E07,28,32.60384899325948,E07_TPC,1,462,18.03177515,Peyd
GrossPhoto,E07,29,32.39922655064182,E07_TPC,1,462,18.03177515,Peyd
GrossPhoto,E07,30,31.893476745146888,E07_TPC,1,462,18.03177515,Peyd
GrossPhoto,E07,31,31.25696029538512,E07_TPC,1,462,18.03177515,Peyd
GrossPhoto,E07,32,30.571309799388153,E07_TPC,1,462,18.03177515,Peyd
GrossPhoto,E07,34,29.183640285066623,E07_TPC,1,462,18.03177515,Peyd
GrossPhoto,J07,24.5,21.22452904310999,J07_TPC,1,465,16.49727793,Ahya
GrossPhoto,J07,26,24.470394804951436,J07_TPC,1,465,16.49727793,Ahya
GrossPhoto,J07,27,26.313869199629597,J07_TPC,1,465,16.49727793,Ahya
GrossPhoto,J07,28,27.668236897793882,J07_TPC,1,465,16.49727793,Ahya
GrossPhoto,J07,29,28.340227582161322,J07_TPC,1,465,16.49727793,Ahya
GrossPhoto,J07,30,28.19728081430901,J07_TPC,1,465,16.49727793,Ahya
GrossPhoto,J07,31,27.213911470697102,J07_TPC,1,465,16.49727793,Ahya
GrossPhoto,J07,32,25.48806417325618,J07_TPC,1,465,16.49727793,Ahya
GrossPhoto,J07,34,20.635460651499926,J07_TPC,1,465,16.49727793,Ahya
GrossPhoto,C07,24.5,31.60530607375609,C07_TPC,1,463,12.85404337,Fcom
GrossPhoto,C07,26,34.80814885579999,C07_TPC,1,463,12.85404337,Fcom
GrossPhoto,C07,27,36.86033225734049,C07_TPC,1,463,12.85404337,Fcom
GrossPhoto,C07,28,38.690805252952515,C07_TPC,1,463,12.85404337,Fcom
GrossPhoto,C07,29,40.093452408538006,C07_TPC,1,463,12.85404337,Fcom
GrossPhoto,C07,30,40.79227955451644,C07_TPC,1,463,12.85404337,Fcom
GrossPhoto,C07,31,40.46920279107736,C07_TPC,1,463,12.85404337,Fcom
GrossPhoto,C07,32,38.84481048820337,C07_TPC,1,463,12.85404337,Fcom
GrossPhoto,C07,34,31.539142686786334,C07_TPC,1,463,12.85404337,Fcom
GrossPhoto,F07,24.5,33.48183802806693,F07_TPC,1,444,25.48732609,Prug
GrossPhoto,F07,26,35.851929781442614,F07_TPC,1,444,25.48732609,Prug
GrossPhoto,F07,27,37.37255277338389,F07_TPC,1,444,25.48732609,Prug
GrossPhoto,F07,28,38.72485218517079,F07_TPC,1,444,25.48732609,Prug
GrossPhoto,F07,29,39.71489038485775,F07_TPC,1,444,25.48732609,Prug
GrossPhoto,F07,30,40.02608255036925,F07_TPC,1,444,25.48732609,Prug
GrossPhoto,F07,31,39.20519185247122,F07_TPC,1,444,25.48732609,Prug
GrossPhoto,F07,32,36.74941339347786,F07_TPC,1,444,25.48732609,Prug
GrossPhoto,F07,34,26.42498708280831,F07_TPC,1,444,25.48732609,Prug
GrossPhoto,D07,24.5,27.192467424354003,D07_TPC,1,465,13.26877235,Prus
GrossPhoto,D07,26,30.752591221151278,D07_TPC,1,465,13.26877235,Prus
GrossPhoto,D07,27,32.734562501177074,D07_TPC,1,465,13.26877235,Prus
GrossPhoto,D07,28,34.17806490244955,D07_TPC,1,465,13.26877235,Prus
GrossPhoto,D07,29,34.900657555370884,D07_TPC,1,465,13.26877235,Prus
GrossPhoto,D07,30,34.77527383682345,D07_TPC,1,465,13.26877235,Prus
GrossPhoto,D07,31,33.76874601147942,D07_TPC,1,465,13.26877235,Prus
GrossPhoto,D07,32,31.958341484942572,D07_TPC,1,465,13.26877235,Prus
GrossPhoto,D07,34,26.66776865097967,D07_TPC,1,465,13.26877235,Prus
GrossPhoto,I07,24.5,23.563764524417316,I07_TPC,1,466,10.84739316,Tfro
GrossPhoto,I07,26,26.98411062359605,I07_TPC,1,466,10.84739316,Tfro
GrossPhoto,I07,27,28.428042281442373,I07_TPC,1,466,10.84739316,Tfro
GrossPhoto,I07,28,29.131704962592863,I07_TPC,1,466,10.84739316,Tfro
GrossPhoto,I07,29,29.14759217884433,I07_TPC,1,466,10.84739316,Tfro
GrossPhoto,I07,30,28.594678998138463,I07_TPC,1,466,10.84739316,Tfro
GrossPhoto,I07,31,27.618176848501026,I07_TPC,1,466,10.84739316,Tfro
GrossPhoto,I07,32,26.358197594990735,I07_TPC,1,466,10.84739316,Tfro
GrossPhoto,I07,34,23.43127722744659,I07_TPC,1,466,10.84739316,Tfro
GrossPhoto,G07,24.5,19.144881500489387,G07_TPC,1,462,20.22026807,Elam
GrossPhoto,G07,26,22.67481045121573,G07_TPC,1,462,20.22026807,Elam
GrossPhoto,G07,27,24.19654423108066,G07_TPC,1,462,20.22026807,Elam
GrossPhoto,G07,28,24.943604664310083,G07_TPC,1,462,20.22026807,Elam
GrossPhoto,G07,29,24.9706364761935,G07_TPC,1,462,20.22026807,Elam
GrossPhoto,G07,30,24.417284951132874,G07_TPC,1,462,20.22026807,Elam
GrossPhoto,G07,31,23.45155989791662,G07_TPC,1,462,20.22026807,Elam
GrossPhoto,G07,32,22.22877329623562,G07_TPC,1,462,20.22026807,Elam
GrossPhoto,G07,34,19.47092955056365,G07_TPC,1,462,20.22026807,Elam
GrossPhoto,H07,24.5,18.748676554158315,H07_TPC,1,468,19.99695246,Maeq
GrossPhoto,H07,26,20.038137816176327,H07_TPC,1,468,19.99695246,Maeq
GrossPhoto,H07,27,20.759198487968295,H07_TPC,1,468,19.99695246,Maeq
GrossPhoto,H07,28,21.30155808958929,H07_TPC,1,468,19.99695246,Maeq
GrossPhoto,H07,29,21.59713974807319,H07_TPC,1,468,19.99695246,Maeq
GrossPhoto,H07,30,21.576376317711162,H07_TPC,1,468,19.99695246,Maeq
GrossPhoto,H07,31,21.180093870493195,H07_TPC,1,468,19.99695246,Maeq
GrossPhoto,H07,32,20.374837969406528,H07_TPC,1,468,19.99695246,Maeq
GrossPhoto,H07,34,17.61135646015662,H07_TPC,1,468,19.99695246,Maeq
GrossPhoto,B08,24.5,14.59154897568161,B08_TPC,1,465,21.71648261,Mvie
GrossPhoto,B08,26,15.831763055974136,B08_TPC,1,465,21.71648261,Mvie
GrossPhoto,B08,27,16.366057747714255,B08_TPC,1,465,21.71648261,Mvie
GrossPhoto,B08,28,16.553393983550677,B08_TPC,1,465,21.71648261,Mvie
GrossPhoto,B08,29,16.315035103209706,B08_TPC,1,465,21.71648261,Mvie
GrossPhoto,B08,30,15.617609921381254,B08_TPC,1,465,21.71648261,Mvie
GrossPhoto,B08,31,14.493168187459691,B08_TPC,1,465,21.71648261,Mvie
GrossPhoto,B08,32,13.03920376864973,B08_TPC,1,465,21.71648261,Mvie
GrossPhoto,B08,34,9.7064602176232,B08_TPC,1,465,21.71648261,Mvie
GrossPhoto,H08,24.5,13.468010400273352,H08_TPC,1,466,15.57211329,Maeq
GrossPhoto,H08,26,14.789870900899784,H08_TPC,1,466,15.57211329,Maeq
GrossPhoto,H08,27,15.61264771815739,H08_TPC,1,466,15.57211329,Maeq
GrossPhoto,H08,28,16.32409821919472,H08_TPC,1,466,15.57211329,Maeq
GrossPhoto,H08,29,16.84757756475103,H08_TPC,1,466,15.57211329,Maeq
GrossPhoto,H08,30,17.090869388695673,H08_TPC,1,466,15.57211329,Maeq
GrossPhoto,H08,31,16.95899252585941,H08_TPC,1,466,15.57211329,Maeq
GrossPhoto,H08,32,16.378390736982645,H08_TPC,1,466,15.57211329,Maeq
GrossPhoto,H08,34,13.860879016203805,H08_TPC,1,466,15.57211329,Maeq
GrossPhoto,A08,24.5,25.4652354388704,A08_TPC,1,464,13.2751528,Pcyl
GrossPhoto,A08,26,31.683691862538538,A08_TPC,1,464,13.2751528,Pcyl
GrossPhoto,A08,27,33.20959660442491,A08_TPC,1,464,13.2751528,Pcyl
GrossPhoto,A08,28,33.711726974067865,A08_TPC,1,464,13.2751528,Pcyl
GrossPhoto,A08,29,33.75093936510927,A08_TPC,1,464,13.2751528,Pcyl
GrossPhoto,A08,30,33.5946047782514,A08_TPC,1,464,13.2751528,Pcyl
GrossPhoto,A08,31,33.35901005396091,A08_TPC,1,464,13.2751528,Pcyl
GrossPhoto,A08,32,33.09300670070321,A08_TPC,1,464,13.2751528,Pcyl
GrossPhoto,A08,34,32.53896943980704,A08_TPC,1,464,13.2751528,Pcyl
GrossPhoto,C08,24.5,14.188021948621511,C08_TPC,1,467,8.907737636,Fcom
GrossPhoto,C08,26,15.910972179143396,C08_TPC,1,467,8.907737636,Fcom
GrossPhoto,C08,27,16.991890671136606,C08_TPC,1,467,8.907737636,Fcom
GrossPhoto,C08,28,17.956468132420746,C08_TPC,1,467,8.907737636,Fcom
GrossPhoto,C08,29,18.7432999787249,C08_TPC,1,467,8.907737636,Fcom
GrossPhoto,C08,30,19.29005140201246,C08_TPC,1,467,8.907737636,Fcom
GrossPhoto,C08,31,19.542105339139248,C08_TPC,1,467,8.907737636,Fcom
GrossPhoto,C08,32,19.46243183996156,C08_TPC,1,467,8.907737636,Fcom
GrossPhoto,C08,34,18.29403059737034,C08_TPC,1,467,8.907737636,Fcom
GrossPhoto,E08,24.5,26.06147389477191,E08_TPC,1,461,30.03020351,Peyd
GrossPhoto,E08,26,28.078772899855522,E08_TPC,1,461,30.03020351,Peyd
GrossPhoto,E08,27,29.248151211179017,E08_TPC,1,461,30.03020351,Peyd
GrossPhoto,E08,28,30.20267711181478,E08_TPC,1,461,30.03020351,Peyd
GrossPhoto,E08,29,30.873643466071123,E08_TPC,1,461,30.03020351,Peyd
GrossPhoto,E08,30,31.195089989380893,E08_TPC,1,461,30.03020351,Peyd
GrossPhoto,E08,31,31.112658570558057,E08_TPC,1,461,30.03020351,Peyd
GrossPhoto,E08,32,30.59326463413722,E08_TPC,1,461,30.03020351,Peyd
GrossPhoto,E08,34,28.262578728295026,E08_TPC,1,461,30.03020351,Peyd
GrossPhoto,D04,24.5,35.60202571903285,D04_TPC,1,460,15.43174348,Prus
GrossPhoto,D04,26,38.31939195979377,D04_TPC,1,460,15.43174348,Prus
GrossPhoto,D04,27,39.908142983833,D04_TPC,1,460,15.43174348,Prus
GrossPhoto,D04,28,41.23556570706174,D04_TPC,1,460,15.43174348,Prus
GrossPhoto,D04,29,42.227983198069055,D04_TPC,1,460,15.43174348,Prus
GrossPhoto,D04,30,42.81650633213023,D04_TPC,1,460,15.43174348,Prus
GrossPhoto,D04,31,42.94489870157271,D04_TPC,1,460,15.43174348,Prus
GrossPhoto,D04,32,42.5775938557777,D04_TPC,1,460,15.43174348,Prus
GrossPhoto,D04,34,40.352780018811885,D04_TPC,1,460,15.43174348,Prus
GrossPhoto,J08,24.5,17.049184591671235,J08_TPC,1,464,15.59444485,Ahya
GrossPhoto,J08,26,18.91962284300996,J08_TPC,1,464,15.59444485,Ahya
GrossPhoto,J08,27,20.098665688494403,J08_TPC,1,464,15.59444485,Ahya
GrossPhoto,J08,28,21.142898248523704,J08_TPC,1,464,15.59444485,Ahya
GrossPhoto,J08,29,21.96136891238291,J08_TPC,1,464,15.59444485,Ahya
GrossPhoto,J08,30,22.44931771906831,J08_TPC,1,464,15.59444485,Ahya
GrossPhoto,J08,31,22.502493489089584,J08_TPC,1,464,15.59444485,Ahya
GrossPhoto,J08,32,22.04043319925597,J08_TPC,1,464,15.59444485,Ahya
GrossPhoto,J08,34,19.52264738428568,J08_TPC,1,464,15.59444485,Ahya
GrossPhoto,F08,24.5,24.657012753932946,F08_TPC,1,457,24.85885218,Prug
GrossPhoto,F08,26,26.039513110261545,F08_TPC,1,457,24.85885218,Prug
GrossPhoto,F08,27,26.97215567077512,F08_TPC,1,457,24.85885218,Prug
GrossPhoto,F08,28,27.879014355740903,F08_TPC,1,457,24.85885218,Prug
GrossPhoto,F08,29,28.68101132001219,F08_TPC,1,457,24.85885218,Prug
GrossPhoto,F08,30,29.192268490362178,F08_TPC,1,457,24.85885218,Prug
GrossPhoto,F08,31,29.009025509253203,F08_TPC,1,457,24.85885218,Prug
GrossPhoto,F08,32,27.39511689562267,F08_TPC,1,457,24.85885218,Prug
GrossPhoto,F08,34,17.337296064112646,F08_TPC,1,457,24.85885218,Prug
GrossPhoto,I08,24.5,30.934152459279915,I08_TPC,1,465,7.194587934,Tfro
GrossPhoto,I08,26,35.92628561495657,I08_TPC,1,465,7.194587934,Tfro
GrossPhoto,I08,27,37.74525359823719,I08_TPC,1,465,7.194587934,Tfro
GrossPhoto,I08,28,38.6796618880469,I08_TPC,1,465,7.194587934,Tfro
GrossPhoto,I08,29,39.02005651714132,I08_TPC,1,465,7.194587934,Tfro
GrossPhoto,I08,30,38.988407418222124,I08_TPC,1,465,7.194587934,Tfro
GrossPhoto,I08,31,38.73432786312511,I08_TPC,1,465,7.194587934,Tfro
GrossPhoto,I08,32,38.35207668201996,I08_TPC,1,465,7.194587934,Tfro
GrossPhoto,I08,34,37.408619950060576,I08_TPC,1,465,7.194587934,Tfro
GrossPhoto,G08,24.5,19.412936893534972,G08_TPC,1,461,22.74054416,Elam
GrossPhoto,G08,26,25.955119936509913,G08_TPC,1,461,22.74054416,Elam
GrossPhoto,G08,27,29.232138014169198,G08_TPC,1,461,22.74054416,Elam
GrossPhoto,G08,28,31.132896153441287,G08_TPC,1,461,22.74054416,Elam
GrossPhoto,G08,29,31.642071240882565,G08_TPC,1,461,22.74054416,Elam
GrossPhoto,G08,30,31.03111815362668,G08_TPC,1,461,22.74054416,Elam
GrossPhoto,G08,31,29.669194230998393,G08_TPC,1,461,22.74054416,Elam
GrossPhoto,G08,32,27.886281426817963,G08_TPC,1,461,22.74054416,Elam
GrossPhoto,G08,34,23.93052218903803,G08_TPC,1,461,22.74054416,Elam
GrossPhoto,J06,24.5,4.415995014880881,J06_TPC,1,466,15.5880644,Ahya
GrossPhoto,J06,26,7.899104878234786,J06_TPC,1,466,15.5880644,Ahya
GrossPhoto,J06,27,9.918983152737932,J06_TPC,1,466,15.5880644,Ahya
GrossPhoto,J06,28,11.159760960444885,J06_TPC,1,466,15.5880644,Ahya
GrossPhoto,J06,29,11.636360100496915,J06_TPC,1,466,15.5880644,Ahya
GrossPhoto,J06,30,11.595958597963003,J06_TPC,1,466,15.5880644,Ahya
GrossPhoto,J06,31,11.27546958649665,J06_TPC,1,466,15.5880644,Ahya
GrossPhoto,J06,32,10.826795369465616,J06_TPC,1,466,15.5880644,Ahya
GrossPhoto,J06,34,9.830199277845114,J06_TPC,1,466,15.5880644,Ahya
