frag_ID,temp_c_value,R,NP,GP,NPR,GPR
G01,24.5,0.37249847991644947,0.7178391488272683,1.090337628743718,1.9270928273003367,2.9270928273003376
C01,24.5,0.33419814746205395,0.7315115615296514,1.0657097089917054,2.188855824261293,3.1888558242612937
F01,24.5,0.2636521210930906,0.704906463560301,0.9685585846533916,2.673623336075539,3.6736233360755395
E01,24.5,0.3707926275822228,0.5992639570977295,0.9700565846799524,1.6161700975698161,2.616170097569816
J01,24.5,0.31162630580692574,0.5784558628076567,0.8900821686145824,1.856248500298465,2.8562485002984648
I01,24.5,0.42006846705664547,0.42047825851959064,0.8405467255762361,1.0009755349308092,2.000975534930809
B01,24.5,0.36701211970588465,0.6628196317889582,1.029831751494843,1.8059884025631827,2.805988402563183
H01,24.5,0.419033008782943,0.3877895414467652,0.8068225502297082,0.9254391260800131,1.925439126080013
D01,24.5,0.3621929078860696,0.865701221669624,1.2278941295556935,2.390166131971686,3.3901661319716854
G02,24.5,0.3981978066722897,0.92981279690949,1.3280106035817796,2.335052532508575,3.3350525325085747
E02,24.5,0.35760761844538397,0.812525899293145,1.170133517738529,2.2721157419000537,3.272115741900054
F04,24.5,0.35174100831724864,0.7684116868380377,1.1201526951552865,2.1845951102322934,3.1845951102322934
D02,24.5,0.4469469730440467,0.8526773159607326,1.299624289004779,1.9077818340582007,2.9077818340582002
A02,24.5,0.4697211651218425,0.6417703101795147,1.1114914753013572,1.3662793117126069,2.366279311712607
I02,24.5,0.4061362248620654,0.5973524995731486,1.003488724435214,1.4708180728671156,2.4708180728671154
C02,24.5,0.5004208201344535,0.755980792644236,1.2564016127786894,1.5106901276432072,2.510690127643207
J02,24.5,0.27485190728166303,0.5521294951867285,0.8269814024683915,2.0088254094628373,3.008825409462837
B02,24.5,0.28979092286813235,0.5631976868693099,0.8529886097374423,1.9434621391698652,2.943462139169865
H02,24.5,0.18905655086938197,0.4839143166974688,0.6729708675668508,2.559627341513293,3.5596273415132926
E03,24.5,0.3663135919339822,0.6530165221611326,1.0193301140951148,1.782670740426199,2.782670740426199
I03,24.5,0.1489126692347937,0.3882551325203898,0.5371678017551835,2.6072672964327825,3.6072672964327825
A03,24.5,0.4846531146830556,0.9095710724047584,1.394224187087814,1.876746573679987,2.876746573679987
H04,24.5,0.28235410316968623,0.5205754852122192,0.8029295883819054,1.8436972559218279,2.843697255921828
F03,24.5,0.3176399042586949,0.8990549234423604,1.2166948277010552,2.830421843692991,3.8304218436929904
J03,24.5,0.2975623310545302,0.6569683431378669,0.9545306741923972,2.2078343747665867,3.207834374766587
B03,24.5,0.05748348552821512,0.5713552628353882,0.6288387483636033,9.939467963454389,10.939467963454389
C03,24.5,0.36049528378000206,1.0846973907776067,1.445192674557609,3.0089086864158823,4.008908686415882
G05,24.5,0.37492638857396954,0.8412760982177265,1.216202486791696,2.2438433886116034,3.2438433886116034
D03,24.5,0.4263165212209048,0.6140750279846199,1.040391549205525,1.4404204327479584,2.440420432747959
B07,24.5,0.3224118453292801,0.7063719246472916,1.0287837699765716,2.190899419113687,3.190899419113687
A07,24.5,0.43545953651453734,1.1472412445848328,1.58270078109937,2.6345530373900385,3.6345530373900385
E07,24.5,0.3996104338800976,0.8239253190767214,1.223535752956819,2.0618213370373075,3.0618213370373075
J07,24.5,0.30964002421046916,0.6888435362925293,0.9984835605029984,2.224659225011257,3.224659225011257
C07,24.5,0.4180262707377652,1.1197889171214306,1.537815187859196,2.6787524983660482,3.6787524983660482
F07,24.5,0.5447325714822078,1.0668593406282996,1.6115919121105071,1.9585011003204638,2.958501100320463
D07,24.5,0.3976225416031331,0.8957472436731789,1.293369785276312,2.2527577034785518,3.2527577034785513
I07,24.5,0.4776373785833163,0.6287243565906195,1.106361735173936,1.3163215124733973,2.316321512473398
G07,24.5,0.2575958699673903,0.6913682814226336,0.948964151390024,2.6839261107336685,3.6839261107336685
H07,24.5,0.25899345531439477,0.6520520913538226,0.9110455466682174,2.5176392606612006,3.5176392606612006
H08,24.5,0.27497885427333935,0.3388793366005324,0.6138581908738717,1.2323832590547983,2.232383259054798
E08,24.5,0.36989463281929846,0.7907626306690728,1.1606572634883712,2.137805095040072,3.1378050950400715
D04,24.5,0.3202371859843309,1.283339518408533,1.603576704392864,4.007465636646352,5.007465636646353
J08,24.5,0.20157382584500505,0.6336763445449206,0.8352501703899257,3.1436439819928284,4.143643981992828
F08,24.5,0.3266971953461925,0.8732700652977474,1.19996726064394,2.673025902081485,3.6730259020814855
I08,24.5,0.4133738265799856,1.205653257912749,1.6190270844927346,2.916617309537041,3.916617309537041
G08,24.5,0.2842930894330874,0.7672164666620876,1.051509556095175,2.6986813791077515,3.6986813791077515
G01,26,0.393421826899611,0.974627297564104,1.368049124463715,2.4773086568295524,3.477308656829552
C01,26,0.36824439378191925,0.7971335657589622,1.1653779595408815,2.164686222571629,3.1646862225716292
F01,26,0.28648071643599105,0.7629813333670189,1.0494620498030098,2.6632903703223367,3.6632903703223363
E01,26,0.4051088388833553,0.6701921481145806,1.0753009869979355,1.6543508405343677,2.654350840534367
J01,26,0.3546448859578726,0.7740339257944562,1.1286788117523288,2.182560517414036,3.182560517414036
I01,26,0.4434789079457146,0.553905030981618,0.9973839389273328,1.2489997180416537,2.248999718041654
B01,26,0.3920605738038233,0.7297671709038829,1.1218277447077063,1.861363318998352,2.861363318998352
H01,26,0.4452961083678339,0.4547051506480858,0.9000012590159198,1.021129855176007,2.021129855176007
D01,26,0.43323310953830263,0.8614638856030709,1.2946969951413734,1.9884534829785623,2.988453482978562
G02,26,0.46050432376759326,1.0151332940925664,1.4756376178601596,2.2043947074965633,3.204394707496563
E02,26,0.4363466721689882,0.8578475866912013,1.2941942588601896,1.9659771493776268,2.9659771493776272
F04,26,0.4404972133485265,0.8456164295701837,1.28611364291871,1.9196862180853849,2.919686218085385
D02,26,0.5576157954870974,0.9126160360802588,1.470231831567356,1.6366394988561181,2.636639498856118
A02,26,0.5465852968181838,0.710260508191314,1.256845805009498,1.2994504468486923,2.2994504468486925
I02,26,0.5057231385348767,0.7235472865258844,1.2292704250607611,1.4307181763960077,2.4307181763960077
C02,26,0.5651432738486858,0.9808224728163304,1.545965746665016,1.7355288794942654,2.735528879494265
J02,26,0.3522388470466472,0.7731561108123649,1.125394957859012,2.194976838287162,3.194976838287161
B02,26,0.35905396124577316,0.6426049573258675,1.001658918571641,1.789716941420967,2.7897169414209677
H02,26,0.19022817797087208,0.4983785713095751,0.6886067492804472,2.619898779590305,3.6198987795903053
E03,26,0.47545494037927616,0.7050449723803395,1.1804999127596156,1.4828849434562958,2.482884943456296
I03,26,0.4049217065594932,0.4830276209709837,0.8879493275304768,1.192891398870993,2.192891398870993
A03,26,0.705745518825277,0.9721397625085466,1.6778852813338236,1.3774650161813091,2.377465016181309
H04,26,0.3833323529818016,0.6096028417863669,0.9929351947681684,1.590272349945133,2.5902723499451326
F03,26,0.47650221613486526,1.019321648568965,1.49582386470383,2.1391750427462113,3.1391750427462113
J03,26,0.4854229410935374,0.8891754282846236,1.374598369378161,1.831754029345074,2.831754029345074
B03,26,0.4004676379601505,0.6125564783509977,1.0130241163111482,1.5296029448750403,2.52960294487504
C03,26,0.4089172063157436,1.2126778213711875,1.621595027686931,2.9655827699136332,3.9655827699136332
G05,26,0.45074865390964286,1.2355429999068468,1.6862916538164896,2.7410908256523023,3.7410908256523023
D03,26,0.5202258725248273,0.7452524080826242,1.2654782806074514,1.4325554483971914,2.432555448397191
B07,26,0.4389006032339506,0.8270980330161148,1.2659986362500657,1.8844768654264992,2.8844768654265
A07,26,0.5417051255140555,0.9441416630235556,1.4858467885376112,1.7429070144529364,2.742907014452937
E07,26,0.4801525132588706,1.0621391962764193,1.54229170953529,2.2120871326227443,3.2120871326227443
J07,26,0.4329951081479173,0.8096292461910461,1.2426243543389637,1.8698346262019783,2.8698346262019787
C07,26,0.5499763787252329,1.274610525577725,1.824586904302958,2.3175732174754327,3.3175732174754327
F07,26,0.6224399938871267,1.2454217281351243,1.867861722022251,2.000870349537612,3.000870349537612
D07,26,0.6069525769609525,1.006519094046816,1.6134716710077686,1.658315875494782,2.658315875494782
I07,26,0.5463739085094811,0.8312038018554324,1.3775777103649136,1.5213094712428215,2.5213094712428217
G07,26,0.39623092660774106,0.7809400562365006,1.1771709828442418,1.9709215101465622,2.9709215101465625
H07,26,0.306961258203909,0.7811916865607271,1.088152944764636,2.5449194831023108,3.5449194831023108
H08,26,0.3010855408119654,0.46062986769766434,0.7617154085096298,1.5298970068620394,2.52989700686204
A08,26,0.4581959530001128,1.1364578285757634,1.594653781575876,2.48028779201261,3.4802877920126094
C08,26,0.3164777173662842,0.6406224067991997,0.957100124165484,2.0242259459226246,3.0242259459226246
E08,26,0.4704705011860223,0.950004118076104,1.4204746192621265,2.0192639404196693,3.0192639404196697
D04,26,0.505522882089698,1.458852801757362,1.96437568384706,2.885829412363789,3.885829412363789
J08,26,0.2664128414964435,0.6693382272451772,0.9357510687416208,2.512409775315251,3.5124097753152514
F08,26,0.390122457353008,0.9015126718500336,1.2916351292030417,2.3108453637014974,3.3108453637014974
I08,26,0.565528340410501,1.3196997957118608,1.885228136122362,2.333569692995276,3.333569692995276
G08,26,0.4106516006323157,0.8362847906825848,1.2469363913149003,2.0364824814876767,3.0364824814876763
A01,27,0.5389298293301557,0.8480444586985465,1.3869742880287022,1.5735712008232952,2.573571200823295
G01,27,0.4506435279388093,1.012635798129594,1.4632793260684034,2.2470882978421356,3.247088297842136
C01,27,0.40870878739885314,0.796802164446516,1.205510951845369,1.9495596596236822,2.949559659623682
F01,27,0.3273062165150777,0.8881685139460556,1.2154747304611333,2.713570562156253,3.713570562156253
E01,27,0.46615689966643287,0.7030586422021625,1.1692155418685954,1.5082017293002614,2.5082017293002616
J01,27,0.38256199508615074,0.7436011383298466,1.1261631334159974,1.9437402248030204,2.9437402248030207
I01,27,0.49205058281650366,0.5310704252439572,1.023121008060461,1.0793004698909276,2.079300469890928
B01,27,0.4350392037176556,0.7432770195276758,1.1783162232453313,1.7085288249333717,2.708528824933371
H01,27,0.5164882724024149,0.4248899105886059,0.9413781829910208,0.8226516133895072,1.8226516133895072
D01,27,0.4501909154631607,0.8693738271332596,1.3195647425964203,1.931122546617449,2.931122546617449
G02,27,0.46514220150539826,1.1643362524535237,1.6294784539589218,2.503183432260577,3.5031834322605766
E02,27,0.439051684804527,0.7261254237122526,1.1651771085167797,1.6538495326251523,2.6538495326251526
F04,27,0.46272338204383856,0.9162493506081716,1.3789727326520105,1.9801233007960808,2.9801233007960817
D02,27,0.6060060498503248,0.9031381534523578,1.5091442033026827,1.490312107734602,2.490312107734602
A02,27,0.698458364547526,0.96326681281925,1.6617251773667758,1.3791327611106379,2.379132761110638
I02,27,0.5174510466947667,0.5638991729099162,1.081350219604683,1.0897633244957918,2.089763324495792
C02,27,0.609257362491746,0.9964371765455924,1.6056945390373385,1.6354946823627294,2.6354946823627294
J02,27,0.38268854246840384,0.7939787971334805,1.1766673396018843,2.0747388777625457,3.0747388777625457
B02,27,0.3715980437963943,0.6847219217271499,1.056319965523544,1.84264135174598,2.84264135174598
H02,27,0.22470888986469767,0.5046128180750611,0.7293217079397587,2.2456290820487785,3.245629082048778
E03,27,0.45010109065795106,0.6598771747681046,1.1099782654260557,1.4660643763460026,2.4660643763460026
I03,27,0.45434445408073054,0.42782853242581814,0.8821729865065486,0.9416391651383492,1.941639165138349
A03,27,0.6697317424800433,0.8579316407370329,1.5276633832170765,1.2810078816931654,2.281007881693166
H04,27,0.36017766809403384,0.6459027230773906,1.0060803911714244,1.7932892022299416,2.7932892022299414
F03,27,0.5571219334388908,1.054880172057755,1.6120021054966458,1.893445776845298,2.8934457768452977
J03,27,0.5461347596843218,0.9051338642271132,1.451268623911435,1.6573452763751952,2.6573452763751955
B03,27,0.4625223346711837,0.6755689743928509,1.1380913090640346,1.4606191393397818,2.460619139339782
C03,27,0.6469334582611387,1.382765545109557,2.0296990033706956,2.1374154133660457,3.1374154133660452
G05,27,0.5403790425844,1.2866182325053517,1.8269972750897516,2.3809550909894868,3.3809550909894868
D03,27,0.5770806392102705,0.7675743316156659,1.3446549708259363,1.3300989141934898,2.33009891419349
B07,27,0.5432556883694348,0.8343081672443776,1.3775638556138126,1.535755971094436,2.535755971094436
A07,27,0.6398794349146758,0.9800253277113454,1.6199047626260212,1.531578097742782,2.531578097742782
E07,27,0.5731105416276836,1.0329601406608953,1.6060706822885789,1.8023750491959176,2.8023750491959176
J07,27,0.5098805229181416,0.8390675373416941,1.3489480602598358,1.6456159818373797,2.64561598183738
C07,27,0.6318338603013438,1.2662063065098887,1.8980401668112328,2.0040178060510883,3.0040178060510887
F07,27,0.6922048822666952,1.270426327132326,1.9626312093990212,1.8353328034500218,2.835332803450022
D07,27,0.6821760646068215,1.0126629027480654,1.6948389673548867,1.4844597388970588,2.484459738897059
I07,27,0.6956568995137014,0.7377536718734203,1.4334105713871217,1.0605136991944546,2.0605136991944546
G07,27,0.43244577892324304,0.7890362580058234,1.2214820369290664,1.8245900329295928,2.8245900329295925
H07,27,0.36799930828647326,0.6844383721686679,1.0524376804551412,1.8598903768478254,2.859890376847826
H08,27,0.3498861648186518,0.481985669286602,0.8318718341052538,1.3775499512431941,2.377549951243194
A08,27,0.4914860175991099,1.1873433106536817,1.6788293282527915,2.4158231732691147,3.4158231732691147
C08,27,0.2569408096356468,0.5997516344203372,0.856692444055984,2.3342015434247716,3.3342015434247716
E08,27,0.5021940316162544,0.9546031020839932,1.4567971337002477,1.9008650879655253,2.900865087965525
D04,27,0.525916529901919,1.437537456363959,1.9634539862658775,2.7333947016878386,3.7333947016878377
J08,27,0.2655442114259243,0.7704084509806701,1.0359526624065944,2.901243626602577,3.901243626602577
F08,27,0.43150877401018106,0.8913502028015778,1.322858976811759,2.0656595102757915,3.0656595102757915
I08,27,0.584618826637638,1.274810360772174,1.859429187409812,2.1805838311846477,3.1805838311846477
G08,27,0.531839493281973,0.9714116065719955,1.5032510998539683,1.8265127333388314,2.826512733338831
A01,28,0.5803981399776131,0.8225562130254456,1.4029543530030586,1.4172275139564934,2.4172275139564934
G01,28,0.34735812133725763,1.0829733116700426,1.4303314330073005,3.117742885932297,4.117742885932298
C01,28,0.3893089256084687,0.8461282993637551,1.235437224972224,2.1734109949863147,3.1734109949863156
F01,28,0.29759911514225057,0.8893513149322175,1.186950430074468,2.988420562027253,3.9884205620272524
E01,28,0.5041674454897839,0.7320308458073672,1.2361982912971512,1.4519597652645357,2.451959765264536
J01,28,0.4347830339103565,0.7442378312105783,1.1790208651209348,1.7117453377079686,2.7117453377079688
I01,28,0.5394423835211183,0.599397475790317,1.1388398593114353,1.111142717184831,2.1111427171848307
B01,28,0.4024394924541789,0.7225557071063715,1.1249951995605505,1.7954393658038927,2.795439365803893
H01,28,0.5496360786415893,0.3980017891562273,0.9476378677978166,0.724118748063042,1.724118748063042
D01,28,0.4724010981709572,0.8658658816386314,1.3382669798095883,1.8329040406364239,2.832904040636423
G02,28,0.5217726073303534,1.0554362977271632,1.5772089050575169,2.022789780259445,3.022789780259446
E02,28,0.4796049394891764,0.7909540516163555,1.2705589911055315,1.6491782850668608,2.64917828506686
F04,28,0.47911227356351455,0.912167029264677,1.3912793028281916,1.9038690503171876,2.9038690503171876
D02,28,0.642962729199329,0.8574677702429931,1.500430499442322,1.3336197127799054,2.3336197127799054
A02,28,0.7027629492630432,0.7324299732660209,1.435192922529064,1.042214837925204,2.042214837925204
I02,28,0.5687726137258681,0.736988618655754,1.305761232381622,1.295752645029708,2.2957526450297077
C02,28,0.6577512952677761,1.0161146362591182,1.6738659315268944,1.5448310684746724,2.5448310684746724
J02,28,0.3973386517943951,0.7254180371299107,1.122756688924306,1.8256920988026153,2.8256920988026155
B02,28,0.3979138434145295,0.7315883446548238,1.1295021880693534,1.838559670045675,2.8385596700456754
H02,28,0.23995306113174877,0.5647260030863965,0.8046790642181453,2.3534853042626023,3.353485304262602
E03,28,0.45319134375783354,0.6765693244887427,1.1297606682465764,1.4928999280495372,2.492899928049537
I03,28,0.4493934077343816,0.4970597930693409,0.9464532008037224,1.1060682789613439,2.106068278961344
A03,28,0.6575634058269558,0.8340471289159038,1.4916105347428597,1.2683904267254669,2.2683904267254666
H04,28,0.367495897401393,0.6860324374406435,1.0535283348420363,1.8667757716253708,2.8667757716253703
F03,28,0.5610054860172248,1.0287155414390703,1.5897210274562954,1.8336996109294468,2.8336996109294472
J03,28,0.5180182777287746,0.8896470270311256,1.4076653047599,1.7174047041964209,2.7174047041964204
B03,28,0.5139642780388136,0.6906963334003834,1.2046606114391971,1.3438605811982585,2.3438605811982587
C03,28,0.7487687234501066,1.3690912411788092,2.1178599646289156,1.8284567694954437,2.8284567694954434
G05,28,0.5761080403074597,1.3364729371082718,1.9125809774157312,2.3198303852781113,3.319830385278111
D03,28,0.5937861853308929,0.7921677136128723,1.3859538989437652,1.334095897113924,2.334095897113924
B07,28,0.4689297476558519,0.9664789785111184,1.4354087261669704,2.0610314942536307,3.0610314942536307
A07,28,0.5781828342596435,1.0199731644282093,1.5981559986878526,1.7641014294972512,2.7641014294972512
E07,28,0.5117596497857965,1.1083108240207256,1.620070473806522,2.1656862249390376,3.1656862249390376
J07,28,0.4554405243960052,0.9404342190088316,1.3958747434048369,2.064889197675183,3.064889197675183
C07,28,0.5419121975011618,1.4167032665322643,1.958615464033426,2.614267169229434,3.6142671692294335
F07,28,0.4135478903859746,1.1164636629695308,1.5300115533555054,2.6997203683653357,3.6997203683653357
D07,28,0.6442648046243822,1.0260110057378866,1.6702758103622688,1.5925299634147627,2.592529963414763
I07,28,0.6166936442115386,0.7897137066605786,1.406407350872117,1.2805608004445244,2.2805608004445244
G07,28,0.40639577416858114,0.8074120266381027,1.213807800806684,1.9867628503026018,2.986762850302602
H07,28,0.3071165538872259,0.7042832444442158,1.0113997983314418,2.2932116016866697,3.29321160168667
H08,28,0.359584678785993,0.45530917080140626,0.8148938495873992,1.2662084834609535,2.2662084834609533
A08,28,0.5401354020749479,1.1515231869920093,1.691658589066957,2.1319157799477595,3.1319157799477595
C08,28,0.23872078720396944,0.6696983827540962,0.9084191699580656,2.805362660696523,3.805362660696523
E08,28,0.5399815314709053,0.9445051266489064,1.484486658119812,1.7491433902861122,2.749143390286113
D04,28,0.6203764432293746,1.4753187447800062,2.0956951880093806,2.378102458404485,3.3781024584044848
J08,28,0.2806517089043982,0.8078207681060326,1.0884724770104308,2.8783746632421554,3.878374663242155
F08,28,0.4793588553103456,0.9408869475664676,1.4202458028768132,1.9628028921199763,2.9628028921199765
I08,28,0.5899614904793082,1.470936887798851,2.060898378278159,2.4932761062146667,3.4932761062146667
G08,28,0.53698207078444,0.9909627222198524,1.5279447930042924,1.845429812530283,2.8454298125302833
A01,29,0.6397033542413336,0.7933945717770107,1.4330979260183443,1.2402538872380147,2.2402538872380147
G01,29,0.5084700225114653,0.9780933969327652,1.4865634194442308,1.9236009078798946,2.9236009078798952
C01,29,0.5001991052857744,0.8946959982550973,1.3948951035408717,1.7886797253344515,2.7886797253344513
F01,29,0.34465799781329925,0.8896653868856603,1.2343233846989596,2.581299121245377,3.581299121245377
E01,29,0.5229133243999975,0.7436771422051729,1.2665904666051704,1.422180517313237,2.4221805173132367
J01,29,0.4723570075796484,0.7363309664174746,1.208687973997123,1.5588441678687601,2.5588441678687603
I01,29,0.5804864078847464,0.525178240279445,1.1056646481641914,0.9047209945761855,1.9047209945761856
B01,29,0.5194369260725754,0.8282776272357654,1.3477145533083408,1.5945682443069882,2.594568244306988
H01,29,0.5910529147151707,0.3851265483867898,0.9761794631019604,0.6515940261835657,1.6515940261835653
D01,29,0.5229635525385153,0.8421777267129851,1.3651412792515003,1.6103946874021593,2.610394687402159
G02,29,0.5592256976821104,1.056995549672971,1.6162212473550814,1.8901054691406831,2.890105469140683
E02,29,0.4821459030331217,0.8563893262782878,1.3385352293114094,1.7762036779548387,2.7762036779548387
F04,29,0.5401416598427837,0.8866650697856019,1.4268067296283855,1.6415417208213101,2.64154172082131
D02,29,0.6756417833709522,0.9374078811311478,1.6130496645021,1.3874332585740579,2.387433258574058
A02,29,0.6802601584309138,0.6495714080844025,1.3298315665153164,0.9548867444812615,1.9548867444812617
I02,29,0.5628802711791813,0.7499996751919497,1.312879946371131,1.3324319817085981,2.332431981708598
C02,29,0.6135552643271932,0.9513665096294868,1.56492177395668,1.5505799802283948,2.550579980228395
J02,29,0.4187769262016071,0.6543343780273692,1.0731113042289762,1.5624890892684002,2.5624890892684
B02,29,0.4197414524065527,0.7370506858851893,1.156792138291742,1.755963538171821,2.7559635381718213
H02,29,0.23504379321644855,0.5175638014769883,0.7526075946934369,2.20198880555153,3.2019888055515295
E03,29,0.4653204007539096,0.8042906855208318,1.2696110862747414,1.7284664162966514,2.7284664162966514
I03,29,0.4629991971594195,0.5034410453719089,0.9664402425313284,1.0873475558070234,2.0873475558070234
A03,29,0.6816827994747006,0.9660219140838712,1.6477047135585718,1.4171135238094317,2.417113523809432
H04,29,0.3875888575044206,0.7004748235016904,1.088063681006111,1.8072625410644092,2.8072625410644094
F03,29,0.5539164116532602,1.239426189507402,1.793342601160662,2.2375689967519072,3.237568996751907
J03,29,0.5223877141906371,0.8624540084695886,1.3848417226602256,1.6509844796136413,2.650984479613641
B03,29,0.5107793406958843,0.7160609574887734,1.2268402981846576,1.4018988248687076,2.401898824868707
C03,29,0.7823105411904505,1.5100130738472606,2.292323615037711,1.9301965068110385,2.9301965068110385
G05,29,0.5440056264962974,1.3484557769948884,1.8924614034911855,2.478753364518862,3.4787533645188615
D03,29,0.5786807293037085,0.701881720615272,1.2805624499189805,1.212899765056638,2.212899765056638
B07,29,0.5261836173627679,0.8842769289436551,1.4104605463064228,1.680548196037822,2.6805481960378215
A07,29,0.6351389602214443,1.2290564433657067,1.864195403587151,1.935098490788835,2.935098490788835
E07,29,0.5372661894555318,1.0562577308361123,1.593523920291644,1.9659858587165684,2.9659858587165684
J07,29,0.48475733968947626,0.90703981710447,1.3917971567939462,1.8711213690658044,2.871121369065804
C07,29,0.6149286891894847,1.3168196140875816,1.9317483032770664,2.1414184071054385,3.1414184071054385
F07,29,0.7203832536793171,1.2968876176974378,2.017270871376754,1.8002745220320668,2.800274522032066
D07,29,0.6447525481102233,0.9849727567095686,1.629725304819792,1.5276756324523795,2.5276756324523797
I07,29,0.6834315357292343,0.7467695755463154,1.4302011112755495,1.092676495750958,2.0926764957509576
G07,29,0.38836487349318327,0.7784952006302078,1.1668600741233912,2.0045458633474285,3.0045458633474285
H07,29,0.3283850907919386,0.6839885609667754,1.012373651758714,2.0828855515859686,3.0828855515859686
H08,29,0.37592150932832097,0.43955989919961175,0.8154814085279327,1.1692863757250733,2.1692863757250733
A08,29,0.5928519868928693,1.1241663276838654,1.7170183145767348,1.896200658069156,2.896200658069156
C08,29,0.28097918526019583,0.6740714151541488,0.9550506004143446,2.399008362594321,3.399008362594321
E08,29,0.6180829797529608,0.9134001269622308,1.5314831067151915,1.4777953072373944,2.477795307237394
D04,29,0.6257462673114653,1.4020882387969968,2.027834506108462,2.2406657650889463,3.2406657650889463
J08,29,0.32214594675187325,0.7756692185678995,1.0978151653197727,2.4078192707026167,3.4078192707026167
F08,29,0.5577451272169447,0.9189752653993024,1.476720392616247,1.647661665794977,2.6476616657949767
I08,29,0.6761406695381361,1.3326103121720616,2.0087509817101976,1.970906901787689,2.970906901787689
G08,29,0.5934222303209616,1.0389175891259987,1.6323398194469605,1.7507223963687442,2.750722396368744
A01,30,0.6777715166848127,0.8602215524474749,1.5379930691322876,1.2691910640551567,2.269191064055157
G01,30,0.5730775293457591,0.9734766139068476,1.5465541432526069,1.6986822271991628,2.6986822271991633
C01,30,0.512113912195273,0.8549114327151912,1.367025344910464,1.6693774809796746,2.669377480979674
F01,30,0.3889118199691582,0.8689552613239299,1.257867081293088,2.2343246378905133,3.2343246378905133
E01,30,0.5560722209900961,0.714996428618194,1.27106864960829,1.2857977824267692,2.285797782426769
J01,30,0.5099650091026766,0.8059702458451062,1.315935254947783,1.5804422488971823,2.5804422488971825
I01,30,0.6242857496890495,0.5123422213225604,1.1366279710116098,0.8206854338381949,1.820685433838195
B01,30,0.5612783848890817,0.8691880571409181,1.4304664420299995,1.5485863709372751,2.5485863709372745
H01,30,0.6063168934468249,0.4126117220727218,1.0189286155195467,0.6805215664156793,1.6805215664156792
D01,30,0.6223021335103052,0.9082498769802072,1.5305520104905126,1.4594998603924387,2.459499860392439
G02,30,0.6294630343330638,0.9885520132995638,1.6180150476326276,1.5704687318882293,2.5704687318882296
E02,30,0.5452949602584597,0.828453502677186,1.3737484629356458,1.5192759204752495,2.5192759204752497
F04,30,0.6048452294079542,0.8970740698716602,1.5019192992796144,1.4831464749250827,2.483146474925083
D02,30,0.7659215379886479,0.7911015564557237,1.5570230944443717,1.0328754542315128,2.032875454231513
A02,30,0.7503418954086936,0.6367890320716595,1.387130927480353,0.848665169795451,1.8486651697954508
I02,30,0.6039468410835361,0.6685442589358044,1.2724911000193404,1.106958780902595,2.1069587809025947
C02,30,0.7004524309833047,0.9460693521682104,1.646521783151515,1.350654677349189,2.3506546773491888
J02,30,0.4703973081309686,0.6128479110442052,1.0832452191751738,1.302830395605868,2.302830395605868
B02,30,0.4739154100860068,0.6507197439648953,1.124635154050902,1.3730715020362005,2.3730715020362005
H02,30,0.29444733160095593,0.5319268505191989,0.8263741821201548,1.8065263068509736,2.8065263068509734
E03,30,0.5033749189651976,0.7149518446268857,1.2183267635920831,1.4203167811710462,2.4203167811710458
I03,30,0.5166777127555671,0.48272191988204866,0.9993996326376158,0.9342805156188682,1.9342805156188683
A03,30,0.6847951811583466,0.8291169194567284,1.5139121006150749,1.2107516849844917,2.2107516849844915
H04,30,0.4133398909509207,0.6618796507186878,1.0752195416696084,1.6012963307170327,2.6012963307170325
F03,30,0.6058378551765468,1.09142067809904,1.697258533275587,1.801506242591906,2.8015062425919064
J03,30,0.587243959392857,0.8857348441943705,1.4729788035872275,1.508291111431983,2.508291111431983
B03,30,0.5652538154677542,0.6905880977990274,1.2558419132667815,1.221730979785705,2.2217309797857046
C03,30,0.797769759337325,1.4994831992236493,2.297252958560974,1.879593932551679,2.879593932551679
G05,30,0.5333559775400963,1.2762318879388177,1.809587865478914,2.392833195242241,3.392833195242241
D03,30,0.586069759919975,0.7190299285909081,1.3050996885108832,1.2268674785218199,2.22686747852182
B07,30,0.5085825567880197,0.8980358790587618,1.4066184358467817,1.7657622485724942,2.7657622485724946
A07,30,0.625961315819597,1.1839926018529756,1.8099539176725727,1.8914788692696212,2.8914788692696214
E07,30,0.5343818549045348,1.0474323856072485,1.581814240511783,1.960082244548457,2.9600822445484565
J07,30,0.5009565611906995,0.932553794531718,1.4335103557224174,1.8615462233195945,2.861546223319594
C07,30,0.6173606232392002,1.404886782933536,2.0222474061727365,2.2756339326637036,3.275633932663704
F07,30,0.7589503039315495,1.310804624563357,2.0697549284949064,1.7271284005989143,2.727128400598914
D07,30,0.6739481989478808,1.0547994566510035,1.7287476555988843,1.5651046449826265,2.5651046449826262
I07,30,0.6429638422918895,0.7945528563559577,1.4375166986478471,1.2357660012788878,2.2357660012788876
G07,30,0.43060851356456215,0.8502151347293196,1.2808236482938815,1.9744503602385113,2.9744503602385106
H07,30,0.345842775313706,0.7030787527777259,1.048921528091432,2.032943299567208,3.032943299567208
H08,30,0.41348705904627014,0.36321816961080566,0.7767052286570758,0.878426934203425,1.878426934203425
A08,30,0.5910103025528074,1.145495895633078,1.7365061981858854,1.9381995384602062,2.9381995384602058
C08,30,0.31688125772392184,0.6299188157883446,0.9468000735122664,1.9878702208924965,2.9878702208924963
E08,30,0.6445830581697448,0.8542728590080669,1.4988559171778115,1.3253107542629554,2.325310754262955
D04,30,0.6853619107947008,1.459758802723456,2.145120713518157,2.1299094386946824,3.1299094386946824
J08,30,0.29797878749843437,0.8211224341431831,1.1191012216416174,2.75564056433882,3.75564056433882
F08,30,0.5248106816428358,0.8570084876804291,1.3818191693232649,1.6329859845796226,2.6329859845796224
I08,30,0.7261631428716461,1.157054224098642,1.883217366970288,1.5933805446569718,2.593380544656972
G08,30,0.6220994212478809,0.9555632705995292,1.57766269184741,1.536029833756712,2.5360298337567118
A01,31,0.6349245580641635,0.774682225947819,1.4096067840119826,1.2201169668247924,2.2201169668247926
G01,31,0.5792168208022651,0.894142355783696,1.4733591765859613,1.5437092357663784,2.5437092357663786
C01,31,0.5176514419646481,0.9013917663257204,1.4190432082903683,1.7413102587035372,2.7413102587035367
F01,31,0.37978965166139006,0.8666295509840023,1.2464192026453924,2.281867205156672,3.2818672051566726
E01,31,0.5829217189919078,0.7163209763735026,1.2992426953654104,1.228845920533365,2.2288459205333653
J01,31,0.5216683284679687,0.7032063755913491,1.2248747040593178,1.3479951479065633,2.347995147906563
I01,31,0.6305070752871488,0.5235487158968001,1.1540557911839489,0.8303613653476654,1.8303613653476654
B01,31,0.6191855927353536,0.7551487864866466,1.3743343792220002,1.2195839104567234,2.2195839104567234
H01,31,0.612680638421388,0.393554077303546,1.006234715724934,0.6423478279280442,1.6423478279280443
D01,31,0.6595985588738124,0.8117154889168555,1.471314047790668,1.230620470582539,2.230620470582539
G02,31,0.6355819557931478,0.9534661431983636,1.5890480989915114,1.5001466522260305,2.5001466522260305
E02,31,0.5482819794022579,0.7019714288652936,1.2502534082675516,1.2803109626739684,2.2803109626739686
F04,31,0.5896079588301638,0.8510336571247077,1.4406416159548714,1.4433890255030417,2.4433890255030417
D02,31,0.8117630420213422,0.6920093915523504,1.5037724335736926,0.8524770847280784,1.8524770847280785
A02,31,0.7538461255807627,0.6759118469493349,1.4297579725300975,0.8966177897758814,1.8966177897758811
I02,31,0.5666497141560876,0.7020357331876513,1.268685447343739,1.2389236518599402,2.2389236518599405
C02,31,0.7478089862668343,0.9594336639369532,1.7072426502037874,1.2829929588390994,2.2829929588390994
J02,31,0.470446094510592,0.4898713597830658,0.9603174542936578,1.0412911606646071,2.041291160664607
B02,31,0.504367106146785,0.6426127964892365,1.1469799026360217,1.2740973561868607,2.2740973561868607
H02,31,0.2652669509633924,0.4359437685156062,0.7012107194789986,1.6434153102463473,2.6434153102463473
E03,31,0.49092481401441246,0.6468245237043078,1.1377493377187202,1.3175633116099086,2.317563311609909
I03,31,0.49268504782056577,0.4099591643577163,0.902644212178282,0.8320917514570526,1.8320917514570523
A03,31,0.6781898746681867,0.6686235597375562,1.346813434405743,0.9858943412634832,1.9858943412634833
H04,31,0.3938464121434826,0.5377973480262128,0.9316437601696954,1.3655001834326406,2.3655001834326406
F03,31,0.6189396378480196,1.0056236118489938,1.6245632496970135,1.6247523188940183,2.6247523188940183
J03,31,0.615612206266731,0.7941163351961713,1.4097285414629024,1.2899619713714685,2.2899619713714685
B03,31,0.5696309429233153,0.6487219052563017,1.218352848179617,1.1388459726697708,2.138845972669771
C03,31,0.8565148903529304,1.489025558692629,2.3455404490455596,1.738470136904532,2.738470136904532
G05,31,0.662618298364412,1.1869115588899486,1.8495298572543608,1.7912447661341182,2.7912447661341186
D03,31,0.6917427709410467,0.6505140086280321,1.342256779569079,0.9403987088192811,1.9403987088192813
B07,31,0.5663121852620188,0.9262370372164772,1.492549222478496,1.635559080876796,2.635559080876796
A07,31,0.6713766888245759,1.0843233168332045,1.75570000565778,1.6150744207869383,2.615074420786938
E07,31,0.5445475899982832,1.014484100182381,1.5590316901806642,1.8629851987510941,2.862985198751094
J07,31,0.521645548049875,0.8222048800999444,1.3438504281498194,1.5761753995096546,2.576175399509655
C07,31,0.6296234839284763,1.3057345463327643,1.9353580302612403,2.0738339335530447,3.0738339335530442
F07,31,0.73713127199815,1.2218695724376458,1.959000844435796,1.6576010526937899,2.6576010526937903
D07,31,0.7045449114622848,1.0456781011831882,1.750223012645473,1.4841894167014569,2.484189416701457
I07,31,0.6966959846408936,0.7157708196347062,1.4124668042755997,1.0273789937280098,2.02737899372801
G07,31,0.4861787419549338,0.7652910435253425,1.2514697854802763,1.5740940059371844,2.5740940059371846
H07,31,0.3959519514408493,0.6710862341985849,1.0670381856394342,1.6948678539316089,2.694867853931609
H08,31,0.4486880361075968,0.40806767653545145,0.8567557126430483,0.909468592199315,1.909468592199315
A08,31,0.5700789501495787,1.140366832675396,1.7104457828249746,2.0003664972653064,3.0003664972653064
C08,31,0.30076955104297687,0.6735503415179546,0.9743198925609314,2.239423303264203,3.239423303264203
E08,31,0.7207054461526825,0.9023463096700088,1.6230517558226911,1.2520320395620341,2.252032039562034
D04,31,0.6580355122831788,1.4978743489432953,2.155909861226474,2.2762819346119127,3.2762819346119127
J08,31,0.34269399565002784,0.7966359050100373,1.1393299006600652,2.3246275543840933,3.3246275543840933
F08,31,0.5347096991701662,0.8471419346228266,1.381851633792993,1.5843025401213675,2.5843025401213677
I08,31,0.7165088427792592,1.1591900006996676,1.8756988434789268,1.61783069725043,2.61783069725043
G08,31,0.6239607983750804,0.9068499004403155,1.530810698815396,1.453376402495053,2.453376402495053
A01,32,0.7577738146700133,0.7034507380581244,1.4612245527281376,0.9283122805773583,1.928312280577358
G01,32,0.6526234612117153,0.7718300088721922,1.4244534700839075,1.1826574659745577,2.1826574659745575
C01,32,0.5415845259007106,0.7227624420863192,1.2643469679870298,1.334533036896302,2.334533036896302
F01,32,0.4122033677025506,0.6814943536429708,1.0936977213455217,1.6532964236593595,2.65329642365936
E01,32,0.623878921892234,0.5671339602662998,1.191012882158534,0.9090449129875618,1.909044912987562
J01,32,0.5580985396447352,0.6415898316831526,1.199688371327888,1.1495995529598857,2.149599552959886
I01,32,0.6943758861307243,0.3859741565304875,1.0803500426612118,0.5558576618800144,1.5558576618800144
B01,32,0.6215840053875579,0.7181470962584748,1.3397311016460327,1.1553500251518052,2.1553500251518054
H01,32,0.6526089038389746,0.3267374945278465,0.9793463983668212,0.5006635560836081,1.5006635560836084
D01,32,0.6902328005987786,0.6562021380389175,1.346434938637696,0.9506968336909817,1.9506968336909816
G02,32,0.6564388752127396,0.856527412940286,1.5129662881530257,1.304809092335827,2.304809092335827
E02,32,0.5785212187213534,0.607199466685905,1.1857206854072584,1.0495716441100227,2.049571644110023
F04,32,0.5791983506759144,0.7457293570700267,1.3249277077459412,1.2875198214908132,2.2875198214908132
D02,32,0.8298295653060459,0.7424580292411956,1.5722875945472414,0.894711468815133,1.8947114688151327
A02,32,0.807239997522898,0.6164352060047125,1.4236752035276106,0.7636331300434934,1.7636331300434935
I02,32,0.6235329485712878,0.6282389140721877,1.2517718626434755,1.0075472603519713,2.0075472603519713
C02,32,0.7271027975197213,0.9122959190892448,1.639398716608966,1.2547000536942652,2.254700053694265
J02,32,0.4939255349413527,0.4554925247691626,0.9494180597105152,0.9221886550636553,1.922188655063655
B02,32,0.49896790494978066,0.5701164278258384,1.069084332775619,1.142591381470154,2.142591381470154
H02,32,0.25857008762524497,0.4251890991130979,0.6837591867383428,1.6443862591304061,2.644386259130406
E03,32,0.5282805142225523,0.6220065909914171,1.1502871052139694,1.1774172513381407,2.1774172513381407
I03,32,0.5680043893755576,0.4469068671104529,1.0149112564860103,0.7868017844048094,1.786801784404809
A03,32,0.6940051634325906,0.7670483190476024,1.4610534824801928,1.1052487207065378,2.1052487207065376
H04,32,0.4018897359868004,0.5767602722373242,0.9786500082241244,1.4351206825950569,2.4351206825950564
F03,32,0.6531141978236465,1.004045220446208,1.6571594182698546,1.5373195434917182,2.5373195434917184
J03,32,0.6403607740674468,0.7562271692145119,1.3965879432819588,1.1809392452493683,2.1809392452493683
B03,32,0.592276809760389,0.590423106729402,1.1826999164897911,0.9968702083207733,1.9968702083207734
C03,32,0.8733148968096454,1.4231124701835225,2.296427366993168,1.6295524963359411,2.629552496335941
G05,32,0.6734719084808045,0.993455005711318,1.6669269141921226,1.475124638757867,2.475124638757867
D03,32,0.6762213938392099,0.6374808112206835,1.3137022050598932,0.9427102085626441,1.942710208562644
B07,32,0.4892155638121165,0.8988992360126569,1.3881147998247734,1.837429760018591,2.837429760018591
A07,32,0.5311495609056603,1.0910005917367915,1.622150152642452,2.054036512571962,3.054036512571962
E07,32,0.4703722619867987,1.0350813356907334,1.505453597677532,2.200557769539105,3.200557769539105
J07,32,0.4296522459016805,0.8306309959655378,1.2602832418672183,1.9332634796830908,2.9332634796830908
C07,32,0.5294192685638175,1.4135936817554997,1.9430129503193172,2.670083553230367,3.670083553230367
F07,32,0.679080558947065,1.1101781098420125,1.7892586687890777,1.634825346146527,2.634825346146527
D07,32,0.4997081444162387,0.9453046472004926,1.4450127916167312,1.8917135087017678,2.891713508701768
I07,32,0.529269604210276,0.7538106952260522,1.2830802994363282,1.4242470930308084,2.424247093030808
G07,32,0.3983313630798411,0.6978451819934883,1.0961765450733294,1.751921256207016,2.751921256207016
H07,32,0.30682591113081537,0.648072995038154,0.9548989061689692,2.1121846999481337,3.1121846999481333
H08,32,0.449500906043187,0.4476059120753139,0.8971068181185009,0.9957842265890984,1.9957842265890984
A08,32,0.5868892342657127,1.1507266002951928,1.7376158345609056,1.9607219439540853,2.9607219439540855
C08,32,0.23429636607658477,0.6735726426990397,0.9078690087756244,2.874874476195965,3.8748744761959646
E08,32,0.7215643953506147,0.9354214925799818,1.6569858879305963,1.2963797806645545,2.2963797806645543
D04,32,0.6801193945984116,1.5307279955460742,2.210847390144486,2.2506754074406587,3.2506754074406587
J08,32,0.3056590541642826,0.7599690788245476,1.0656281329888302,2.4863293544580785,3.486329354458079
F08,32,0.5726106800918731,0.8452765269353866,1.4178872070272597,1.4761801627586921,2.476180162758692
I08,32,0.8259554588678808,1.5234709636819237,2.3494264225498043,1.8444953021681245,2.844495302168124
G08,32,0.5101902100123701,0.8911502618307389,1.4013404718431088,1.746702003178642,2.7467020031786418
G01,34,0.6034350393809093,0.625475190711915,1.2289102300928243,1.036524480503515,2.0365244805035148
C01,34,0.5660647564387614,0.5277967918583556,1.093861548297117,0.9323964897211442,1.932396489721144
F01,34,0.4449217533375711,0.5652316067829298,1.0101533601205008,1.2704067682527476,2.270406768252747
E01,34,0.6730895730376573,0.5266480737725736,1.199737646810231,0.7824338615079234,1.7824338615079236
J01,34,0.6096575293296106,0.45995409225192385,1.0696116215815343,0.754446669030229,1.7544466690302287
I01,34,0.7008284638446665,0.3254572045131617,1.026285668357828,0.4643892497284427,1.4643892497284425
B01,34,0.6586347996300655,0.475167879744372,1.1338026793744376,0.7214436285651151,1.7214436285651151
H01,34,0.597535671581979,0.21878007812569356,0.8163157497076725,0.36613726766549703,1.366137267665497
D01,34,0.7495070668609232,0.5625117710643228,1.312018837925246,0.7505089624040879,1.750508962404088
G02,34,0.6526518821879097,0.6877764909952933,1.340428373183203,1.0538182908316054,2.053818290831605
E02,34,0.6127342478799525,0.5906984806508907,1.203432728530843,0.964036991068632,1.964036991068632
F04,34,0.6633047124050763,0.4115730719015221,1.0748777843065984,0.6204886897444155,1.6204886897444155
D02,34,0.8937529736496449,0.45041159709866274,1.3441645707483076,0.503955354978462,1.5039553549784619
A02,34,0.7154115570553506,0.6475309743750262,1.362942531430377,0.905116737336866,1.9051167373368663
I02,34,0.6150476474006163,0.5750857370861239,1.19013338448674,0.9350263179066142,1.935026317906614
C02,34,0.7878784639626406,0.6370877368114963,1.4249662007741368,0.8086116907006936,1.8086116907006935
J02,34,0.5154760667888035,0.3442178655423556,0.8596939323311592,0.667766920172815,1.6677669201728151
B02,34,0.5233178767989298,0.418401537267015,0.9417194140659448,0.7995169968706688,1.7995169968706688
H02,34,0.2684409814235525,0.30808826154874414,0.5765292429722966,1.1476945878939224,2.147694587893922
E03,34,0.6599955988004261,0.48097848449861086,1.140974083299037,0.7287601392688261,1.728760139268826
I03,34,0.6383231345135775,0.27685777883493834,0.9151809133485158,0.43372668773146184,1.4337266877314618
A03,34,0.7178348315849916,0.694985288209928,1.4128201197949195,0.9681688009975618,1.9681688009975615
H04,34,0.4328750493947738,0.4452399876862286,0.8781150370810024,1.0285646823690644,2.0285646823690646
F03,34,0.66788084527856,0.8262435793308718,1.4941244246094318,1.2371122561334453,2.2371122561334453
J03,34,0.8036612086481232,0.43544240396165235,1.2391036126097754,0.5418233445584997,1.5418233445584995
B03,34,0.5395031416423504,0.29878483384991583,0.8382879754922662,0.5538148173527921,1.5538148173527921
C03,34,0.729877165166017,0.93244976988704,1.662326935053057,1.2775434201657017,2.2775434201657014
G05,34,0.7030519565544722,0.8736719585608519,1.576723915115324,1.2426847694764365,2.2426847694764365
D03,34,0.6528894962546475,0.5739751434889897,1.2268646397436371,0.8791306136515348,1.8791306136515347
B07,34,0.6879213213293915,0.4720939082666292,1.1600152295960209,0.6862614860582007,1.6862614860582008
A07,34,0.8057049025234806,0.7537390121262567,1.5594439146497372,0.9355025763968099,1.93550257639681
E07,34,0.8296640177460899,0.684598259512396,1.514262277258486,0.8251511996051276,1.8251511996051277
J07,34,0.6300537289790199,0.462167727188267,1.092221456167287,0.7335370079265996,1.7335370079265997
C07,34,0.8216790100690243,0.8635835695013858,1.68526257957041,1.0509986976895531,2.050998697689553
F07,34,0.7266046664670662,0.6492980349286943,1.3759027013957603,0.8936056495284346,1.8936056495284344
D07,34,0.6605629938421941,0.7670282570662863,1.4275912509084805,1.161173520491713,2.161173520491713
I07,34,0.7224932960569539,0.5031661822311176,1.2256594782880716,0.6964302436813936,1.6964302436813938
G07,34,0.4655143686210016,0.5212135406139686,0.9867279092349702,1.1196508115484498,2.11965081154845
H07,34,0.4285439304136489,0.534500143779162,0.9630440741928108,1.2472470284743962,2.247247028474396
H08,34,0.38912652834283074,0.26831064652648257,0.6574371748693133,0.6895203153306829,1.6895203153306828
A08,34,0.5631693096247493,1.0026801515156818,1.5658494611404312,1.780423993956253,2.780423993956253
C08,34,0.3050973130852785,0.476297044125124,0.7813943572104025,1.5611315593329826,2.5611315593329826
E08,34,0.791073818637559,0.5768342423061217,1.367908060943681,0.7291787804323808,1.729178780432381
D04,34,0.7972906628785524,1.1973226222268014,1.9946132851053535,1.501739174900113,2.5017391749001123
J08,34,0.37641915364801154,0.579400870886053,0.9558200245340644,1.5392438595934177,2.5392438595934173
I08,34,0.901231823459646,0.9673290473150958,1.868560870774742,1.0733409785749863,2.073340978574987
G08,34,0.6416484285466469,0.6179677370750742,1.259616165621721,0.9630939772965544,1.9630939772965543
