rmax,topt,ctmin,ctmax,e,eh,q10,thermal_safety_margin,thermal_tolerance,breadth,skewness,PR,frag_ID,sample_ID,species_ID,weight_g,volume_mL,SA_cm2,species,full_species
0.63,34,7.61,68.51,0.49,NA,1.86,34.51,60.9,5.25,NA,Respiration,G01,G01_TPC,G,1,460,20.38296944,Elam,Echinopora lamellosa
0.63,31.87,3.16,52.46,0.48,NA,1.84,20.6,49.3,7.05,NA,Respiration,H01,H01_TPC,H,1,461,32.84078989,Maeq,Montipora aequituberculata
0.66,33.17,5.65,61.25,0.53,NA,1.97,28.08,55.6,6.12,NA,Respiration,G02,G02_TPC,G,1,461,16.88329491,Elam,Echinopora lamellosa
0.62,32.52,0.14,65.24,0.34,NA,1.54,32.73,65.1,7.69,NA,Respiration,I02,I02_TPC,I,1,460,24.37074807,Tfro,Turbinaria frondens
0.27,32.13,2.85,57.96,0.39,NA,1.65,25.83,55.12,7.25,NA,Respiration,H02,H02_TPC,H,1,455,37.79520607,Maeq,Montipora aequituberculata
0.86,30.9,18.1,60.53,1.09,0.45,4.05,29.63,42.43,6.24,0.64,Respiration,C03,C03_TPC,C,1,452,26.45396363,Fcom,Favites complanata
0.67,32.72,3.18,69.42,0.4,NA,1.67,36.7,66.24,7.32,NA,Respiration,D03,D03_TPC,D,1,463,17.32354567,Prus,Porites rus
0.67,30.54,1.9,52.56,0.49,0.02,1.88,22.02,50.66,8.46,0.48,Respiration,D07,D07_TPC,D,1,465,13.26877235,Prus,Porites rus
0.45,32.1,3.42,66.13,0.31,NA,1.49,34.03,62.71,7.68,NA,Respiration,G07,G07_TPC,G,1,462,20.22026807,Elam,Echinopora lamellosa
0.44,31.59,4.72,46.44,0.57,NA,2.08,14.85,41.72,6.59,NA,Respiration,H08,H08_TPC,H,1,466,15.57211329,Maeq,Montipora aequituberculata
0.29,30.75,-7.98,58.09,0.07,-0.19,1.1,27.34,66.07,8,0.26,Respiration,C08,C08_TPC,C,1,467,8.907737636,Fcom,Favites complanata
1.52,29.99,-1.67,47.02,0.45,0.45,1.78,17.02,48.69,8.91,-0,GrossPhoto,G01,G01_TPC,G,1,460,20.38296944,Elam,Echinopora lamellosa
1.37,30.35,-7.07,43.9,0.37,0.69,1.62,13.55,50.96,8.66,-0.32,GrossPhoto,C01,C01_TPC,C,1,462,23.69761104,Fcom,Favites complanata
1.28,30.84,-4.46,52.68,0.38,0.19,1.63,21.84,57.14,8.94,0.2,GrossPhoto,E01,E01_TPC,E,1,460,33.93822657,Peyd,Pocillopora eydouxi
1.26,30.26,1.5,50.08,0.45,0.37,1.77,19.83,48.58,8.59,0.07,GrossPhoto,J01,J01_TPC,J,1,465,16.22929921,Ahya,Acropora hyacinthus
1.15,30.56,-2.99,50.27,0.38,0.3,1.64,19.71,53.25,8.81,0.08,GrossPhoto,I01,I01_TPC,I,1,468,26.20193602,Tfro,Turbinaria frondens
1.01,30.09,-9.04,46.15,0.29,0.57,1.45,16.06,55.19,9.5,-0.28,GrossPhoto,H01,H01_TPC,H,1,461,32.84078989,Maeq,Montipora aequituberculata
1.44,30.34,-8.45,53.14,0.27,0.29,1.42,22.8,61.59,9.5,-0.02,GrossPhoto,D01,D01_TPC,D,1,460,28.54674986,Prus,Porites rus
1.63,29.86,-11.72,45.52,0.32,0.38,NA,15.66,57.24,9.42,-0.06,GrossPhoto,G02,G02_TPC,G,1,461,16.88329491,Elam,Echinopora lamellosa
1.32,29.84,-11.31,48.82,0.18,0.26,NA,18.98,60.13,9.5,-0.08,GrossPhoto,E02,E02_TPC,E,1,457,34.41995023,Peyd,Pocillopora eydouxi
1.59,30,-9.79,47.67,0.24,0.33,NA,17.67,57.46,9.5,-0.09,GrossPhoto,D02,D02_TPC,D,1,464,18.28699298,Prus,Porites rus
1.3,30.53,-5.75,50.26,0.32,0.18,1.5,19.73,56.01,9.15,0.14,GrossPhoto,I02,I02_TPC,I,1,460,24.37074807,Tfro,Turbinaria frondens
1.69,30.21,-6.4,48.47,0.28,0.49,NA,18.26,54.86,9.37,-0.21,GrossPhoto,C02,C02_TPC,C,1,460,24.72805304,Fcom,Favites complanata
1.09,28.94,-14.22,46.05,0.61,0.38,2.19,17.11,60.27,8.82,0.23,GrossPhoto,J02,J02_TPC,J,1,464,20.79769841,Ahya,Acropora hyacinthus
0.78,29.12,-9.98,45.62,0.26,0.69,1.4,16.5,55.6,8.76,-0.43,GrossPhoto,H02,H02_TPC,H,1,455,37.79520607,Maeq,Montipora aequituberculata
1.22,30.2,-8.65,50.93,0.24,NA,1.35,20.72,59.58,9.5,NA,GrossPhoto,E03,E03_TPC,E,1,457,37.62293403,Peyd,Pocillopora eydouxi
1.01,30.87,7.07,52.67,0.62,0.03,2.2,21.8,45.6,7.55,0.59,GrossPhoto,I03,I03_TPC,I,1,459,30.56935118,Tfro,Turbinaria frondens
1.05,29.74,-8.72,47.26,0.46,0.35,1.8,17.52,55.98,9.5,0.11,GrossPhoto,H04,H04_TPC,H,1,458,41.64580512,Maeq,Montipora aequituberculata
1.47,30.22,-1.43,47.73,0.4,0.36,1.68,17.51,49.16,8.75,0.05,GrossPhoto,J03,J03_TPC,J,1,461,29.80688791,Ahya,Acropora hyacinthus
2.38,30.48,6.95,42.56,0.66,0.92,2.34,12.08,35.61,6.39,-0.26,GrossPhoto,C03,C03_TPC,C,1,452,26.45396363,Fcom,Favites complanata
1.9,30.04,1.47,46.88,0.44,0.41,1.75,16.83,45.41,8.39,0.03,GrossPhoto,G05,G05_TPC,G,1,465,17.26931188,Elam,Echinopora lamellosa
1.37,30.27,-7.56,49.21,0.24,0.25,NA,18.94,56.77,9.5,-0.01,GrossPhoto,D03,D03_TPC,D,1,463,17.32354567,Prus,Porites rus
1.63,30.35,-6.65,48.13,0.27,0.06,NA,17.78,54.78,9.21,0.21,GrossPhoto,E07,E07_TPC,E,1,462,18.03177515,Peyd,Pocillopora eydouxi
1.42,29.8,0.06,45.5,0.52,0.54,1.96,15.7,45.44,8.25,-0.02,GrossPhoto,J07,J07_TPC,J,1,465,16.49727793,Ahya,Acropora hyacinthus
2,30.12,-8.08,47.84,0.32,0.39,NA,17.72,55.93,9.5,-0.07,GrossPhoto,C07,C07_TPC,C,1,463,12.85404337,Fcom,Favites complanata
1.7,29.76,-9.22,46.96,0.34,0.46,NA,17.2,56.18,9.5,-0.12,GrossPhoto,D07,D07_TPC,D,1,465,13.26877235,Prus,Porites rus
1.44,29.93,-10.83,45.82,0.36,0.35,1.6,15.89,56.65,9.5,0.02,GrossPhoto,I07,I07_TPC,I,1,466,10.84739316,Tfro,Turbinaria frondens
1.25,29.66,-7.34,46.13,0.3,0.56,1.48,16.47,53.47,9.21,-0.25,GrossPhoto,G07,G07_TPC,G,1,462,20.22026807,Elam,Echinopora lamellosa
1.07,29.82,-11.65,47.06,0.11,0.21,NA,17.24,58.71,9.5,-0.1,GrossPhoto,H07,H07_TPC,H,1,468,19.99695246,Maeq,Montipora aequituberculata
0.86,30.32,-7.29,44.02,0.27,0.73,1.4,13.7,51.31,8.74,-0.46,GrossPhoto,H08,H08_TPC,H,1,466,15.57211329,Maeq,Montipora aequituberculata
1.6,30.66,-4.06,48.69,0.3,0.48,1.48,18.03,52.76,8.68,-0.18,GrossPhoto,E08,E08_TPC,E,1,461,30.03020351,Peyd,Pocillopora eydouxi
2.18,30.89,-4.26,53.08,0.33,0.23,NA,22.19,57.34,8.91,0.09,GrossPhoto,D04,D04_TPC,D,1,460,15.43174348,Prus,Porites rus
1.13,30.32,-0.52,48.69,0.4,0.47,1.67,18.37,49.2,8.64,-0.07,GrossPhoto,J08,J08_TPC,J,1,464,15.59444485,Ahya,Acropora hyacinthus
2.05,30.97,-7.62,60.08,0.21,0.13,NA,29.11,67.7,9.5,0.08,GrossPhoto,I08,I08_TPC,I,1,465,7.194587934,Tfro,Turbinaria frondens
1.6,29.96,6.41,46.74,0.73,0.47,2.56,16.78,40.33,7.58,0.26,GrossPhoto,G08,G08_TPC,G,1,461,22.74054416,Elam,Echinopora lamellosa
0.96,29.79,-12.15,46.22,0.04,0.41,1.05,16.43,58.37,8,-0.37,GrossPhoto,C08,C08_TPC,C,1,467,8.907737636,Fcom,Favites complanata
1.01,28.86,0.17,42.26,0.82,0.72,2.88,13.41,42.09,7.5,0.1,NetPhoto,G01,G01_TPC,G,1,460,20.38296944,Elam,Echinopora lamellosa
0.88,29.49,-15.97,40.03,0.33,0.98,1.53,10.54,55.99,8.11,-0.65,NetPhoto,C01,C01_TPC,C,1,462,23.69761104,Fcom,Favites complanata
0.72,29.15,-12.59,43.43,0.36,0.7,1.6,14.28,56.02,8.46,-0.33,NetPhoto,E01,E01_TPC,E,1,460,33.93822657,Peyd,Pocillopora eydouxi
0.78,28.98,-3.72,42.12,0.47,0.72,1.83,13.14,45.84,7.83,-0.26,NetPhoto,J01,J01_TPC,J,1,465,16.22929921,Ahya,Acropora hyacinthus
0.55,28.57,-3.14,41.88,0.68,0.77,2.39,13.3,45.01,7.39,-0.1,NetPhoto,I01,I01_TPC,I,1,468,26.20193602,Tfro,Turbinaria frondens
0.42,27.4,-Inf,39.04,0.31,0.61,1.49,11.65,Inf,7.58,-0.3,NetPhoto,H01,H01_TPC,H,1,461,32.84078989,Maeq,Montipora aequituberculata
0.88,27.59,-Inf,41.54,0.01,0.55,NA,13.94,Inf,7.82,-0.54,NetPhoto,D01,D01_TPC,D,1,460,28.54674986,Prus,Porites rus
1.06,28.12,-19.27,43.61,0.35,0.65,1.56,15.49,62.88,7.82,-0.31,NetPhoto,G02,G02_TPC,G,1,461,16.88329491,Elam,Echinopora lamellosa
0.81,27.53,-Inf,43.36,-0.27,0.5,NA,15.82,Inf,7.98,-0.77,NetPhoto,E02,E02_TPC,E,1,457,34.41995023,Peyd,Pocillopora eydouxi
0.89,26.94,-Inf,40.63,NA,0.61,NA,13.7,Inf,7.12,NA,NetPhoto,D02,D02_TPC,D,1,464,18.28699298,Prus,Porites rus
0.7,29.34,-14.86,48.04,0.34,0.35,1.56,18.7,62.91,9.5,-0.01,NetPhoto,I02,I02_TPC,I,1,460,24.37074807,Tfro,Turbinaria frondens
1,29.22,-9.28,42.45,0.33,0.74,1.53,13.23,51.73,8.23,-0.4,NetPhoto,C02,C02_TPC,C,1,460,24.72805304,Fcom,Favites complanata
0.7,27.48,-12.55,40.05,1.08,0.98,4.06,12.57,52.6,6.41,0.1,NetPhoto,J02,J02_TPC,J,1,464,20.79769841,Ahya,Acropora hyacinthus
0.53,28.18,-20.17,41.87,0.32,0.81,1.52,13.69,62.04,7.54,-0.48,NetPhoto,H02,H02_TPC,H,1,455,37.79520607,Maeq,Montipora aequituberculata
0.72,28.69,-21.16,43.02,0.04,0.78,1.05,14.33,64.18,8.21,-0.74,NetPhoto,E03,E03_TPC,E,1,457,37.62293403,Peyd,Pocillopora eydouxi
0.49,28.97,-6.85,41.68,0.43,0.8,1.73,12.71,48.53,7.83,-0.37,NetPhoto,I03,I03_TPC,I,1,459,30.56935118,Tfro,Turbinaria frondens
0.66,29,-4.83,43.31,0.49,0.71,1.88,14.31,48.14,8.09,-0.22,NetPhoto,H04,H04_TPC,H,1,458,41.64580512,Maeq,Montipora aequituberculata
0.91,28.98,-5.89,39.91,0.59,0.89,2.15,10.93,45.8,7.47,-0.3,NetPhoto,J03,J03_TPC,J,1,461,29.80688791,Ahya,Acropora hyacinthus
1.53,30.26,-5.18,39.61,0.46,1.23,1.79,9.35,44.78,7.05,-0.77,NetPhoto,C03,C03_TPC,C,1,452,26.45396363,Fcom,Favites complanata
1.31,29.25,3.38,42.42,0.65,0.81,2.31,13.17,39.05,7.03,-0.16,NetPhoto,G05,G05_TPC,G,1,465,17.26931188,Elam,Echinopora lamellosa
0.73,28.49,-Inf,46.4,0.53,0.35,1.97,17.91,Inf,8.85,0.18,NetPhoto,D03,D03_TPC,D,1,463,17.32354567,Prus,Porites rus
1.1,29.29,-6.61,42.57,0.37,0.75,1.6,13.29,49.19,8.24,-0.38,NetPhoto,E07,E07_TPC,E,1,462,18.03177515,Peyd,Pocillopora eydouxi
0.93,29.44,-3.35,39.62,0.48,1.19,1.86,10.18,42.97,7,-0.71,NetPhoto,J07,J07_TPC,J,1,465,16.49727793,Ahya,Acropora hyacinthus
1.41,30.5,-Inf,37.93,0.28,1.08,1.42,7.43,Inf,8.58,-0.81,NetPhoto,C07,C07_TPC,C,1,463,12.85404337,Fcom,Favites complanata
1.05,29.34,-20.14,43.57,0.15,0.64,1.22,14.23,63.71,8.83,-0.49,NetPhoto,D07,D07_TPC,D,1,465,13.26877235,Prus,Porites rus
0.79,29.21,-22.28,41.6,0.21,0.79,1.3,12.39,63.87,8.36,-0.59,NetPhoto,I07,I07_TPC,I,1,466,10.84739316,Tfro,Turbinaria frondens
0.82,28.94,-13.89,42.41,0.32,0.63,1.52,13.47,56.3,8.13,-0.3,NetPhoto,G07,G07_TPC,G,1,462,20.22026807,Elam,Echinopora lamellosa
0.72,28.18,-Inf,46.55,0.09,0.38,1.12,18.37,Inf,8.74,-0.29,NetPhoto,H07,H07_TPC,H,1,468,19.99695246,Maeq,Montipora aequituberculata
0.45,28.71,-10.27,43.61,0.59,0.5,2.14,14.91,53.88,8.05,0.09,NetPhoto,H08,H08_TPC,H,1,466,15.57211329,Maeq,Montipora aequituberculata
0.95,29.47,-Inf,39.42,0.2,0.67,1.3,9.95,Inf,8.33,-0.47,NetPhoto,E08,E08_TPC,E,1,461,30.03020351,Peyd,Pocillopora eydouxi
1.52,29.75,-12.74,45.85,0.14,0.37,NA,16.1,58.59,9.41,-0.23,NetPhoto,D04,D04_TPC,D,1,460,15.43174348,Prus,Porites rus
0.82,29.84,-4.68,43.23,0.41,0.67,1.68,13.39,47.91,8.26,-0.26,NetPhoto,J08,J08_TPC,J,1,464,15.59444485,Ahya,Acropora hyacinthus
1.35,28.79,-22.14,47.58,0.39,0.26,1.65,18.79,69.72,9.21,0.12,NetPhoto,I08,I08_TPC,I,1,465,7.194587934,Tfro,Turbinaria frondens
1,29.23,0.91,42.91,0.54,0.79,1.99,13.68,42,7.5,-0.26,NetPhoto,G08,G08_TPC,G,1,461,22.74054416,Elam,Echinopora lamellosa
0.68,29.88,-16.65,41.66,0.21,0.52,1.31,11.79,58.31,7.29,-0.31,NetPhoto,C08,C08_TPC,C,1,467,8.907737636,Fcom,Favites complanata
