frag_ID,pan_ID,pan_weight,dry_pan,dry_weight,ash_pan,AFDW,time_in_oven,time_out_oven,added,Tray
C01,91H,0.4238,0.468,0.0442,,,8/16/25 15:15,8/18/25 12:30,1,1
C01,92H,0.4231,0.467,0.0439,,,8/16/25 15:15,8/18/25 12:30,1,1
C01,93H,0.4159,0.4615,0.0456,,,8/16/25 15:15,8/18/25 12:30,1,1
C02,94H,0.413,0.4552,0.0422,,,8/16/25 15:15,8/18/25 12:30,1,1
C02,95H,0.4155,0.4568,0.0413,,,8/16/25 15:15,8/18/25 12:30,1,1
C02,96H,0.4148,0.4576,0.0428,,,8/16/25 15:15,8/18/25 12:30,1,1
C03,97H,0.4227,0.4652,0.0425,,,8/16/25 15:15,8/18/25 12:30,1,1
C03,98H,0.4235,0.4672,0.0437,,,8/16/25 15:15,8/18/25 12:30,1,1
C03,99H,0.4243,0.469,0.0447,,,8/16/25 15:15,8/18/25 12:30,1,1
C04,100H,0.4183,0.457,0.0387,,,8/16/25 15:15,8/18/25 12:30,1,1
C04,31H,0.4256,0.4659,0.0403,,,8/16/25 15:15,8/18/25 12:30,1,1
C04,32H,0.4273,0.4711,0.0438,,,8/16/25 15:15,8/18/25 12:30,1,1
C05,33H,0.4204,0.4629,0.0425,,,8/16/25 15:15,8/18/25 12:30,1,1
C05,34H,0.4211,0.4648,0.0437,,,8/16/25 15:15,8/18/25 12:30,1,1
C05,35H,0.4286,0.4739,0.0453,,,8/16/25 15:15,8/18/25 12:30,1,1
C06,36H,0.4217,0.465,0.0433,,,8/16/25 15:15,8/18/25 12:30,1,1
C06,37H,0.4271,0.4705,0.0434,,,8/16/25 15:15,8/18/25 12:30,1,1
C06,38H,0.414,0.4589,0.0449,,,8/16/25 15:15,8/18/25 12:30,1,1
C07,39H,0.4202,0.4619,0.0417,,,8/16/25 15:15,8/18/25 12:30,1,1
C07,40H,0.4168,0.4586,0.0418,,,8/16/25 15:15,8/18/25 12:30,1,1
C07,41H,0.4186,0.4635,0.0449,,,8/16/25 15:15,8/18/25 12:30,1,1
C08,42H,0.4137,0.456,0.0423,,,8/16/25 15:15,8/18/25 12:30,1,1
C08,43H,0.4191,0.4605,0.0414,,,8/16/25 15:15,8/18/25 12:30,1,1
C08,44H,0.4176,0.4603,0.0427,,,8/16/25 15:15,8/18/25 12:30,1,1
C09,45H,0.4195,0.4589,0.0394,,,8/16/25 15:53,8/18/25 12:30,1,2
C09,46H,0.4173,0.4565,0.0392,,,8/16/25 15:53,8/18/25 12:30,1,2
C09,47H,0.4151,0.4556,0.0405,,,8/16/25 15:53,8/18/25 12:30,1,2
C10,48H,0.414,0.4531,0.0391,,,8/16/25 15:53,8/18/25 12:30,1,2
C10,49H,0.4168,0.4563,0.0395,,,8/16/25 15:53,8/18/25 12:30,1,2
C10,50H,0.4174,0.4595,0.0421,,,8/16/25 15:53,8/18/25 12:30,1,2
D01,51H,0.4169,0.4607,0.0438,,,8/16/25 15:53,8/18/25 12:30,1,2
D01,52H,0.4257,0.469,0.0433,,,8/16/25 15:53,8/18/25 12:30,1,2
D01,53H,0.4222,0.4666,0.0444,,,8/16/25 15:53,8/18/25 12:30,1,2
D02,54H,0.4289,0.471,0.0421,,,8/16/25 15:53,8/18/25 12:30,1,2
D02,55H,0.4229,0.4643,0.0414,,,8/16/25 15:53,8/18/25 12:30,1,2
D02,56H,0.4262,0.4682,0.042,,,8/16/25 15:53,8/18/25 12:30,1,2
D03,57H,0.4243,0.4635,0.0392,,,8/16/25 15:53,8/18/25 12:30,1,2
D03,58H,0.4234,0.4654,0.042,,,8/16/25 15:53,8/18/25 12:30,1,2
D03,59H,0.4247,0.4658,0.0411,,,8/16/25 15:53,8/18/25 12:30,1,2
D04,60H,0.4226,0.461,0.0384,,,8/16/25 15:53,8/18/25 12:30,1,2
D04,61H,0.4253,0.468,0.0427,,,8/16/25 15:53,8/18/25 12:30,1,2
D04,62H,0.4212,0.4682,0.047,,,8/16/25 15:53,8/18/25 12:30,1,2
D05,63H,0.4143,0.4544,0.0401,,,8/16/25 15:53,8/18/25 12:30,1,2
D05,64H,0.4194,0.4617,0.0423,,,8/16/25 15:53,8/18/25 12:30,1,2
D05,65H,0.4255,0.4713,0.0458,,,8/16/25 15:53,8/18/25 12:30,1,2
D06,66H,0.4253,0.4669,0.0416,,,8/16/25 15:53,8/18/25 12:30,1,2
D06,67H,0.4265,0.4682,0.0417,,,8/16/25 15:53,8/18/25 12:30,1,2
D06,68H,0.4213,0.4672,0.0459,,,8/16/25 15:53,8/18/25 12:30,1,2
D07,69H,0.4276,0.4709,0.0433,,,8/16/25 15:53,8/18/25 12:30,1,2
D07,70H,0.4301,0.4726,0.0425,,,8/16/25 15:53,8/18/25 12:30,1,2
D07,71H,0.4261,0.4705,0.0444,,,8/16/25 15:53,8/18/25 12:30,1,2
D08,72H,0.4247,0.4673,0.0426,,,8/16/25 15:53,8/18/25 12:30,1,2
D08,73H,0.4196,0.4612,0.0416,,,8/16/25 15:53,8/18/25 12:30,1,2
D08,74H,0.4197,0.4612,0.0415,,,8/16/25 15:53,8/18/25 12:30,1,2
D09,75H,0.4281,0.4708,0.0427,,,8/16/25 15:53,8/18/25 12:30,1,2
D09,76H,0.4232,0.4656,0.0424,,,8/16/25 15:53,8/18/25 12:30,1,2
D09,77H,0.4208,0.4643,0.0435,,,8/16/25 15:53,8/18/25 12:30,1,2
D10,78H,0.414,0.4555,0.0415,,,8/16/25 15:53,8/18/25 12:30,1,2
D10,79H,0.4117,0.4533,0.0416,,,8/16/25 15:53,8/18/25 12:30,1,2
D10,80H,0.4172,0.46,0.0428,,,8/16/25 15:53,8/18/25 12:30,1,2
E01,81H,0.4209,0.4636,0.0427,,,8/16/25 15:53,8/18/25 12:30,1,2
E01,82H,0.4224,0.4645,0.0421,,,8/16/25 15:53,8/18/25 12:30,1,2
E01,843H,0.4234,0.4663,0.0429,,,8/16/25 15:53,8/18/25 12:30,1,2
E02,31S,0.4238,0.4657,0.0419,,,8/16/25 15:15,8/18/25 12:30,1,1
E02,32S,0.4235,0.4652,0.0417,,,8/16/25 15:15,8/18/25 12:30,1,1
E02,33S,0.4202,0.4628,0.0426,,,8/16/25 15:15,8/18/25 12:30,1,1
E03,34S,0.425,0.4658,0.0408,,,8/16/25 15:15,8/18/25 12:30,1,1
E03,35S,0.4272,0.4712,0.044,,,8/16/25 15:15,8/18/25 12:30,1,1
E03,36S,0.4219,0.4633,0.0414,,,8/16/25 15:15,8/18/25 12:30,1,1
E04,37H,0.4216,0.4629,0.0413,,,8/16/25 15:15,8/18/25 12:30,1,1
E04,38S,0.4222,0.4635,0.0413,,,8/16/25 15:15,8/18/25 12:30,1,1
E04,39S,0.4202,0.462,0.0418,,,8/16/25 15:15,8/18/25 12:30,1,1
E05,40S,0.4222,0.4638,0.0416,,,8/16/25 15:15,8/18/25 12:30,1,1
E05,41S,0.4189,0.4596,0.0407,,,8/16/25 15:15,8/18/25 12:30,1,1
E05,42S,0.4255,0.4673,0.0418,,,8/16/25 15:15,8/18/25 12:30,1,1
E06,43S,0.4241,0.4682,0.0441,,,8/16/25 15:15,8/18/25 12:30,1,1
E06,44S,0.4253,0.4695,0.0442,,,8/16/25 15:15,8/18/25 12:30,1,1
E06,45S,0.4253,0.4705,0.0452,,,8/16/25 15:15,8/18/25 12:30,1,1
E07,46S,0.425,0.465,0.04,,,8/16/25 15:15,8/18/25 12:30,1,1
E07,47S,0.4257,0.4672,0.0415,,,8/16/25 15:15,8/18/25 12:30,1,1
E07,48S,0.4258,0.4691,0.0433,,,8/16/25 15:15,8/18/25 12:30,1,1
E08,49S,0.4232,0.4641,0.0409,,,8/16/25 15:15,8/18/25 12:30,1,1
E08,50S,0.4212,0.4598,0.0386,,,8/16/25 15:15,8/18/25 12:30,1,1
E08,51S,0.423,0.4642,0.0412,,,8/16/25 15:15,8/18/25 12:30,1,1
E09,52S,0.4234,0.4668,0.0434,,,8/16/25 15:15,8/18/25 12:30,1,1
E09,53S,0.4221,0.4653,0.0432,,,8/16/25 15:15,8/18/25 12:30,1,1
E09,54S,0.4246,0.4673,0.0427,,,8/16/25 15:15,8/18/25 12:30,1,1
E10,55S,0.4242,0.4661,0.0419,,,8/16/25 15:53,8/18/25 12:30,1,2
E10,56S,0.425,0.4673,0.0423,,,8/16/25 15:53,8/18/25 12:30,1,2
E10,57S,0.4202,0.4656,0.0454,,,8/16/25 15:53,8/18/25 12:30,1,2
G01,58S,0.422,0.4647,0.0427,,,8/16/25 15:53,8/18/25 12:30,1,2
G01,59S,0.4196,0.4619,0.0423,,,8/16/25 15:53,8/18/25 12:30,1,2
G01,60S,0.427,0.4723,0.0453,,,8/16/25 15:53,8/18/25 12:30,1,2
G02,61S,0.421,0.4622,0.0412,,,8/16/25 15:53,8/18/25 12:30,1,2
G02,62S,0.4252,0.466,0.0408,,,8/16/25 15:53,8/18/25 12:30,1,2
G02,63S,0.4231,0.4645,0.0414,,,8/16/25 15:53,8/18/25 12:30,1,2
G03,64S,0.4199,0.4595,0.0396,,,8/16/25 15:53,8/18/25 12:30,1,2
G03,65S,0.4224,0.4635,0.0411,,,8/16/25 15:53,8/18/25 12:30,1,2
G03,66S,0.4227,0.4671,0.0444,,,8/16/25 15:53,8/18/25 12:30,1,2
G04,67S,0.4253,0.4696,0.0443,,,8/16/25 15:53,8/18/25 12:30,1,2
G04,68S,0.4271,0.4687,0.0416,,,8/16/25 15:53,8/18/25 12:30,1,2
G04,69S,0.4189,0.4614,0.0425,,,8/16/25 15:53,8/18/25 12:30,1,2
G05,70S,0.4272,0.4688,0.0416,,,8/16/25 15:53,8/18/25 12:30,1,2
G05,71S,0.4263,0.4688,0.0425,,,8/16/25 15:53,8/18/25 12:30,1,2
G05,72S,0.4236,0.4676,0.044,,,8/16/25 15:53,8/18/25 12:30,1,2
G06,73S,0.4237,0.4673,0.0436,,,8/16/25 15:53,8/18/25 12:30,1,2
G06,74S,0.4232,0.4658,0.0426,,,8/16/25 15:53,8/18/25 12:30,1,2
G06,75S,0.4226,0.4666,0.044,,,8/16/25 15:53,8/18/25 12:30,1,2
G07,76S,0.4241,0.4667,0.0426,,,8/16/25 15:53,8/18/25 12:30,1,2
G07,77S,0.4212,0.4639,0.0427,,,8/16/25 15:53,8/18/25 12:30,1,2
G07,78S,0.429,0.4726,0.0436,,,8/16/25 15:53,8/18/25 12:30,1,2
G08,79S,0.4287,0.4719,0.0432,,,8/16/25 15:53,8/18/25 12:30,1,2
G08,80S,0.4241,0.4662,0.0421,,,8/16/25 15:53,8/18/25 12:30,1,2
G08,81S,0.4244,0.4667,0.0423,,,8/16/25 15:53,8/18/25 12:30,1,2
G09,82S,0.4226,0.4646,0.042,,,8/16/25 15:53,8/18/25 12:30,1,2
G09,83S,0.421,0.462,0.041,,,8/16/25 15:53,8/18/25 12:30,1,2
G09,84S,0.4254,0.4682,0.0428,,,8/16/25 15:53,8/18/25 12:30,1,2
G10,85S,0.424,0.4654,0.0414,,,8/16/25 15:53,8/18/25 12:30,1,2
G10,86S,0.4211,0.462,0.0409,,,8/16/25 15:53,8/18/25 12:30,1,2
G10,87S,0.4261,0.4675,0.0414,,,8/16/25 15:53,8/18/25 12:30,1,2
H01,88S,0.4231,0.4674,0.0443,,,8/16/25 15:53,8/18/25 12:30,1,2
H01,89S,0.4227,0.4674,0.0447,,,8/16/25 15:53,8/18/25 12:30,1,2
H01,90S,0.4251,0.471,0.0459,,,8/16/25 15:53,8/18/25 12:30,1,2
H02,1S,0.4183,0.4615,0.0432,,,8/16/25 15:53,8/18/25 12:30,1,2
H02,2S,0.4221,0.4659,0.0438,,,8/16/25 15:53,8/18/25 12:30,1,2
H02,3S,0.4277,0.4722,0.0445,,,8/16/25 15:53,8/18/25 12:30,1,2
H03,4S,0.4212,0.4589,0.0377,,,8/16/25 16:06,8/18/25 12:30,1,3
H03,5S,0.4186,0.4597,0.0411,,,8/16/25 16:06,8/18/25 12:30,1,3
H03,6S,0.4248,0.4691,0.0443,,,8/16/25 16:06,8/18/25 12:30,1,3
H04,7S,0.4236,0.4671,0.0435,,,8/16/25 16:06,8/18/25 12:30,1,3
H04,8S,0.4184,0.4624,0.044,,,8/16/25 16:06,8/18/25 12:30,1,3
H04,9S,0.4214,0.4662,0.0448,,,8/16/25 16:06,8/18/25 12:30,1,3
H05,10S,0.4208,0.463,0.0422,,,8/16/25 16:06,8/18/25 12:30,1,3
H05,11S,0.4195,0.4628,0.0433,,,8/16/25 16:06,8/18/25 12:30,1,3
H05,12S,0.4187,0.4655,0.0468,,,8/16/25 16:06,8/18/25 12:30,1,3
H06,13S,0.4217,0.4671,0.0454,,,8/16/25 16:06,8/18/25 12:30,1,3
H06,14S,0.4221,0.4667,0.0446,,,8/16/25 16:06,8/18/25 12:30,1,3
H06,15S,0.4177,0.4638,0.0461,,,8/16/25 16:06,8/18/25 12:30,1,3
H07,16S,0.4209,0.4637,0.0428,,,8/16/25 16:06,8/18/25 12:30,1,3
H07,17S,0.4212,0.4644,0.0432,,,8/16/25 16:06,8/18/25 12:30,1,3
H07,18S,0.4251,0.4691,0.044,,,8/16/25 16:06,8/18/25 12:30,1,3
H08,19S,0.4238,0.466,0.0422,,,8/16/25 16:06,8/18/25 12:30,1,3
H08,20S,0.4202,0.4633,0.0431,,,8/16/25 16:06,8/18/25 12:30,1,3
H08,21S,0.4237,0.4688,0.0451,,,8/16/25 16:06,8/18/25 12:30,1,3
H09,22S,0.4218,0.4651,0.0433,,,8/16/25 16:06,8/18/25 12:30,1,3
H09,23S,0.4239,0.4656,0.0417,,,8/16/25 16:06,8/18/25 12:30,1,3
H09,24S,0.4185,0.4614,0.0429,,,8/16/25 16:06,8/18/25 12:30,1,3
H10,25S,0.4198,0.4615,0.0417,,,8/16/25 16:06,8/18/25 12:30,1,3
H10,26S,0.4188,0.46,0.0412,,,8/16/25 16:06,8/18/25 12:30,1,3
H10,27S,0.4252,0.4663,0.0411,,,8/16/25 16:06,8/18/25 12:30,1,3
I01,28S,0.4223,0.4675,0.0452,,,8/16/25 16:06,8/18/25 12:30,1,3
I01,29S,0.4274,0.4728,0.0454,,,8/16/25 16:06,8/18/25 12:30,1,3
I01,30S,0.418,0.4641,0.0461,,,8/16/25 16:06,8/18/25 12:30,1,3
I02,1H,0.4072,0.4499,0.0427,,,8/16/25 16:06,8/18/25 12:30,1,3
I02,2H,0.4144,0.4567,0.0423,,,8/16/25 16:06,8/18/25 12:30,1,3
I02,3H,0.4109,0.4538,0.0429,,,8/16/25 16:06,8/18/25 12:30,1,3
I03,4H,0.4188,0.4638,0.045,,,8/16/25 16:06,8/18/25 12:30,1,3
I03,5H,0.4223,0.4663,0.044,,,8/16/25 16:06,8/18/25 12:30,1,3
I03,6H,0.4178,0.4623,0.0445,,,8/16/25 16:06,8/18/25 12:30,1,3
I04,7H,0.4259,0.4701,0.0442,,,8/16/25 16:06,8/18/25 12:30,1,3
I04,8H,0.425,0.4689,0.0439,,,8/16/25 16:06,8/18/25 12:30,1,3
I04,9H,0.4195,0.4643,0.0448,,,8/16/25 16:06,8/18/25 12:30,1,3
I05,10H,0.416,0.4608,0.0448,,,8/16/25 16:06,8/18/25 12:30,1,3
I05,11H,0.4216,0.4661,0.0445,,,8/16/25 16:06,8/18/25 12:30,1,3
I05,12H,0.4178,0.4633,0.0455,,,8/16/25 16:06,8/18/25 12:30,1,3
I06,13H,0.4147,0.46,0.0453,,,8/16/25 16:06,8/18/25 12:30,1,3
I06,14H,0.4124,0.4583,0.0459,,,8/16/25 16:06,8/18/25 12:30,1,3
I06,15H,0.419,0.4653,0.0463,,,8/16/25 16:06,8/18/25 12:30,1,3
I07,16H,0.4196,0.4628,0.0432,,,8/16/25 16:06,8/18/25 12:30,1,3
I07,17H,0.4148,0.4573,0.0425,,,8/16/25 16:06,8/18/25 12:30,1,3
I07,18H,0.4207,0.4649,0.0442,,,8/16/25 16:06,8/18/25 12:30,1,3
I08,19H,0.4132,0.4583,0.0451,,,8/16/25 16:06,8/18/25 12:30,1,3
I08,20H,0.4232,0.4677,0.0445,,,8/16/25 16:06,8/18/25 12:30,1,3
I08,21H,0.4215,0.4663,0.0448,,,8/16/25 16:06,8/18/25 12:30,1,3
I09,22H,0.4187,0.4642,0.0455,,,8/16/25 16:06,8/18/25 12:30,1,3
I09,23H,0.4199,0.4652,0.0453,,,8/16/25 16:06,8/18/25 12:30,1,3
I09,24H,0.4212,0.4678,0.0466,,,8/16/25 16:06,8/18/25 12:30,1,3
I10,25H,0.4214,0.4672,0.0458,,,8/16/25 16:06,8/18/25 12:30,1,3
I10,26H,0.4281,0.4738,0.0457,,,8/16/25 16:06,8/18/25 12:30,1,3
I10,27H,0.4158,0.4633,0.0475,,,8/16/25 16:06,8/18/25 12:30,1,3
J01,28H,0.4215,0.4632,0.0417,,,8/16/25 16:06,8/18/25 12:30,1,3
J01,29H,0.4251,0.47,0.0449,,,8/16/25 16:06,8/18/25 12:30,1,3
J01,30H,0.4249,0.4663,0.0414,,,8/16/25 16:06,8/18/25 12:30,1,3
J02,91S,0.4264,0.4697,0.0433,,,8/16/25 16:06,8/18/25 12:30,1,3
J02,92S,0.4241,0.4667,0.0426,,,8/16/25 16:06,8/18/25 12:30,1,3
J02,93S,0.425,0.4679,0.0429,,,8/16/25 16:06,8/18/25 12:30,1,3
J03,94S,0.4193,0.4632,0.0439,,,8/16/25 16:06,8/18/25 12:30,1,3
J03,95S,0.4235,0.4664,0.0429,,,8/16/25 16:06,8/18/25 12:30,1,3
J03,96S,0.4262,0.4702,0.044,,,8/16/25 16:06,8/18/25 12:30,1,3
J04,97S,0.4272,0.4583,0.0311,,,8/16/25 16:06,8/18/25 12:30,1,3
J04,98S,0.4233,0.4633,0.04,,,8/16/25 16:06,8/18/25 12:30,1,3
J04,99S,0.4172,0.4565,0.0393,,,8/16/25 16:06,8/18/25 12:30,1,3
J05,100S,0.4261,0.4698,0.0437,,,8/16/25 16:06,8/18/25 12:30,1,3
J05,84H,0.4241,0.4677,0.0436,,,8/16/25 16:06,8/18/25 12:30,1,3
J05,85H,0.4209,0.4649,0.044,,,8/16/25 16:06,8/18/25 12:30,1,3
J06,86H,0.4252,0.4655,0.0403,,,8/16/25 16:06,8/18/25 12:30,1,3
J06,87H,0.4213,0.4624,0.0411,,,8/16/25 16:06,8/18/25 12:30,1,3
J06,88H,0.4232,0.4645,0.0413,,,8/16/25 16:06,8/18/25 12:30,1,3
J07,89H,0.4232,0.4674,0.0442,,,8/16/25 16:06,8/18/25 12:30,1,3
J07,90H,0.4218,0.465,0.0432,,,8/16/25 16:06,8/18/25 12:30,1,3
J07,212H,1.4607,1.5061,0.0454,,,8/16/25 16:06,8/18/25 12:30,1,3
J08,213H,1.4498,1.4906,0.0408,,,8/16/25 16:15,8/18/25 12:30,1,single pan
J08,214H,1.4646,1.5053,0.0407,,,8/16/25 16:15,8/18/25 12:30,1,single pan
J08,215H,1.4648,1.507,0.0422,,,8/16/25 16:15,8/18/25 12:30,1,single pan
J09,216H,1.4689,1.51,0.0411,,,8/16/25 16:15,8/18/25 12:30,1,single pan
J09,217H,1.4595,1.5027,0.0432,,,8/16/25 16:15,8/18/25 12:30,1,single pan
J09,218H,1.4643,1.5485,0.0421,,,8/16/25 16:15,8/18/25 12:30,1,single pan
J10,219H,1.4549,1.4912,0.0363,,,8/16/25 16:15,8/18/25 12:30,1,single pan
J10,119H,1.4429,1.4868,0.0439,,,8/16/25 16:15,8/18/25 12:30,1,single pan
J10,120H,1.4617,1.5149,0.0532,,,8/16/25 16:15,8/18/25 12:30,1,single pan
A01,101,0.4141,0.4593,0.0452,0.454,0.0053,6/2/26 12:30,6/4/26 5:00,1,2
A01,102,0.4163,0.4594,0.0431,0.453,0.0064,6/2/26 12:30,6/4/26 5:00,1,2
A01,103,0.4102,0.4538,0.0436,0.445,0.0088,6/2/26 12:30,6/4/26 5:00,1,2
A02,104,0.4198,0.4642,0.0444,0.457,0.0072,6/2/26 12:30,6/4/26 5:00,1,2
A02,105,0.4168,0.4595,0.0427,0.453,0.0065,6/2/26 12:30,6/4/26 5:00,1,2
A02,106,0.4207,0.4644,0.0437,0.457,0.0074,6/2/26 12:30,6/4/26 5:00,1,2
A03,107,0.4154,0.4599,0.0445,0.452,0.0079,6/2/26 12:30,6/4/26 5:00,1,2
A03,108,0.4153,0.458,0.0427,0.453,0.005,6/2/26 12:30,6/4/26 5:00,1,2
A03,109,0.4125,0.4555,0.043,0.45,0.0055,6/2/26 12:30,6/4/26 5:00,1,2
A04,110,0.4169,0.4625,0.0456,0.454,0.0085,6/2/26 12:30,6/4/26 5:00,1,2
A04,111,0.418,0.4619,0.0439,0.454,0.0079,6/2/26 12:30,6/4/26 5:00,1,2
A04,112,0.4193,0.4633,0.044,0.455,0.0083,6/2/26 12:30,6/4/26 5:00,1,2
A05,113,0.4181,0.4649,0.0468,0.456,0.0089,6/2/26 12:30,6/4/26 5:00,1,2
A05,114,0.4157,0.46,0.0443,0.451,0.009,6/2/26 12:30,6/4/26 5:00,1,2
A05,115,0.4185,0.4624,0.0439,0.453,0.0094,6/2/26 12:30,6/4/26 5:00,1,2
A06,116,0.4191,0.4712,0.0521,0.461,0.0102,6/2/26 12:30,6/4/26 5:00,1,2
A06,117,0.4166,0.4671,0.0505,0.455,0.0121,6/2/26 12:30,6/4/26 5:00,1,2
A06,118,0.4145,0.4646,0.0501,0.452,0.0126,6/2/26 12:30,6/4/26 5:00,1,2
A07,119,0.4187,0.4665,0.0478,0.457,0.0095,6/2/26 12:30,6/4/26 5:00,1,2
A07,120,0.4179,0.4641,0.0462,0.454,0.0101,6/2/26 12:30,6/4/26 5:00,1,2
A07,121,0.4207,0.4664,0.0457,0.457,0.0094,6/2/26 12:30,6/4/26 5:00,1,2
A08,122,0.4237,0.4732,0.0495,0.462,0.0112,6/2/26 12:30,6/4/26 5:00,1,2
A08,123,0.4171,0.4663,0.0492,0.455,0.0113,6/2/26 12:30,6/4/26 5:00,1,2
A08,124,0.415,0.464,0.049,0.452,0.012,6/2/26 12:30,6/4/26 5:00,1,2
A09,125,0.4182,0.4665,0.0483,0.456,0.0105,6/2/26 12:30,6/4/26 5:00,1,2
A09,126,0.4151,0.4627,0.0476,0.452,0.0107,6/2/26 12:30,6/4/26 5:00,1,2
A09,127,0.4182,0.4646,0.0464,0.455,0.0096,6/2/26 12:30,6/4/26 5:00,1,2
A10,128,0.419,0.4655,0.0465,0.456,0.0095,6/2/26 12:30,6/4/26 5:00,1,2
A10,129,0.4182,0.4646,0.0464,0.455,0.0096,6/2/26 12:30,6/4/26 5:00,1,2
A10,130,0.4184,0.4642,0.0458,0.454,0.0102,6/2/26 12:30,6/4/26 5:00,1,2
B01,131,0.4202,0.469,0.0488,0.458,0.011,6/2/26 12:30,6/4/26 5:00,1,2
B01,132,0.417,0.4644,0.0474,0.453,0.0114,6/2/26 12:30,6/4/26 5:00,1,2
B01,133,0.4195,0.4656,0.0461,0.455,0.0106,6/2/26 12:30,6/4/26 5:00,1,2
B02,134,0.4219,0.4698,0.0479,0.459,0.0108,6/2/26 12:30,6/4/26 5:00,1,2
B02,135,0.4176,0.4634,0.0458,0.454,0.0094,6/2/26 12:30,6/4/26 5:00,1,2
B02,136,0.4177,0.4645,0.0468,0.455,0.0095,6/2/26 12:30,6/4/26 5:00,1,2
B03,137,0.4172,0.4646,0.0474,0.454,0.0106,6/2/26 12:30,6/4/26 5:00,1,2
B03,138,0.4177,0.4644,0.0467,0.454,0.0104,6/2/26 12:30,6/4/26 5:00,1,2
B03,139,0.4166,0.4624,0.0458,0.452,0.0104,6/2/26 12:30,6/4/26 5:00,1,2
B04,140,0.4225,0.4714,0.0489,0.459,0.0124,6/2/26 12:30,6/4/26 5:00,1,2
B04,141,0.4213,0.4682,0.0469,0.457,0.0112,6/2/26 12:30,6/4/26 5:00,1,2
B04,142,0.4205,0.4677,0.0472,0.457,0.0107,6/2/26 12:30,6/4/26 5:00,1,2
B05,143,0.4217,0.4692,0.0475,0.458,0.0112,6/2/26 12:30,6/4/26 5:00,1,2
B05,144,0.4194,0.4655,0.0461,0.455,0.0105,6/2/26 12:30,6/4/26 5:00,1,2
B05,145,0.4204,0.4667,0.0463,0.455,0.0117,6/2/26 12:30,6/4/26 5:00,1,2
B06,146,0.4182,0.4668,0.0486,0.455,0.0118,6/2/26 12:30,6/4/26 5:00,1,2
B06,147,0.4137,0.4612,0.0475,0.45,0.0112,6/2/26 12:30,6/4/26 5:00,1,2
B06,148,0.4184,0.466,0.0476,0.455,0.011,6/2/26 12:30,6/4/26 5:00,1,2
B07,149,0.4147,0.4621,0.0474,0.452,0.0101,6/2/26 12:30,6/4/26 5:00,1,2
B07,150,0.4235,0.4695,0.046,0.459,0.0105,6/2/26 12:30,6/4/26 5:00,1,2
B07,151,0.4228,0.469,0.0462,0.459,0.01,6/2/26 12:30,6/4/26 5:00,1,2
B08,152,0.4205,0.4674,0.0469,0.457,0.0104,6/2/26 12:30,6/4/26 5:00,1,2
B08,153,0.4238,0.4686,0.0448,0.459,0.0096,6/2/26 12:30,6/4/26 5:00,1,2
B08,154,0.4186,0.4643,0.0457,0.454,0.0103,6/2/26 12:30,6/4/26 5:00,1,2
B09,155,0.4206,0.4676,0.047,0.457,0.0106,6/2/26 12:30,6/4/26 5:00,1,2
B09,156,0.4202,0.465,0.0448,0.455,0.01,6/2/26 12:30,6/4/26 5:00,1,2
B09,157,0.4181,0.4631,0.045,0.455,0.0081,6/2/26 12:30,6/4/26 5:00,1,2
B10,158,0.4284,0.4745,0.0461,0.465,0.0095,6/2/26 12:30,6/4/26 5:00,1,2
B10,159,0.4146,0.4597,0.0451,0.45,0.0097,6/2/26 12:30,6/4/26 5:00,1,2
B10,160,0.4208,0.4656,0.0448,0.455,0.0106,6/2/26 12:30,6/4/26 5:00,1,2
F01,161,0.4163,0.4628,0.0465,0.452,0.0108,6/2/26 12:30,6/4/26 5:00,1,2
F01,162,0.4196,0.465,0.0454,0.455,0.01,6/2/26 12:30,6/4/26 5:00,1,2
F01,163,0.4133,0.4592,0.0459,0.449,0.0102,6/2/26 12:30,6/4/26 5:00,1,2
F02,164,0.4176,0.4636,0.046,0.455,0.0086,6/2/26 12:30,6/4/26 5:00,1,2
F02,165,0.4165,0.4617,0.0452,0.453,0.0087,6/2/26 12:30,6/4/26 5:00,1,2
F02,166,0.4198,0.4648,0.045,0.455,0.0098,6/2/26 12:30,6/4/26 5:00,1,2
F03,167,0.416,0.4622,0.0462,0.452,0.0102,6/2/26 12:30,6/4/26 5:00,1,2
F03,168,0.4153,0.4612,0.0459,0.451,0.0102,6/2/26 12:30,6/4/26 5:00,1,2
F03,169,0.4184,0.4639,0.0455,0.454,0.0099,6/2/26 12:30,6/4/26 5:00,1,2
F04,170,0.4164,0.4618,0.0454,0.452,0.0098,6/2/26 12:30,6/4/26 5:00,1,2
F04,171,0.4162,0.4604,0.0442,0.45,0.0104,6/2/26 12:30,6/4/26 5:00,1,2
F04,172,0.414,0.4582,0.0442,0.448,0.0102,6/2/26 12:30,6/4/26 5:00,1,2
F05,173,0.4195,0.4648,0.0453,0.454,0.0108,6/2/26 12:30,6/4/26 5:00,1,2
F05,174,0.4213,0.4668,0.0455,0.456,0.0108,6/2/26 12:30,6/4/26 5:00,1,2
F05,175,0.4192,0.464,0.0448,0.453,0.011,6/2/26 12:30,6/4/26 5:00,1,2
F06,176,0.4183,0.4661,0.0478,0.455,0.0111,6/2/26 12:30,6/4/26 5:00,1,2
F06,177,0.4264,0.4736,0.0472,0.463,0.0106,6/2/26 12:30,6/4/26 5:00,1,2
F06,178,0.4222,0.4698,0.0476,0.458,0.0118,6/2/26 12:30,6/4/26 5:00,1,2
F07,179,0.4217,0.4676,0.0459,0.457,0.0106,6/2/26 12:30,6/4/26 5:00,1,2
F07,180,0.421,0.4667,0.0457,0.456,0.0107,6/2/26 12:30,6/4/26 5:00,1,2
F07,181,0.4248,0.4704,0.0456,0.46,0.0104,6/2/26 12:30,6/4/26 5:00,1,2
F08,182,0.421,0.469,0.048,0.458,0.011,6/2/26 12:30,6/4/26 5:00,1,2
F08,183,0.4256,0.4733,0.0477,0.462,0.0113,6/2/26 12:30,6/4/26 5:00,1,2
F08,184,0.429,0.4765,0.0475,0.464,0.0125,6/2/26 12:30,6/4/26 5:00,1,2
F09,185,0.4217,0.4697,0.048,0.458,0.0117,6/2/26 12:30,6/4/26 5:00,1,2
F09,186,0.4237,0.4712,0.0475,0.459,0.0122,6/2/26 12:30,6/4/26 5:00,1,2
F09,187,0.4225,0.4704,0.0479,0.458,0.0124,6/2/26 12:30,6/4/26 5:00,1,2
F10,188,0.4248,0.4757,0.0509,0.461,0.0147,6/2/26 12:30,6/4/26 5:00,1,2
F10,189,0.4206,0.4712,0.0506,0.457,0.0142,6/2/26 12:30,6/4/26 5:00,1,2
F10,190,0.4234,0.4734,0.05,0.459,0.0144,6/2/26 12:30,6/4/26 5:00,1,2
C01,1,0.4168,0.4633,0.0465,0.454,0.0093,6/8/26 16:05,6/10/26 17:00,1,3
C01,2,0.4171,0.4548,0.0377,0.447,0.0078,6/8/26 16:05,6/10/26 17:00,1,3
C01,3,0.4191,0.465,0.0459,0.456,0.009,6/8/26 16:05,6/10/26 17:00,1,3
C02,4,0.4235,0.4665,0.043,0.458,0.0085,6/8/26 16:05,6/10/26 17:00,1,3
C02,5,0.4253,0.4694,0.0441,0.46,0.0094,6/8/26 16:05,6/10/26 17:00,1,3
C02,6,0.4217,0.4652,0.0435,0.457,0.0082,6/8/26 16:05,6/10/26 17:00,1,3
C03,7,0.4175,0.4633,0.0458,0.454,0.0093,6/8/26 16:05,6/10/26 17:00,1,3
C03,8,0.4166,0.4607,0.0441,0.451,0.0097,6/8/26 16:05,6/10/26 17:00,1,3
C03,9,0.4129,0.4566,0.0437,0.447,0.0096,6/8/26 16:05,6/10/26 17:00,1,3
C04,10,0.4222,0.4653,0.0431,0.456,0.0093,6/8/26 16:05,6/10/26 17:00,1,3
C04,11,0.4198,0.4699,0.0501,0.459,0.0109,6/8/26 16:05,6/10/26 17:00,1,3
C04,12,0.4207,0.4622,0.0415,0.453,0.0092,6/8/26 16:05,6/10/26 17:00,1,3
C05,13,0.4227,0.4673,0.0446,0.458,0.0093,6/8/26 16:05,6/10/26 17:00,1,3
C05,14,0.4195,0.4643,0.0448,0.455,0.0093,6/8/26 16:05,6/10/26 17:00,1,3
C05,15,0.416,0.46,0.044,0.45,0.01,6/8/26 16:05,6/10/26 17:00,1,3
C06,16,0.4182,0.4634,0.0452,0.453,0.0104,6/8/26 16:05,6/10/26 17:00,1,3
C06,17,0.4188,0.4629,0.0441,0.452,0.0109,6/8/26 16:05,6/10/26 17:00,1,3
C06,18,0.4166,0.4611,0.0445,0.451,0.0101,6/8/26 16:05,6/10/26 17:00,1,3
C07,19,0.4193,0.4638,0.0445,0.455,0.0088,6/8/26 16:05,6/10/26 17:00,1,3
C07,20,0.4147,0.4578,0.0431,0.449,0.0088,6/8/26 16:05,6/10/26 17:00,1,3
C07,21,0.4126,0.4559,0.0433,0.447,0.0089,6/8/26 16:05,6/10/26 17:00,1,3
C08,22,0.4161,0.4593,0.0432,0.451,0.0083,6/8/26 16:05,6/10/26 17:00,1,3
C08,23,0.4177,0.4595,0.0418,0.45,0.0095,6/8/26 16:05,6/10/26 17:00,1,3
C08,24,0.4167,0.4585,0.0418,0.449,0.0095,6/8/26 16:05,6/10/26 17:00,1,3
C09,25,0.4191,0.4622,0.0431,0.454,0.0082,6/8/26 16:05,6/10/26 17:00,1,3
C09,26,0.4238,0.4655,0.0417,0.455,0.0105,6/8/26 16:05,6/10/26 17:00,1,3
C09,27,0.4187,0.4607,0.042,0.452,0.0087,6/8/26 16:05,6/10/26 17:00,1,3
C10,28,0.4231,0.4655,0.0424,0.457,0.0085,6/8/26 16:05,6/10/26 17:00,1,3
C10,29,0.4185,0.4599,0.0414,0.451,0.0089,6/8/26 16:05,6/10/26 17:00,1,3
C10,30,0.4243,0.4662,0.0419,0.458,0.0082,6/8/26 16:05,6/10/26 17:00,1,3
D01,31,0.4143,0.4606,0.0463,0.45,0.0106,6/8/26 16:05,6/10/26 17:00,1,3
D01,32,0.4227,0.4677,0.045,0.457,0.0107,6/8/26 16:05,6/10/26 17:00,1,3
D01,33,0.4235,0.4686,0.0451,0.458,0.0106,6/8/26 16:05,6/10/26 17:00,1,3
D02,34,0.4165,0.4613,0.0448,0.453,0.0083,6/8/26 16:05,6/10/26 17:00,1,3
D02,35,0.4223,0.4662,0.0439,0.457,0.0092,6/8/26 16:05,6/10/26 17:00,1,3
D02,36,0.4165,0.4598,0.0433,0.45,0.0098,6/8/26 16:05,6/10/26 17:00,1,3
D03,37,0.4146,0.4588,0.0442,0.449,0.0098,6/8/26 16:05,6/10/26 17:00,1,3
D03,38,0.4185,0.4623,0.0438,0.453,0.0093,6/8/26 16:05,6/10/26 17:00,1,3
D03,39,0.4192,0.4633,0.0441,0.452,0.0113,6/8/26 16:05,6/10/26 17:00,1,3
D04,40,0.4188,0.4645,0.0457,0.451,0.0135,6/8/26 16:05,6/10/26 17:00,1,3
D04,41,0.4178,0.4622,0.0444,0.455,0.0072,6/8/26 16:05,6/10/26 17:00,1,3
D04,42,0.4216,0.4654,0.0438,0.455,0.0104,6/8/26 16:05,6/10/26 17:00,1,3
D05,43,0.4172,0.4624,0.0452,0.451,0.0114,6/8/26 16:05,6/10/26 17:00,1,3
D05,44,0.4192,0.4638,0.0446,0.454,0.0098,6/8/26 16:05,6/10/26 17:00,1,3
D05,45,0.4187,0.4617,0.043,0.452,0.0097,6/8/26 16:05,6/10/26 17:00,1,3
D06,46,0.4204,0.4647,0.0443,0.455,0.0097,6/8/26 16:05,6/10/26 17:00,1,3
D06,47,0.4178,0.4614,0.0436,0.452,0.0094,6/8/26 16:05,6/10/26 17:00,1,3
D06,48,0.4184,0.4628,0.0444,0.452,0.0108,6/8/26 16:05,6/10/26 17:00,1,3
D07,49,0.4217,0.4691,0.0474,0.457,0.0121,6/8/26 16:05,6/10/26 17:00,1,3
D07,50,0.4203,0.4679,0.0476,0.456,0.0119,6/8/26 16:05,6/10/26 17:00,1,3
D07,51,0.4105,0.4571,0.0466,0.446,0.0111,6/8/26 16:05,6/10/26 17:00,1,3
D08,52,0.4163,0.4619,0.0456,0.452,0.0099,6/8/26 16:05,6/10/26 17:00,1,3
D08,53,0.4189,0.4623,0.0434,0.453,0.0093,6/8/26 16:05,6/10/26 17:00,1,3
D08,54,0.4166,0.4603,0.0437,0.45,0.0103,6/8/26 16:05,6/10/26 17:00,1,3
D09,55,0.4237,0.468,0.0443,0.458,0.01,6/8/26 16:05,6/10/26 17:00,1,3
D09,56,0.4185,0.4634,0.0449,0.453,0.0104,6/8/26 16:05,6/10/26 17:00,1,3
D09,57,0.4179,0.4632,0.0453,0.453,0.0102,6/8/26 16:05,6/10/26 17:00,1,3
D10,58,0.4228,0.469,0.0462,0.459,0.01,6/8/26 16:05,6/10/26 17:00,1,3
D10,59,0.4175,0.4622,0.0447,0.452,0.0102,6/8/26 16:05,6/10/26 17:00,1,3
D10,60,0.4192,0.4636,0.0444,0.454,0.0096,6/8/26 16:05,6/10/26 17:00,1,3
E01,61,0.4204,0.4639,0.0435,0.454,0.0099,6/8/26 16:05,6/10/26 17:00,1,3
E01,62,0.4176,0.4604,0.0428,0.451,0.0094,6/8/26 16:05,6/10/26 17:00,1,3
E01,63,0.4178,0.4605,0.0427,0.451,0.0095,6/8/26 16:05,6/10/26 17:00,1,3
E02,64,0.4188,0.4642,0.0454,0.454,0.0102,6/8/26 16:05,6/10/26 17:00,1,3
E02,65,0.4232,0.4671,0.0439,0.457,0.0101,6/8/26 16:05,6/10/26 17:00,1,3
E02,66,0.4189,0.4628,0.0439,0.453,0.0098,6/8/26 16:05,6/10/26 17:00,1,3
E03,67,0.42,0.4637,0.0437,0.453,0.0107,6/8/26 16:05,6/10/26 17:00,1,3
E03,68,0.4166,0.46,0.0434,0.451,0.009,6/8/26 16:05,6/10/26 17:00,1,3
E03,69,0.4138,0.4562,0.0424,0.447,0.0092,6/8/26 16:05,6/10/26 17:00,1,3
E04,70,0.4208,0.4639,0.0431,0.455,0.0089,6/8/26 16:05,6/10/26 17:00,1,3
E04,71,0.4193,0.4616,0.0423,0.453,0.0086,6/8/26 16:05,6/10/26 17:00,1,3
E04,72,0.4166,0.4593,0.0427,0.45,0.0093,6/8/26 16:05,6/10/26 17:00,1,3
E05,73,0.4154,0.4585,0.0431,0.449,0.0095,6/8/26 16:05,6/10/26 17:00,1,3
E05,74,0.4163,0.4578,0.0415,0.449,0.0088,6/8/26 16:05,6/10/26 17:00,1,3
E05,75,0.4183,0.4611,0.0428,0.453,0.0081,6/8/26 16:05,6/10/26 17:00,1,3
E06,76,0.4223,0.4671,0.0448,0.455,0.0121,6/8/26 16:05,6/10/26 17:00,1,3
E06,77,0.4203,0.4658,0.0455,0.456,0.0098,6/8/26 16:05,6/10/26 17:00,1,3
E06,78,0.4192,0.4648,0.0456,0.455,0.0098,6/8/26 16:05,6/10/26 17:00,1,3
E07,79,0.4202,0.4634,0.0432,0.455,0.0084,6/8/26 16:05,6/10/26 17:00,1,3
E07,80,0.4175,0.4603,0.0428,0.452,0.0083,6/8/26 16:05,6/10/26 17:00,1,3
E07,81,0.4175,0.4594,0.0419,0.45,0.0094,6/8/26 16:05,6/10/26 17:00,1,3
E08,82,0.4245,0.4672,0.0427,0.458,0.0092,6/8/26 16:05,6/10/26 17:00,1,3
E08,83,0.4158,0.4574,0.0416,0.448,0.0094,6/8/26 16:05,6/10/26 17:00,1,3
E08,84,0.422,0.4641,0.0421,0.455,0.0091,6/8/26 16:05,6/10/26 17:00,1,3
E09,85,0.4191,0.4635,0.0444,0.453,0.0105,6/8/26 16:05,6/10/26 17:00,1,3
E09,86,0.418,0.4623,0.0443,0.452,0.0103,6/8/26 16:05,6/10/26 17:00,1,3
E09,87,0.4221,0.4659,0.0438,0.456,0.0099,6/8/26 16:05,6/10/26 17:00,1,3
E10,88,0.4185,0.4645,0.046,0.453,0.0115,6/8/26 16:05,6/10/26 17:00,1,3
E10,89,0.4229,0.4668,0.0439,0.457,0.0098,6/8/26 16:05,6/10/26 17:00,1,3
E10,90,0.4161,0.4604,0.0443,0.45,0.0104,6/8/26 16:05,6/10/26 17:00,1,3
G01,91,0.4168,0.4621,0.0453,0.452,0.0101,6/8/26 16:05,6/10/26 17:00,1,3
G01,92,0.4235,0.4679,0.0444,0.458,0.0099,6/8/26 16:05,6/10/26 17:00,1,3
G01,93,0.4166,0.4609,0.0443,0.451,0.0099,6/8/26 16:05,6/10/26 17:00,1,3
G02,94,0.4174,0.4625,0.0451,0.453,0.0095,6/8/26 16:05,6/10/26 17:00,1,3
G02,95,0.4217,0.4662,0.0445,0.455,0.0112,6/8/26 16:05,6/10/26 17:00,1,3
G02,96,0.4115,0.4556,0.0441,0.446,0.0096,6/8/26 16:05,6/10/26 17:00,1,3
G03,97,0.4199,0.4658,0.0459,0.455,0.0108,6/8/26 16:05,6/10/26 17:00,1,3
G03,98,0.4195,0.4639,0.0444,0.455,0.0089,6/8/26 16:05,6/10/26 17:00,1,3
G03,99,0.4176,0.4613,0.0437,0.451,0.0103,6/8/26 16:05,6/10/26 17:00,1,3
G04,100,0.4199,0.466,0.0461,0.455,0.011,6/8/26 16:05,6/10/26 17:00,1,5
G04,191,0.4247,0.4688,0.0441,0.459,0.0098,6/8/26 16:05,6/10/26 17:00,1,5
G04,192,0.4261,0.4703,0.0442,0.46,0.0103,6/8/26 16:05,6/10/26 17:00,1,5
G05,193,0.423,0.4689,0.0459,0.458,0.0109,6/8/26 16:05,6/10/26 17:00,1,5
G05,194,0.4239,0.4694,0.0455,0.458,0.0114,6/8/26 16:05,6/10/26 17:00,1,5
G05,195,0.4241,0.4698,0.0457,0.458,0.0118,6/8/26 16:05,6/10/26 17:00,1,5
G06,196,0.4271,0.4733,0.0462,0.462,0.0113,6/8/26 16:05,6/10/26 17:00,1,5
G06,197,0.4266,0.4706,0.044,0.459,0.0116,6/8/26 16:05,6/10/26 17:00,1,5
G06,198,0.4188,0.4627,0.0439,0.452,0.0107,6/8/26 16:05,6/10/26 17:00,1,5
G07,199,0.4265,0.4723,0.0458,0.461,0.0113,6/8/26 16:05,6/10/26 17:00,1,5
G07,200,0.4233,0.4674,0.0441,0.456,0.0114,6/8/26 16:05,6/10/26 17:00,1,5
G07,201,0.4176,0.4618,0.0442,0.451,0.0108,6/8/26 16:05,6/10/26 17:00,1,5
G08,181S,1.4744,1.52,0.0456,1.51,0.01,6/8/26 16:05,6/10/26 17:00,1,5
G08,182S,1.4641,1.5077,0.0436,1.498,0.0097,6/8/26 16:05,6/10/26 17:00,1,5
G08,183S,1.4533,1.4975,0.0442,1.488,0.0095,6/8/26 16:05,6/10/26 17:00,1,5
G09,184S,1.4762,1.5218,0.0456,1.514,0.0078,6/8/26 16:05,6/10/26 17:00,1,5
G09,185S,1.4847,1.5276,0.0429,1.519,0.0086,6/8/26 16:05,6/10/26 17:00,1,5
G09,186S,1.4611,1.504,0.0429,1.495,0.009,6/8/26 16:05,6/10/26 17:00,1,5
G10,187S,1.4706,1.5144,0.0438,1.507,0.0074,6/8/26 16:05,6/10/26 17:00,1,5
G10,188S,1.4766,1.5179,0.0413,1.511,0.0069,6/8/26 16:05,6/10/26 17:00,1,5
G10,189S,1.4813,1.5241,0.0428,1.517,0.0071,6/8/26 16:05,6/10/26 17:00,1,5
H01,190S,1.445,1.492,0.047,1.482,0.01,6/8/26 16:05,6/10/26 17:00,1,5
H01,191S,1.4664,1.5117,0.0453,1.503,0.0087,6/8/26 16:05,6/10/26 17:00,1,5
H01,192S,1.4766,1.5227,0.0461,1.513,0.0097,6/8/26 16:05,6/10/26 17:00,1,5
H02,193S,1.4873,1.5326,0.0453,1.522,0.0106,6/8/26 16:05,6/10/26 17:00,1,5
H02,194S,1.477,1.5209,0.0439,1.512,0.0089,6/8/26 16:05,6/10/26 17:00,1,5
H02,195S,1.467,1.5123,0.0453,1.502,0.0103,6/8/26 16:05,6/10/26 17:00,1,5
H03,196S,1.4817,1.5272,0.0455,1.518,0.0092,6/8/26 16:05,6/10/26 17:00,1,5
H03,197S,1.4476,1.4917,0.0441,1.483,0.0087,6/8/26 16:05,6/10/26 17:00,1,5
H03,198S,1.4819,1.5258,0.0439,1.517,0.0088,6/8/26 16:05,6/10/26 17:00,1,5
H04,199S,1.4584,1.5061,0.0477,1.495,0.0111,6/8/26 16:05,6/10/26 17:00,1,5
H04,200S,1.4461,1.4924,0.0463,1.482,0.0104,6/8/26 16:05,6/10/26 17:00,1,5
H04,201S,1.4699,1.5172,0.0473,1.506,0.0112,6/8/26 16:05,6/10/26 17:00,1,5
H05,202S,1.4841,1.533,0.0489,1.521,0.012,6/8/26 16:05,6/10/26 17:00,1,5
H05,203S,1.4652,1.5121,0.0469,1.501,0.0111,6/8/26 16:05,6/10/26 17:00,1,5
H05,204S,1.4793,1.526,0.0467,1.515,0.011,6/8/26 16:05,6/10/26 17:00,1,5
H06,205S,1.4805,1.5304,0.0499,1.518,0.0124,6/8/26 16:05,6/10/26 17:00,1,5
H06,206S,1.4846,1.5336,0.049,1.522,0.0116,6/8/26 16:05,6/10/26 17:00,1,6
H06,207S,1.4732,1.5206,0.0474,1.509,0.0116,6/8/26 16:05,6/10/26 17:00,1,6
H07,208S,1.4561,1.5042,0.0481,1.493,0.0112,6/8/26 16:05,6/10/26 17:00,1,6
H07,209S,1.4866,1.5324,0.0458,1.522,0.0104,6/8/26 16:05,6/10/26 17:00,1,6
H07,210S,1.4639,1.5083,0.0444,1.499,0.0093,6/8/26 16:05,6/10/26 17:00,1,6
H08,31S,1.4801,1.5277,0.0476,1.517,0.0107,6/8/26 16:05,6/10/26 17:00,1,6
H08,32S,1.4696,1.5148,0.0452,1.504,0.0108,6/8/26 16:05,6/10/26 17:00,1,6
H08,33S,1.4833,1.5282,0.0449,1.518,0.0102,6/8/26 16:05,6/10/26 17:00,1,6
H09,34S,1.4718,1.5177,0.0459,1.508,0.0097,6/8/26 16:05,6/10/26 17:00,1,6
H09,35S,1.4745,1.5171,0.0426,1.508,0.0091,6/8/26 16:05,6/10/26 17:00,1,6
H09,36S,1.4869,1.5305,0.0436,1.521,0.0095,6/8/26 16:05,6/10/26 17:00,1,6
H10,37S,1.4945,1.5398,0.0453,1.532,0.0078,6/8/26 16:05,6/10/26 17:00,1,6
H10,38S,1.4606,1.5039,0.0433,1.495,0.0089,6/8/26 16:05,6/10/26 17:00,1,6
H10,39S,1.4624,1.5058,0.0434,1.497,0.0088,6/8/26 16:05,6/10/26 17:00,1,6
I01,40S,1.4794,1.5275,0.0481,1.517,0.0105,6/8/26 16:05,6/10/26 17:00,1,6
I01,41S,1.4882,1.5345,0.0463,1.524,0.0105,6/8/26 16:05,6/10/26 17:00,1,6
I01,42S,1.486,1.5318,0.0458,1.522,0.0098,6/8/26 16:05,6/10/26 17:00,1,6
I02,43S,1.4762,1.5222,0.046,1.512,0.0102,6/8/26 16:05,6/10/26 17:00,1,6
I02,44S,1.4685,1.5113,0.0428,1.503,0.0083,6/8/26 16:05,6/10/26 17:00,1,6
I02,45S,1.4558,1.4986,0.0428,1.491,0.0076,6/8/26 16:05,6/10/26 17:00,1,6
I03,46S,1.4907,1.5385,0.0478,1.528,0.0105,6/8/26 16:05,6/10/26 17:00,1,6
I03,47S,1.4452,1.4902,0.045,1.482,0.0082,6/8/26 16:05,6/10/26 17:00,1,6
I03,48S,1.4687,1.5131,0.0444,1.502,0.0111,6/8/26 16:05,6/10/26 17:00,1,6
I04,49S,1.4601,1.5086,0.0485,1.497,0.0116,6/8/26 16:05,6/10/26 17:00,1,6
I04,50S,1.4668,1.512,0.0452,1.502,0.01,6/8/26 16:05,6/10/26 17:00,1,6
I04,51S,1.4678,1.5133,0.0455,1.503,0.0103,6/8/26 16:05,6/10/26 17:00,1,6
I05,52S,1.4792,1.5283,0.0491,1.518,0.0103,6/8/26 16:05,6/10/26 17:00,1,6
I05,53S,1.4782,1.5247,0.0465,1.514,0.0107,6/8/26 16:05,6/10/26 17:00,1,6
I05,54S,1.4878,1.5339,0.0461,1.523,0.0109,6/8/26 16:05,6/10/26 17:00,1,6
I06,55S,1.4674,1.5164,0.049,1.505,0.0114,6/8/26 16:05,6/10/26 17:00,1,6
I06,56S,1.4551,1.4976,0.0425,1.49,0.0076,6/8/26 16:05,6/10/26 17:00,1,1
I06,57S,1.4666,1.5091,0.0425,1.502,0.0071,6/8/26 16:05,6/10/26 17:00,1,1
I07,58S,1.481,1.5252,0.0442,1.519,0.0062,6/8/26 16:05,6/10/26 17:00,1,1
I07,59S,1.4716,1.5131,0.0415,1.508,0.0051,6/8/26 16:05,6/10/26 17:00,1,1
I07,60S,1.4759,1.5172,0.0413,1.511,0.0062,6/8/26 16:05,6/10/26 17:00,1,1
I08,61S,1.4513,1.4968,0.0455,1.488,0.0088,6/8/26 16:05,6/10/26 17:00,1,1
I08,62S,1.4785,1.5206,0.0421,1.513,0.0076,6/8/26 16:05,6/10/26 17:00,1,1
I08,63S,1.4786,1.5206,0.042,1.513,0.0076,6/8/26 16:05,6/10/26 17:00,1,1
I09,64S,1.4785,1.5248,0.0463,1.515,0.0098,6/8/26 16:05,6/10/26 17:00,1,1
I09,65S,1.4804,1.5238,0.0434,1.515,0.0088,6/8/26 16:05,6/10/26 17:00,1,1
I09,66S,1.4691,1.5146,0.0455,1.505,0.0096,6/8/26 16:05,6/10/26 17:00,1,1
I10,67S,1.4865,1.5338,0.0473,1.525,0.0088,6/8/26 16:05,6/10/26 17:00,1,1
I10,68S,1.4831,1.5265,0.0434,1.518,0.0085,6/8/26 16:05,6/10/26 17:00,1,1
I10,69S,1.4864,1.5324,0.046,1.523,0.0094,6/8/26 16:05,6/10/26 17:00,1,1
J01,70S,1.4568,1.4993,0.0425,1.492,0.0073,6/8/26 16:05,6/10/26 17:00,1,1
J01,71S,1.4541,1.494,0.0399,1.487,0.007,6/8/26 16:05,6/10/26 17:00,1,1
J01,72S,1.4553,1.497,0.0417,1.49,0.007,6/8/26 16:05,6/10/26 17:00,1,1
J02,73S,1.4858,1.5297,0.0439,1.521,0.0087,6/8/26 16:05,6/10/26 17:00,1,1
J02,74S,1.4796,1.5227,0.0431,1.514,0.0087,6/8/26 16:05,6/10/26 17:00,1,1
J02,75S,1.4648,1.5079,0.0431,1.499,0.0089,6/8/26 16:05,6/10/26 17:00,1,2
J03,76S,1.4655,1.5092,0.0437,1.501,0.0082,6/8/26 16:05,6/10/26 17:00,1,2
J03,77S,1.4544,1.4976,0.0432,1.488,0.0096,6/8/26 16:05,6/10/26 17:00,1,2
J03,78S,1.4616,1.506,0.0444,1.497,0.009,6/8/26 16:05,6/10/26 17:00,1,2
J04,79S,1.4693,1.5092,0.0399,1.502,0.0072,6/8/26 16:05,6/10/26 17:00,1,2
J04,80S,1.4602,1.4993,0.0391,1.492,0.0073,6/8/26 16:05,6/10/26 17:00,1,2
J04,81S,1.4517,1.4912,0.0395,1.482,0.0092,6/8/26 16:05,6/10/26 17:00,1,2
J05,82S,1.4656,1.5103,0.0447,1.501,0.0093,6/8/26 16:05,6/10/26 17:00,1,2
J05,83S,1.4626,1.5061,0.0435,1.498,0.0081,6/8/26 16:05,6/10/26 17:00,1,2
J05,84S,1.4589,1.5034,0.0445,1.495,0.0084,6/8/26 16:05,6/10/26 17:00,1,2
J06,85S,1.4714,1.5128,0.0414,1.506,0.0068,6/8/26 16:05,6/10/26 17:00,1,2
J06,86S,1.4583,1.4974,0.0391,1.491,0.0064,6/8/26 16:05,6/10/26 17:00,1,2
J06,87S,1.4541,1.4945,0.0404,1.488,0.0065,6/8/26 16:05,6/10/26 17:00,1,2
J07,88S,1.4475,1.4929,0.0454,1.485,0.0079,6/8/26 16:05,6/10/26 17:00,1,2
J07,89S,1.4551,1.498,0.0429,1.49,0.008,6/8/26 16:05,6/10/26 17:00,1,2
J07,90S,1.4549,1.4968,0.0419,1.489,0.0078,6/8/26 16:05,6/10/26 17:00,1,2
J08,91S,1.4552,1.4992,0.044,1.491,0.0082,6/8/26 16:05,6/10/26 17:00,1,2
J08,92S,1.4404,1.4831,0.0427,1.476,0.0071,6/8/26 16:05,6/10/26 17:00,1,2
J08,93S,1.4681,1.51,0.0419,1.503,0.007,6/8/26 16:05,6/10/26 17:00,1,2
J09,94S,1.4603,1.5038,0.0435,1.495,0.0088,6/8/26 16:05,6/10/26 17:00,1,2
J09,95S,1.4664,1.5093,0.0429,1.502,0.0073,6/8/26 16:05,6/10/26 17:00,1,2
J09,96S,1.4631,1.5053,0.0422,1.498,0.0073,6/8/26 16:05,6/10/26 17:00,1,2
J10,97S,1.4827,1.5285,0.0458,1.52,0.0085,6/8/26 16:05,6/10/26 17:00,1,2
J10,98S,1.473,1.5176,0.0446,1.509,0.0086,6/8/26 16:05,6/10/26 17:00,1,2
J10,99S,1.4543,1.4985,0.0442,1.49,0.0085,6/8/26 16:05,6/10/26 17:00,1,2