image_id,count
P8164362,117
P8164363,36
P8164364,92
P8164365,42
P8164366,122
P8164367,12
P8164368,110
P8164369,4
P8164370,91
P8164371,7
P8164372,91
P8164373,6
P8164375,34
P8164376,2
P8164377,55
P8164378,10
P8164379,50
P8164380,11
P8164381,22
P8164382,49
P8164383,44
P8164384,6
P8164385,5
P8164386,52
P8174388,3
P8174389,53
P8174390,47
P8174391,3
P8174392,29
P8174393,1
P8174394,69
P8174395,1
P8174396,1
P8174397,43
P8174398,63
P8174400,1
P8174402,68
P8174403,24
P8174404,22
P8174405,38
P8174406,36
P8174407,41
P8174408,34
P8174409,38
P8174410,20
P8174411,51
P8174412,64
P8174413,3
P8174415,30
P8174416,33
P8174417,41
P8174418,33
P8174419,29
P8174420,46
P8174421,39
P8174422,22
P8174423,34
P8174424,37
P8174425,37
P8174426,28
P8174428,98
P8174429,31
P8174430,83
P8174431,104
P8174432,32
P8174433,117
P8174434,144
P8174435,29
P8174436,27
P8174437,131
P8174438,131
P8174439,31
P8174441,84
P8174442,1
P8174443,1
P8174444,99
P8174445,59
P8174446,2
P8174447,6
P8174448,97
P8174449,3
P8174450,107
P8174451,95
P8174452,3
P8174454,27
P8174455,98
P8174456,83
P8174457,27
P8174458,8
P8174459,67
P8174460,51
P8174461,15
P8174462,3
P8174463,103
P8174464,73
P8174465,1
P8174467,42
P8174468,0
P8174469,1
P8174470,54
P8174471,4
P8174472,28
P8174473,25
P8174474,13
P8174475,8
P8174476,14
P8174477,23
P8174478,12
P8174480,18
P8174481,41
P8174482,28
P8174483,26
P8174484,30
P8174485,11
P8174486,22
P8174487,26
P8174488,12
P8174489,23
P8174490,17
P8174491,14
P8174493,15
P8174494,26
P8174495,32
P8174496,25
P8174497,6
P8174498,29
P8174499,37
P8174500,3
P8174501,22
P8174502,28
P8174503,23
P8174504,16
P8174506,7
P8174507,49
P8174508,48
P8174509,10
P8174510,2
P8174511,49
P8174512,58
P8174513,1
P8174514,50
P8174515,0
P8174516,0
P8174517,61
P8174519,21
P8174520,7
P8174521,6
P8174522,52
P8174523,16
P8174524,5
P8174525,4
P8174526,48
P8174527,4
P8174528,24
P8174529,44
P8174530,7
P8174532,11
P8174533,35
P8174534,64
P8174535,21
P8174536,10
P8174537,47
P8174538,58
P8174539,15
P8174540,22
P8174541,51
P8174542,46
P8174543,9
P8174545,18
P8174546,28
P8174547,38
P8174548,11
P8174549,2
P8174550,44
P8174551,43
P8174552,2
P8174553,4
P8174554,30
P8174555,52
P8174556,6
P8174558,110
P8174559,9
P8174560,110
P8174561,5
P8174562,4
P8174563,68
P8174564,82
P8174565,12
P8174566,24
P8174567,56
P8174568,72
P8174569,1
P8174571,23
P8174572,52
P8174573,65
P8174574,9
P8174575,40
P8174576,2
P8174577,5
P8174578,74
P8174579,8
P8174580,59
P8174581,11
P8174582,72
P8174584,8
P8174585,42
P8174586,44
P8174587,11
P8174588,20
P8174589,7
P8174590,12
P8174591,50
P8174592,11
P8174593,31
P8174594,47
P8174595,3
P8174597,18
P8174598,39
P8174599,63
P8174600,17
P8174601,23
P8174602,35
P8174603,53
P8174604,13
P8174605,5
P8174606,35
P8174607,70
P8174608,6
P8174610,31
P8174611,59
P8174612,53
P8174613,34
P8174614,14
P8174615,52
P8174616,53
P8174617,9
P8174618,23
P8174619,35
P8174620,65
P8174621,32
P8174623,63
P8174624,76
P8174625,85
P8174626,92
P8174627,40
P8174628,87
P8174629,94
P8174630,54
P8174631,48
P8174632,117
P8174633,128
P8174634,63
P8174636,16
P8174637,78
P8174638,84
P8174639,31
P8174640,9
P8174641,69
P8174642,102
P8174643,17
P8174644,17
P8174645,79
P8174646,86
P8174647,24
P8174649,60
P8174650,43
P8174651,51
P8174652,68
P8174653,27
P8174654,63
P8174655,71
P8174656,28
P8174657,16
P8174658,42
P8174659,61
P8174660,24
P8174662,6
P8174663,6
P8174664,9
P8174665,16
P8174666,20
P8174667,7
P8174668,4
P8174669,3
P8174670,11
P8174671,7
P8174672,20
P8174673,5
P8174675,2
P8174676,9
P8174677,18
P8174678,2
P8174679,5
P8174680,20
P8174681,21
P8174682,7
P8174683,2
P8174684,25
P8174685,25
P8174686,3
P8174688,9
P8174689,81
P8174690,102
P8174691,40
P8174692,33
P8174693,112
P8174694,138
P8174695,41
P8174696,18
P8174697,126
P8174698,106
P8174699,30
P8174701,18
P8174702,50
P8174703,35
P8174704,21
P8174705,8
P8174706,32
P8174707,45
P8174708,16
P8174709,18
P8174710,46
P8174711,62
P8174712,21
P8174714,5
P8174715,8
P8174716,6
P8174717,6
P8174718,7
P8174719,6
P8174720,4
P8174721,8
P8174722,3
P8174723,11
P8174724,5
P8174725,11
P8174727,10
P8174728,66
P8174729,74
P8174730,36
P8174731,10
P8174732,85
P8174733,65
P8174734,8
P8174735,11
P8174736,68
P8174737,83
P8174738,9
P8174740,25
P8174741,51
P8174742,59
P8174743,15
P8174744,29
P8174745,47
P8174746,48
P8174747,16
P8174748,40
P8174749,47
P8174750,45
P8174751,14
P8174753,29
P8174754,96
P8174755,90
P8174756,11
P8174757,5
P8174758,115
P8174759,176
P8174760,10
P8174761,16
P8174762,124
P8174763,158
P8174764,9
P8174766,129
P8174767,0
P8174768,1
P8174769,168
P8174770,59
P8174771,0
P8174772,0
P8174773,105
P8174774,134
P8174775,1
P8174776,1
P8174777,115
P8174779,9
P8174780,37
P8174781,41
P8174782,15
P8174783,27
P8174784,54
P8174785,49
P8174786,8
P8174787,66
P8174788,3
P8174789,10
P8174790,67
P8174792,74
P8174793,6
P8174794,10
P8174795,102
P8174796,16
P8174797,99
P8174798,81
P8174799,26
P8174800,17
P8174801,101
P8174802,106
P8174803,6
P8174805,97
P8174806,23
P8174807,32
P8174808,108
P8174809,74
P8174810,24
P8174811,22
P8174812,79
P8174813,93
P8174814,10
P8174815,9
P8174816,102
P8174818,28
P8174819,100
P8174820,94
P8174821,26
P8174822,9
P8174823,78
P8174824,73
P8174825,5
P8174826,9
P8174827,122
P8174828,93
P8174829,5
P8174831,27
P8174832,67
P8174833,66
P8174834,15
P8174835,37
P8174836,69
P8174837,61
P8174838,7
P8174839,33
P8174840,46
P8174841,53
P8174842,26
P8174844,42
P8174845,57
P8174846,58
P8174847,21
P8174848,38
P8174849,75
P8174850,96
P8174851,13
P8174852,15
P8174853,98
P8174854,90
P8174855,6
P8174857,17
P8174858,49
P8174859,48
P8174860,24
P8174861,47
P8174862,0
P8174863,1
P8174864,63
P8174865,62
P8174866,7
P8174867,3
P8174868,78
P8174870,27
P8174871,16
P8174872,8
P8174873,34
P8174874,5
P8174875,29
P8174876,29
P8174877,6
P8174878,42
P8174879,8
P8174880,1
P8174881,40
P8174883,125
P8174884,122
P8174885,152
P8174886,137
P8174887,69
P8174888,111
P8174889,125
P8174890,25
P8174891,4
P8174892,123
P8174893,109
P8174894,9
P8174896,24
P8174897,48
P8174898,47
P8174899,23
P8174900,1
P8174901,53
P8174902,51
P8174903,6
P8174904,11
P8174905,47
P8174906,44
P8174907,2
P8174909,20
P8174910,34
P8174911,39
P8174912,22
P8174913,16
P8174914,54
P8174915,53
P8174916,8
P8174917,13
P8174918,46
P8174919,39
P8174920,20
P8174922,17
P8174923,155
P8174924,148
P8174925,18
P8174926,2
P8174927,99
P8174928,101
P8174929,6
P8174930,6
P8174931,103
P8174932,99
P8174933,7
P8174935,34
P8174936,90
P8174937,96
P8174938,19
P8174939,26
P8174940,107
P8174941,87
P8174942,23
P8174943,26
P8174944,118
P8174945,82
P8174946,33
P8174948,29
P8174949,78
P8174950,86
P8174951,19
P8174952,8
P8174953,103
P8174954,89
P8174955,18
P8174956,22
P8174957,116
P8174958,128
P8174959,6
P8184961,165
P8184962,16
P8184963,5
P8184964,187
P8184965,167
P8184966,46
P8184967,31
P8184968,193
P8184969,44
P8184970,79
P8184971,72
P8184972,72
P8184974,85
P8184975,241
P8184976,300
P8184977,14
P8184978,3
P8184979,137
P8184980,126
P8184981,3
P8184982,27
P8184983,135
P8184984,115
P8184985,30
P8184987,15
P8184988,49
P8184989,53
P8184990,18
P8184991,32
P8184992,52
P8184993,60
P8184994,6
P8184995,4
P8184996,68
P8184997,68
P8184998,3
P8185000,70
P8185001,33
P8185002,18
P8185003,56
P8185004,42
P8185005,37
P8185006,56
P8185007,20
P8185008,15
P8185009,63
P8185010,52
P8185011,13
P8185013,4
P8185014,116
P8185015,65
P8185016,0
P8185017,9
P8185018,82
P8185019,100
P8185020,2
P8185021,2
P8185022,74
P8185023,89
P8185024,1
P8185026,19
P8185027,67
P8185028,47
P8185029,25
P8185030,8
P8185031,67
P8185032,52
P8185033,9
P8185034,32
P8185035,55
P8185036,43
P8185037,35
P8185039,13
P8185040,124
P8185041,120
P8185042,9
P8185043,8
P8185044,142
P8185045,127
P8185046,12
P8185047,13
P8185048,98
P8185049,104
P8185050,0
P8185052,2
P8185053,92
P8185054,91
P8185055,2
P8185056,2
P8185057,99
P8185058,74
P8185059,3
P8185060,9
P8185061,88
P8185062,79
P8185063,5
P8185065,57
P8185066,88
P8185067,102
P8185068,44
P8185069,14
P8185070,79
P8185071,86
P8185072,6
P8185073,7
P8185074,125
P8185075,92
P8185076,8
P8185078,57
P8185079,33
P8185080,36
P8185081,54
P8185082,21
P8185083,85
P8185084,88
P8185085,2
P8185086,0
P8185087,78
P8185088,77
P8185089,2
P8185091,16
P8185092,134
P8185093,99
P8185094,31
P8185095,6
P8185096,153
P8185097,126
P8185098,5
P8185099,11
P8185100,156
P8185101,137
P8185102,24
P8185104,15
P8185105,105
P8185106,106
P8185107,7
P8185108,7
P8185109,128
P8185110,107
P8185111,4
P8185112,5
P8185113,127
P8185114,115
P8185115,10
P8185117,13
P8185118,104
P8185119,97
P8185120,3
P8185121,3
P8185122,108
P8185123,115
P8185124,5
P8185125,6
P8185126,110
P8185127,124
P8185128,10
P8185130,47
P8185131,121
P8185132,120
P8185133,6
P8185134,14
P8185135,143
P8185136,159
P8185137,12
P8185138,20
P8185139,193
P8185140,146
P8185141,15
P8185143,7
P8185144,187
P8185145,144
P8185146,4
P8185147,4
P8185148,128
P8185149,133
P8185150,6
P8185151,3
P8185152,126
P8185153,132
P8185154,6
P8185156,17
P8185157,46
P8185158,44
P8185159,7
P8185160,3
P8185161,46
P8185162,62
P8185163,8
P8185164,11
P8185165,57
P8185166,65
P8185167,4
P8185169,21
P8185170,106
P8185171,94
P8185172,7
P8185173,7
P8185174,139
P8185175,70
P8185176,3
P8185177,19
P8185178,102
P8185179,97
P8185180,9
P8185182,19
P8185183,59
P8185184,52
P8185185,7
P8185186,7
P8185187,85
P8185188,55
P8185189,8
P8185190,3
P8185191,77
P8185192,70
P8185193,0
P8185195,10
P8185196,86
P8185197,66
P8185198,10
P8185199,11
P8185200,73
P8185201,55
P8185202,5
P8185203,10
P8185204,96
P8185205,85
P8185206,1
P8185208,13
P8185209,43
P8185210,43
P8185211,11
P8185212,17
P8185213,26
P8185214,39
P8185215,16
P8185216,8
P8185217,48
P8185218,29
P8185219,9
P8185221,28
P8185222,90
P8185223,73
P8185224,1
P8185225,7
P8185226,119
P8185227,75
P8185228,17
P8185229,7
P8185230,131
P8185231,12
P8185232,73
P8185234,21
P8185235,53
P8185236,62
P8185237,16
P8185238,15
P8185239,74
P8185240,70
P8185241,8
P8185242,14
P8185243,88
P8185244,80
P8185245,7
P8185247,28
P8185248,85
P8185249,86
P8185250,12
P8185251,40
P8185252,67
P8185253,79
P8185254,20
P8185255,4
P8185256,96
P8185257,70
P8185258,8
P8185260,34
P8185261,86
P8185262,87
P8185263,51
P8185264,6
P8185265,99
P8185266,109
P8185267,7
P8185268,9
P8185269,114
P8185270,116
P8185271,6
Q6165457,42
Q6165458,7
Q6165459,12
Q6165460,53
Q6165461,38
Q6165462,21
Q6165463,18
Q6165464,36
Q6165465,42
Q6165466,16
Q6165467,25
Q6165468,68
Q6165469,9
Q6165470,13
Q6165471,11
Q6165472,41
Q6165473,46
Q6165474,3
Q6165475,4
Q6165476,39
Q6165477,12
Q6165478,11
Q6165479,10
Q6165480,36
Q6165481,69
Q6165482,24
Q6165483,21
Q6165484,48
Q6165485,16
Q6165486,82
Q6165487,49
Q6165488,34
Q6165489,19
Q6165490,61
Q6165491,97
Q6165492,14
Q6165493,28
Q6165494,71
Q6165495,33
Q6165496,19
Q6165497,5
Q6165498,86
Q6165499,84
Q6165500,3
Q6165501,4
Q6165502,140
Q6165503,8
Q6165504,50
Q6165505,2
Q6165506,59
Q6165507,62
Q6165508,7
Q6165509,35
Q6165510,41
Q6165511,56
Q6165512,25
Q6165513,11
Q6165514,38
Q6165515,81
Q6165516,19
Q6165517,44
Q6165518,120
Q6165519,146
Q6165520,46
Q6165521,21
Q6165522,156
Q6165523,114
Q6165524,35
Q6165525,24
Q6165526,155
Q6165527,141
Q6165528,13
Q6165529,14
Q6165530,85
Q6165531,117
Q6165532,23
Q6165533,25
Q6165534,69
Q6165535,89
Q6165536,15
Q6165537,20
Q6165538,79
Q6165539,103
Q6165540,12
Q6165541,20
Q6165542,138
Q6165543,190
Q6165544,14
Q6165545,50
Q6165546,142
Q6165547,167
Q6165548,57
Q6165549,47
Q6165550,130
Q6165551,104
Q6165552,23
Q6165553,13
Q6165554,81
Q6165555,85
Q6165556,36
Q6165557,14
Q6165558,77
Q6165559,110
Q6165560,10
Q6165561,55
Q6165562,55
Q6165563,48
Q6165564,67
Q6165565,77
Q6165566,46
Q6165567,61
Q6165568,57
Q6165569,8
Q6165570,86
Q6165571,77
Q6165572,18
Q6165573,47
Q6165574,37
Q6165575,73
Q6165576,51
Q6165577,24
Q6165578,39
Q6165579,52
Q6165580,22
Q6165581,56
Q6165582,24
Q6165583,44
Q6165584,34
Q6165585,2
Q6165586,79
Q6165587,55
Q6165588,1
Q6165589,23
Q6165590,52
Q6165591,43
Q6165592,37
Q6165593,28
Q6165594,22
Q6165595,42
Q6165596,11
Q6165597,13
Q6165598,18
Q6165599,29
Q6165600,13
Q6165601,13
Q6165602,17
Q6165603,31
Q6165604,8
Q6165605,13
Q6165606,39
Q6165607,39
Q6165608,10
Q6165609,16
Q6165610,25
Q6165611,39
Q6165612,15
Q6165613,46
Q6165614,31
Q6165615,30
Q6165616,52
Q6165617,24
Q6165618,55
Q6165619,65
Q6165620,16
Q6165621,21
Q6165622,64
Q6165623,73
Q6165624,15
Q6165625,17
Q6165626,25
Q6165627,43
Q6165628,5
Q6165629,6
Q6165630,49
Q6165631,25
Q6165632,18
Q6165633,15
Q6165634,32
Q6165635,50
Q6165636,5
Q6165637,4
Q6165638,48
Q6165639,70
Q6165640,6
Q6165641,16
Q6165642,52
Q6165643,56
Q6165644,3
Q6165645,4
Q6165646,75
Q6165647,40
Q6165648,15
Q6165649,15
Q6165650,39
Q6165651,57
Q6165652,13
Q6165653,24
Q6165654,15
Q6165655,26
Q6165656,21
Q6165657,21
Q6165658,31
Q6165659,45
Q6165660,7
Q6165661,5
Q6165662,26
Q6165663,21
Q6165664,14
Q6165665,19
Q6165666,34
Q6165667,33
Q6165668,12
Q6165669,3
Q6165670,20
Q6165671,19
Q6165672,11
Q6165673,13
Q6165674,10
Q6165675,26
Q6165676,11
Q6165677,5
Q6165678,20
Q6165679,23
Q6165680,6
Q6165681,7
Q6165682,24
Q6165683,34
Q6165684,5
Q6165685,9
Q6165686,37
Q6165687,23
Q6165688,8
Q6165689,8
Q6165690,30
Q6165691,36
Q6165692,15
Q6165693,13
Q6165694,17
Q6165695,33
Q6165696,10
Q6165697,19
Q6165698,30
Q6165699,31
Q6165700,16
Q6165701,16
Q6165702,42
Q6165703,48
Q6165704,14
Q6165705,15
Q6165706,31
Q6165707,60
Q6165708,4
Q6165709,14
Q6165710,28
Q6165711,17
Q6165712,16
Q6165713,17
Q6165714,26
Q6165715,22
Q6165716,10
Q6165717,3
Q6165718,32
Q6165719,28
Q6165720,5
Q6165721,22
Q6165722,18
Q6165723,17
Q6165724,17
Q6165725,31
Q6165726,26
Q6165727,23
Q6165728,20
Q6165729,30
Q6165730,16
Q6165731,20
Q6165732,23
Q6165733,24
Q6165734,33
Q6165735,61
Q6165736,24
Q6165737,27
Q6165738,60
Q6165739,55
Q6165740,15
Q6165741,14
Q6165742,64
Q6165743,54
Q6165744,21
Q6165745,15
Q6165746,23
Q6165747,22
Q6165748,12
Q6165749,5
Q6165750,21
Q6165751,32
Q6165752,9
Q6165753,8
Q6165754,21
Q6165755,18
Q6165756,4
Q6165757,9
Q6165758,63
Q6165759,60
Q6165760,18
Q6165761,14
Q6165762,46
Q6165763,64
Q6165764,15
Q6165765,19
Q6165766,44
Q6165767,80
Q6165768,12
Q6165769,56
Q6165770,33
Q6165771,43
Q6165772,39
Q6165773,8
Q6165774,21
Q6165775,31
Q6165776,8
Q6165777,13
Q6165778,22
Q6165779,36
Q6165780,12
Q6165781,29
Q6165782,93
Q6165783,119
Q6165784,13
Q6165785,61
Q6165786,77
Q6165787,115
Q6165788,13
Q6165789,22
Q6165790,127
Q6165791,106
Q6165792,28
Q6165793,23
Q6165794,76
Q6165795,126
Q6165796,22
Q6165797,33
Q6165798,80
Q6165799,100
Q6165800,34
Q6165801,42
Q6165802,59
Q6165803,68
Q6165804,13
Q6165805,20
Q6165806,109
Q6165807,112
Q6165808,20
Q6165809,26
Q6165810,102
Q6165811,115
Q6165812,2
Q6165813,0
Q6165814,120
Q6165815,143
Q6165816,6