frag_ID,species_long,species,rep,image_no,image_id
C01,Favites complanata,Fcom,1,1,P8164362
C01,Favites complanata,Fcom,1,2,P8164363
C01,Favites complanata,Fcom,2,1,P8164364
C01,Favites complanata,Fcom,2,2,P8164365
C01,Favites complanata,Fcom,3,1,P8164366
C01,Favites complanata,Fcom,3,2,P8164367
C01,Favites complanata,Fcom,4,1,P8164368
C01,Favites complanata,Fcom,4,2,P8164369
C01,Favites complanata,Fcom,5,1,P8164370
C01,Favites complanata,Fcom,5,2,P8164371
C01,Favites complanata,Fcom,6,1,P8164372
C01,Favites complanata,Fcom,6,2,P8164373
D01,Porites rus,Prus,1,1,P8164375
D01,Porites rus,Prus,1,2,P8164376
D01,Porites rus,Prus,2,1,P8164377
D01,Porites rus,Prus,2,2,P8164378
D01,Porites rus,Prus,3,1,P8164379
D01,Porites rus,Prus,3,2,P8164380
D01,Porites rus,Prus,4,1,P8164381
D01,Porites rus,Prus,4,2,P8164382
D01,Porites rus,Prus,5,1,P8164383
D01,Porites rus,Prus,5,2,P8164384
D01,Porites rus,Prus,6,1,P8164385
D01,Porites rus,Prus,6,2,P8164386
C02,Favites complanata,Fcom,1,1,P8174388
C02,Favites complanata,Fcom,1,2,P8174389
C02,Favites complanata,Fcom,2,1,P8174390
C02,Favites complanata,Fcom,2,2,P8174391
C02,Favites complanata,Fcom,3,1,P8174393
C02,Favites complanata,Fcom,3,2,P8174394
C02,Favites complanata,Fcom,4,1,P8174395
C02,Favites complanata,Fcom,4,2,P8174396
C02,Favites complanata,Fcom,5,1,P8174397
C02,Favites complanata,Fcom,5,2,P8174398
C02,Favites complanata,Fcom,6,1,P8174399
C02,Favites complanata,Fcom,6,2,P8174400
C03,Favites complanata,Fcom,1,1,P8174402
C03,Favites complanata,Fcom,1,2,P8174403
C03,Favites complanata,Fcom,2,1,P8174404
C03,Favites complanata,Fcom,2,2,P8174405
C03,Favites complanata,Fcom,3,1,P8174406
C03,Favites complanata,Fcom,3,2,P8174407
C03,Favites complanata,Fcom,4,1,P8174408
C03,Favites complanata,Fcom,4,2,P8174409
C03,Favites complanata,Fcom,5,1,P8174410
C03,Favites complanata,Fcom,5,2,P8174411
C03,Favites complanata,Fcom,6,1,P8174412
C03,Favites complanata,Fcom,6,2,P8174413
C04,Favites complanata,Fcom,1,1,P8174415
C04,Favites complanata,Fcom,1,2,P8174416
C04,Favites complanata,Fcom,2,1,P8174417
C04,Favites complanata,Fcom,2,2,P8174418
C04,Favites complanata,Fcom,3,1,P8174419
C04,Favites complanata,Fcom,3,2,P8174420
C04,Favites complanata,Fcom,4,1,P8174421
C04,Favites complanata,Fcom,4,2,P8174422
C04,Favites complanata,Fcom,5,1,P8174423
C04,Favites complanata,Fcom,5,2,P8174424
C04,Favites complanata,Fcom,6,1,P8174425
C04,Favites complanata,Fcom,6,2,P8174426
C05,Favites complanata,Fcom,1,1,P8174428
C05,Favites complanata,Fcom,1,2,P8174429
C05,Favites complanata,Fcom,2,1,P8174430
C05,Favites complanata,Fcom,2,2,P8174431
C05,Favites complanata,Fcom,3,1,P8174432
C05,Favites complanata,Fcom,3,2,P8174433
C05,Favites complanata,Fcom,4,1,P8174434
C05,Favites complanata,Fcom,4,2,P8174435
C05,Favites complanata,Fcom,5,1,P8174436
C05,Favites complanata,Fcom,5,2,P8174437
C05,Favites complanata,Fcom,6,1,P8174438
C05,Favites complanata,Fcom,6,2,P8174439
C06,Favites complanata,Fcom,1,1,P8174441
C06,Favites complanata,Fcom,1,2,P8174442
C06,Favites complanata,Fcom,2,1,P8174443
C06,Favites complanata,Fcom,2,2,P8174444
C06,Favites complanata,Fcom,3,1,P8174445
C06,Favites complanata,Fcom,3,2,P8174446
C06,Favites complanata,Fcom,4,1,P8174447
C06,Favites complanata,Fcom,4,2,P8174448
C06,Favites complanata,Fcom,5,1,P8174449
C06,Favites complanata,Fcom,5,2,P8174450
C06,Favites complanata,Fcom,6,1,P8174451
C06,Favites complanata,Fcom,6,2,P8174452
C07,Favites complanata,Fcom,1,1,P8174454
C07,Favites complanata,Fcom,1,2,P8174455
C07,Favites complanata,Fcom,2,1,P8174456
C07,Favites complanata,Fcom,2,2,P8174457
C07,Favites complanata,Fcom,3,1,P8174458
C07,Favites complanata,Fcom,3,2,P8174459
C07,Favites complanata,Fcom,4,1,P8174460
C07,Favites complanata,Fcom,4,2,P8174461
C07,Favites complanata,Fcom,5,1,P8174462
C07,Favites complanata,Fcom,5,2,P8174463
C07,Favites complanata,Fcom,6,1,P8174464
C07,Favites complanata,Fcom,6,2,P8174465
C08,Favites complanata,Fcom,1,1,P8174467
C08,Favites complanata,Fcom,1,2,P8174468
C08,Favites complanata,Fcom,2,1,P8174469
C08,Favites complanata,Fcom,2,2,P8174470
C08,Favites complanata,Fcom,3,1,P8174471
C08,Favites complanata,Fcom,3,2,P8174472
C08,Favites complanata,Fcom,4,1,P8174473
C08,Favites complanata,Fcom,4,2,P8174474
C08,Favites complanata,Fcom,5,1,P8174475
C08,Favites complanata,Fcom,5,2,P8174476
C08,Favites complanata,Fcom,6,1,P8174477
C08,Favites complanata,Fcom,6,2,P8174478
C09,Favites complanata,Fcom,1,1,P8174480
C09,Favites complanata,Fcom,1,2,P8174481
C09,Favites complanata,Fcom,2,1,P8174482
C09,Favites complanata,Fcom,2,2,P8174483
C09,Favites complanata,Fcom,3,1,P8174484
C09,Favites complanata,Fcom,3,2,P8174485
C09,Favites complanata,Fcom,4,1,P8174486
C09,Favites complanata,Fcom,4,2,P8174487
C09,Favites complanata,Fcom,5,1,P8174488
C09,Favites complanata,Fcom,5,2,P8174489
C09,Favites complanata,Fcom,6,1,P8174490
C09,Favites complanata,Fcom,6,2,P8174491
C10,Favites complanata,Fcom,1,1,P8174493
C10,Favites complanata,Fcom,1,2,P8174494
C10,Favites complanata,Fcom,2,1,P8174495
C10,Favites complanata,Fcom,2,2,P8174496
C10,Favites complanata,Fcom,3,1,P8174497
C10,Favites complanata,Fcom,3,2,P8174498
C10,Favites complanata,Fcom,4,1,P8174499
C10,Favites complanata,Fcom,4,2,P8174500
C10,Favites complanata,Fcom,5,1,P8174501
C10,Favites complanata,Fcom,5,2,P8174502
C10,Favites complanata,Fcom,6,1,P8174503
C10,Favites complanata,Fcom,6,2,P8174504
D02,Porites rus,Prus,1,1,P8174506
D02,Porites rus,Prus,1,2,P8174507
D02,Porites rus,Prus,2,1,P8174508
D02,Porites rus,Prus,2,2,P8174509
D02,Porites rus,Prus,3,1,P8174510
D02,Porites rus,Prus,3,2,P8174511
D02,Porites rus,Prus,4,1,P8174512
D02,Porites rus,Prus,4,2,P8174513
D02,Porites rus,Prus,5,1,P8174514
D02,Porites rus,Prus,5,2,P8174515
D02,Porites rus,Prus,6,1,P8174516
D02,Porites rus,Prus,6,2,P8174517
D03,Porites rus,Prus,1,1,P8174519
D03,Porites rus,Prus,1,2,P8174520
D03,Porites rus,Prus,2,1,P8174521
D03,Porites rus,Prus,2,2,P8174522
D03,Porites rus,Prus,3,1,P8174523
D03,Porites rus,Prus,3,2,P8174524
D03,Porites rus,Prus,4,1,P8174525
D03,Porites rus,Prus,4,2,P8174526
D03,Porites rus,Prus,5,1,P8174527
D03,Porites rus,Prus,5,2,P8174528
D03,Porites rus,Prus,6,1,P8174529
D03,Porites rus,Prus,6,2,P8174530
D04,Porites rus,Prus,1,1,P8174532
D04,Porites rus,Prus,1,2,P8174533
D04,Porites rus,Prus,2,1,P8174534
D04,Porites rus,Prus,2,2,P8174535
D04,Porites rus,Prus,3,1,P8174536
D04,Porites rus,Prus,3,2,P8174537
D04,Porites rus,Prus,4,1,P8174538
D04,Porites rus,Prus,4,2,P8174539
D04,Porites rus,Prus,5,1,P8174540
D04,Porites rus,Prus,5,2,P8174541
D04,Porites rus,Prus,6,1,P8174542
D04,Porites rus,Prus,6,2,P8174543
D05,Porites rus,Prus,1,1,P8174545
D05,Porites rus,Prus,1,2,P8174546
D05,Porites rus,Prus,2,1,P8174547
D05,Porites rus,Prus,2,2,P8174548
D05,Porites rus,Prus,3,1,P8174549
D05,Porites rus,Prus,3,2,P8174550
D05,Porites rus,Prus,4,1,P8174551
D05,Porites rus,Prus,4,2,P8174552
D05,Porites rus,Prus,5,1,P8174553
D05,Porites rus,Prus,5,2,P8174554
D05,Porites rus,Prus,6,1,P8174555
D05,Porites rus,Prus,6,2,P8174556
D06,Porites rus,Prus,1,1,P8174558
D06,Porites rus,Prus,1,2,P8174559
D06,Porites rus,Prus,2,1,P8174560
D06,Porites rus,Prus,2,2,P8174561
D06,Porites rus,Prus,3,1,P8174562
D06,Porites rus,Prus,3,2,P8174563
D06,Porites rus,Prus,4,1,P8174564
D06,Porites rus,Prus,4,2,P8174565
D06,Porites rus,Prus,5,1,P8174566
D06,Porites rus,Prus,5,2,P8174567
D06,Porites rus,Prus,6,1,P8174568
D06,Porites rus,Prus,6,2,P8174569
D07,Porites rus,Prus,1,1,P8174571
D07,Porites rus,Prus,1,2,P8174572
D07,Porites rus,Prus,2,1,P8174573
D07,Porites rus,Prus,2,2,P8174574
D07,Porites rus,Prus,3,1,P8174575
D07,Porites rus,Prus,3,2,P8174576
D07,Porites rus,Prus,4,1,P8174577
D07,Porites rus,Prus,4,2,P8174578
D07,Porites rus,Prus,5,1,P8174579
D07,Porites rus,Prus,5,2,P8174580
D07,Porites rus,Prus,6,1,P8174581
D07,Porites rus,Prus,6,2,P8174582
D08,Porites rus,Prus,1,1,P8174584
D08,Porites rus,Prus,1,2,P8174585
D08,Porites rus,Prus,2,1,P8174586
D08,Porites rus,Prus,2,2,P8174587
D08,Porites rus,Prus,3,1,P8174588
D08,Porites rus,Prus,3,2,P8174589
D08,Porites rus,Prus,4,1,P8174590
D08,Porites rus,Prus,4,2,P8174591
D08,Porites rus,Prus,5,1,P8174592
D08,Porites rus,Prus,5,2,P8174593
D08,Porites rus,Prus,6,1,P8174594
D08,Porites rus,Prus,6,2,P8174595
D09,Porites rus,Prus,1,1,P8174597
D09,Porites rus,Prus,1,2,P8174598
D09,Porites rus,Prus,2,1,P8174599
D09,Porites rus,Prus,2,2,P8174600
D09,Porites rus,Prus,3,1,P8174601
D09,Porites rus,Prus,3,2,P8174602
D09,Porites rus,Prus,4,1,P8174603
D09,Porites rus,Prus,4,2,P8174604
D09,Porites rus,Prus,5,1,P8174605
D09,Porites rus,Prus,5,2,P8174606
D09,Porites rus,Prus,6,1,P8174607
D09,Porites rus,Prus,6,2,P8174608
D10,Porites rus,Prus,1,1,P8174610
D10,Porites rus,Prus,1,2,P8174611
D10,Porites rus,Prus,2,1,P8174612
D10,Porites rus,Prus,2,2,P8174613
D10,Porites rus,Prus,3,1,P8174614
D10,Porites rus,Prus,3,2,P8174615
D10,Porites rus,Prus,4,1,P8174616
D10,Porites rus,Prus,4,2,P8174617
D10,Porites rus,Prus,5,1,P8174618
D10,Porites rus,Prus,5,2,P8174619
D10,Porites rus,Prus,6,1,P8174620
D10,Porites rus,Prus,6,2,P8174621
E01,Pocillopora eydouxi,Peyd,1,1,P8174623
E01,Pocillopora eydouxi,Peyd,1,2,P8174624
E01,Pocillopora eydouxi,Peyd,2,1,P8174625
E01,Pocillopora eydouxi,Peyd,2,2,P8174626
E01,Pocillopora eydouxi,Peyd,3,1,P8174627
E01,Pocillopora eydouxi,Peyd,3,2,P8174628
E01,Pocillopora eydouxi,Peyd,4,1,P8174629
E01,Pocillopora eydouxi,Peyd,4,2,P8174630
E01,Pocillopora eydouxi,Peyd,5,1,P8174631
E01,Pocillopora eydouxi,Peyd,5,2,P8174632
E01,Pocillopora eydouxi,Peyd,6,1,P8174633
E01,Pocillopora eydouxi,Peyd,6,2,P8174634
E02,Pocillopora eydouxi,Peyd,1,1,P8174636
E02,Pocillopora eydouxi,Peyd,1,2,P8174637
E02,Pocillopora eydouxi,Peyd,2,1,P8174638
E02,Pocillopora eydouxi,Peyd,2,2,P8174639
E02,Pocillopora eydouxi,Peyd,3,1,P8174640
E02,Pocillopora eydouxi,Peyd,3,2,P8174641
E02,Pocillopora eydouxi,Peyd,4,1,P8174642
E02,Pocillopora eydouxi,Peyd,4,2,P8174643
E02,Pocillopora eydouxi,Peyd,5,1,P8174644
E02,Pocillopora eydouxi,Peyd,5,2,P8174645
E02,Pocillopora eydouxi,Peyd,6,1,P8174646
E02,Pocillopora eydouxi,Peyd,6,2,P8174647
E03,Pocillopora eydouxi,Peyd,1,1,P8174649
E03,Pocillopora eydouxi,Peyd,1,2,P8174650
E03,Pocillopora eydouxi,Peyd,2,1,P8174651
E03,Pocillopora eydouxi,Peyd,2,2,P8174652
E03,Pocillopora eydouxi,Peyd,3,1,P8174653
E03,Pocillopora eydouxi,Peyd,3,2,P8174654
E03,Pocillopora eydouxi,Peyd,4,1,P8174655
E03,Pocillopora eydouxi,Peyd,4,2,P8174656
E03,Pocillopora eydouxi,Peyd,5,1,P8174657
E03,Pocillopora eydouxi,Peyd,5,2,P8174658
E03,Pocillopora eydouxi,Peyd,6,1,P8174659
E03,Pocillopora eydouxi,Peyd,6,2,P8174660
E04,Pocillopora eydouxi,Peyd,1,1,P8174662
E04,Pocillopora eydouxi,Peyd,1,2,P8174663
E04,Pocillopora eydouxi,Peyd,2,1,P8174664
E04,Pocillopora eydouxi,Peyd,2,2,P8174665
E04,Pocillopora eydouxi,Peyd,3,1,P8174666
E04,Pocillopora eydouxi,Peyd,3,2,P8174667
E04,Pocillopora eydouxi,Peyd,4,1,P8174668
E04,Pocillopora eydouxi,Peyd,4,2,P8174669
E04,Pocillopora eydouxi,Peyd,5,1,P8174670
E04,Pocillopora eydouxi,Peyd,5,2,P8174671
E04,Pocillopora eydouxi,Peyd,6,1,P8174672
E04,Pocillopora eydouxi,Peyd,6,2,P8174673
E05,Pocillopora eydouxi,Peyd,1,1,P8174675
E05,Pocillopora eydouxi,Peyd,1,2,P8174676
E05,Pocillopora eydouxi,Peyd,2,1,P8174677
E05,Pocillopora eydouxi,Peyd,2,2,P8174678
E05,Pocillopora eydouxi,Peyd,3,1,P8174679
E05,Pocillopora eydouxi,Peyd,3,2,P8174680
E05,Pocillopora eydouxi,Peyd,4,1,P8174681
E05,Pocillopora eydouxi,Peyd,4,2,P8174682
E05,Pocillopora eydouxi,Peyd,5,1,P8174683
E05,Pocillopora eydouxi,Peyd,5,2,P8174684
E05,Pocillopora eydouxi,Peyd,6,1,P8174685
E05,Pocillopora eydouxi,Peyd,6,2,P8174686
E06,Pocillopora eydouxi,Peyd,1,1,P8174688
E06,Pocillopora eydouxi,Peyd,1,2,P8174689
E06,Pocillopora eydouxi,Peyd,2,1,P8174690
E06,Pocillopora eydouxi,Peyd,2,2,P8174691
E06,Pocillopora eydouxi,Peyd,3,1,P8174692
E06,Pocillopora eydouxi,Peyd,3,2,P8174693
E06,Pocillopora eydouxi,Peyd,4,1,P8174694
E06,Pocillopora eydouxi,Peyd,4,2,P8174695
E06,Pocillopora eydouxi,Peyd,5,1,P8174696
E06,Pocillopora eydouxi,Peyd,5,2,P8174697
E06,Pocillopora eydouxi,Peyd,6,1,P8174698
E06,Pocillopora eydouxi,Peyd,6,2,P8174699
E07,Pocillopora eydouxi,Peyd,1,1,P8174701
E07,Pocillopora eydouxi,Peyd,1,2,P8174702
E07,Pocillopora eydouxi,Peyd,2,1,P8174703
E07,Pocillopora eydouxi,Peyd,2,2,P8174704
E07,Pocillopora eydouxi,Peyd,3,1,P8174705
E07,Pocillopora eydouxi,Peyd,3,2,P8174706
E07,Pocillopora eydouxi,Peyd,4,1,P8174707
E07,Pocillopora eydouxi,Peyd,4,2,P8174708
E07,Pocillopora eydouxi,Peyd,5,1,P8174709
E07,Pocillopora eydouxi,Peyd,5,2,P8174710
E07,Pocillopora eydouxi,Peyd,6,1,P8174711
E07,Pocillopora eydouxi,Peyd,6,2,P8174712
E08,Pocillopora eydouxi,Peyd,1,1,P8174714
E08,Pocillopora eydouxi,Peyd,1,2,P8174715
E08,Pocillopora eydouxi,Peyd,2,1,P8174716
E08,Pocillopora eydouxi,Peyd,2,2,P8174717
E08,Pocillopora eydouxi,Peyd,3,1,P8174718
E08,Pocillopora eydouxi,Peyd,3,2,P8174719
E08,Pocillopora eydouxi,Peyd,4,1,P8174720
E08,Pocillopora eydouxi,Peyd,4,2,P8174721
E08,Pocillopora eydouxi,Peyd,5,1,P8174722
E08,Pocillopora eydouxi,Peyd,5,2,P8174723
E08,Pocillopora eydouxi,Peyd,6,1,P8174724
E08,Pocillopora eydouxi,Peyd,6,2,P8174725
E09,Pocillopora eydouxi,Peyd,1,1,P8174727
E09,Pocillopora eydouxi,Peyd,1,2,P8174728
E09,Pocillopora eydouxi,Peyd,2,1,P8174729
E09,Pocillopora eydouxi,Peyd,2,2,P8174730
E09,Pocillopora eydouxi,Peyd,3,1,P8174731
E09,Pocillopora eydouxi,Peyd,3,2,P8174732
E09,Pocillopora eydouxi,Peyd,4,1,P8174733
E09,Pocillopora eydouxi,Peyd,4,2,P8174734
E09,Pocillopora eydouxi,Peyd,5,1,P8174735
E09,Pocillopora eydouxi,Peyd,5,2,P8174736
E09,Pocillopora eydouxi,Peyd,6,1,P8174737
E09,Pocillopora eydouxi,Peyd,6,2,P8174738
E10,Pocillopora eydouxi,Peyd,1,1,P8174740
E10,Pocillopora eydouxi,Peyd,1,2,P8174741
E10,Pocillopora eydouxi,Peyd,2,1,P8174742
E10,Pocillopora eydouxi,Peyd,2,2,P8174743
E10,Pocillopora eydouxi,Peyd,3,1,P8174744
E10,Pocillopora eydouxi,Peyd,3,2,P8174745
E10,Pocillopora eydouxi,Peyd,4,1,P8174746
E10,Pocillopora eydouxi,Peyd,4,2,P8174747
E10,Pocillopora eydouxi,Peyd,5,1,P8174748
E10,Pocillopora eydouxi,Peyd,5,2,P8174749
E10,Pocillopora eydouxi,Peyd,6,1,P8174750
E10,Pocillopora eydouxi,Peyd,6,2,P8174751
G01,Echinopora lamellosa,Elam,1,1,P8174753
G01,Echinopora lamellosa,Elam,1,2,P8174754
G01,Echinopora lamellosa,Elam,2,1,P8174755
G01,Echinopora lamellosa,Elam,2,2,P8174756
G01,Echinopora lamellosa,Elam,3,1,P8174757
G01,Echinopora lamellosa,Elam,3,2,P8174758
G01,Echinopora lamellosa,Elam,4,1,P8174759
G01,Echinopora lamellosa,Elam,4,2,P8174760
G01,Echinopora lamellosa,Elam,5,1,P8174761
G01,Echinopora lamellosa,Elam,5,2,P8174762
G01,Echinopora lamellosa,Elam,6,1,P8174763
G01,Echinopora lamellosa,Elam,6,2,P8174764
G02,Echinopora lamellosa,Elam,1,1,P8174766
G02,Echinopora lamellosa,Elam,1,2,P8174767
G02,Echinopora lamellosa,Elam,2,1,P8174768
G02,Echinopora lamellosa,Elam,2,2,P8174769
G02,Echinopora lamellosa,Elam,3,1,P8174770
G02,Echinopora lamellosa,Elam,3,2,P8174771
G02,Echinopora lamellosa,Elam,4,1,P8174772
G02,Echinopora lamellosa,Elam,4,2,P8174773
G02,Echinopora lamellosa,Elam,5,1,P8174774
G02,Echinopora lamellosa,Elam,5,2,P8174775
G02,Echinopora lamellosa,Elam,6,1,P8174776
G02,Echinopora lamellosa,Elam,6,2,P8174777
G03,Echinopora lamellosa,Elam,1,1,P8174779
G03,Echinopora lamellosa,Elam,1,2,P8174780
G03,Echinopora lamellosa,Elam,2,1,P8174781
G03,Echinopora lamellosa,Elam,2,2,P8174782
G03,Echinopora lamellosa,Elam,3,1,P8174783
G03,Echinopora lamellosa,Elam,3,2,P8174784
G03,Echinopora lamellosa,Elam,4,1,P8174785
G03,Echinopora lamellosa,Elam,4,2,P8174786
G03,Echinopora lamellosa,Elam,5,1,P8174787
G03,Echinopora lamellosa,Elam,5,2,P8174788
G03,Echinopora lamellosa,Elam,6,1,P8174789
G03,Echinopora lamellosa,Elam,6,2,P8174790
G04,Echinopora lamellosa,Elam,1,1,P8174792
G04,Echinopora lamellosa,Elam,1,2,P8174793
G04,Echinopora lamellosa,Elam,2,1,P8174794
G04,Echinopora lamellosa,Elam,2,2,P8174795
G04,Echinopora lamellosa,Elam,3,1,P8174796
G04,Echinopora lamellosa,Elam,3,2,P8174797
G04,Echinopora lamellosa,Elam,4,1,P8174798
G04,Echinopora lamellosa,Elam,4,2,P8174799
G04,Echinopora lamellosa,Elam,5,1,P8174800
G04,Echinopora lamellosa,Elam,5,2,P8174801
G04,Echinopora lamellosa,Elam,6,1,P8174802
G04,Echinopora lamellosa,Elam,6,2,P8174803
G05,Echinopora lamellosa,Elam,1,1,P8174805
G05,Echinopora lamellosa,Elam,1,2,P8174806
G05,Echinopora lamellosa,Elam,2,1,P8174807
G05,Echinopora lamellosa,Elam,2,2,P8174808
G05,Echinopora lamellosa,Elam,3,1,P8174809
G05,Echinopora lamellosa,Elam,3,2,P8174810
G05,Echinopora lamellosa,Elam,4,1,P8174811
G05,Echinopora lamellosa,Elam,4,2,P8174812
G05,Echinopora lamellosa,Elam,5,1,P8174813
G05,Echinopora lamellosa,Elam,5,2,P8174814
G05,Echinopora lamellosa,Elam,6,1,P8174815
G05,Echinopora lamellosa,Elam,6,2,P8174816
G06,Echinopora lamellosa,Elam,1,1,P8174818
G06,Echinopora lamellosa,Elam,1,2,P8174819
G06,Echinopora lamellosa,Elam,2,1,P8174820
G06,Echinopora lamellosa,Elam,2,2,P8174821
G06,Echinopora lamellosa,Elam,3,1,P8174822
G06,Echinopora lamellosa,Elam,3,2,P8174823
G06,Echinopora lamellosa,Elam,4,1,P8174824
G06,Echinopora lamellosa,Elam,4,2,P8174825
G06,Echinopora lamellosa,Elam,5,1,P8174826
G06,Echinopora lamellosa,Elam,5,2,P8174827
G06,Echinopora lamellosa,Elam,6,1,P8174828
G06,Echinopora lamellosa,Elam,6,2,P8174829
G07,Echinopora lamellosa,Elam,1,1,P8174831
G07,Echinopora lamellosa,Elam,1,2,P8174832
G07,Echinopora lamellosa,Elam,2,1,P8174833
G07,Echinopora lamellosa,Elam,2,2,P8174834
G07,Echinopora lamellosa,Elam,3,1,P8174835
G07,Echinopora lamellosa,Elam,3,2,P8174836
G07,Echinopora lamellosa,Elam,4,1,P8174837
G07,Echinopora lamellosa,Elam,4,2,P8174838
G07,Echinopora lamellosa,Elam,5,1,P8174839
G07,Echinopora lamellosa,Elam,5,2,P8174840
G07,Echinopora lamellosa,Elam,6,1,P8174841
G07,Echinopora lamellosa,Elam,6,2,P8174842
G08,Echinopora lamellosa,Elam,1,1,P8174844
G08,Echinopora lamellosa,Elam,1,2,P8174845
G08,Echinopora lamellosa,Elam,2,1,P8174846
G08,Echinopora lamellosa,Elam,2,2,P8174847
G08,Echinopora lamellosa,Elam,3,1,P8174848
G08,Echinopora lamellosa,Elam,3,2,P8174849
G08,Echinopora lamellosa,Elam,4,1,P8174850
G08,Echinopora lamellosa,Elam,4,2,P8174851
G08,Echinopora lamellosa,Elam,5,1,P8174852
G08,Echinopora lamellosa,Elam,5,2,P8174853
G08,Echinopora lamellosa,Elam,6,1,P8174854
G08,Echinopora lamellosa,Elam,6,2,P8174855
G09,Echinopora lamellosa,Elam,1,1,P8174857
G09,Echinopora lamellosa,Elam,1,2,P8174858
G09,Echinopora lamellosa,Elam,2,1,P8174859
G09,Echinopora lamellosa,Elam,2,2,P8174860
G09,Echinopora lamellosa,Elam,3,1,P8174861
G09,Echinopora lamellosa,Elam,3,2,P8174862
G09,Echinopora lamellosa,Elam,4,1,P8174863
G09,Echinopora lamellosa,Elam,4,2,P8174864
G09,Echinopora lamellosa,Elam,5,1,P8174865
G09,Echinopora lamellosa,Elam,5,2,P8174866
G09,Echinopora lamellosa,Elam,6,1,P8174867
G09,Echinopora lamellosa,Elam,6,2,P8174868
G10,Echinopora lamellosa,Elam,1,1,P8174870
G10,Echinopora lamellosa,Elam,1,2,P8174871
G10,Echinopora lamellosa,Elam,2,1,P8174872
G10,Echinopora lamellosa,Elam,2,2,P8174873
G10,Echinopora lamellosa,Elam,3,1,P8174874
G10,Echinopora lamellosa,Elam,3,2,P8174875
G10,Echinopora lamellosa,Elam,4,1,P8174876
G10,Echinopora lamellosa,Elam,4,2,P8174877
G10,Echinopora lamellosa,Elam,5,1,P8174878
G10,Echinopora lamellosa,Elam,5,2,P8174879
G10,Echinopora lamellosa,Elam,6,1,P8174880
G10,Echinopora lamellosa,Elam,6,2,P8174881
H01,Montipora aequituberculata,Maeq,1,1,P8174883
H01,Montipora aequituberculata,Maeq,1,2,P8174884
H01,Montipora aequituberculata,Maeq,2,1,P8174885
H01,Montipora aequituberculata,Maeq,2,2,P8174886
H01,Montipora aequituberculata,Maeq,3,1,P8174887
H01,Montipora aequituberculata,Maeq,3,2,P8174888
H01,Montipora aequituberculata,Maeq,4,1,P8174889
H01,Montipora aequituberculata,Maeq,4,2,P8174890
H01,Montipora aequituberculata,Maeq,5,1,P8174891
H01,Montipora aequituberculata,Maeq,5,2,P8174892
H01,Montipora aequituberculata,Maeq,6,1,P8174893
H01,Montipora aequituberculata,Maeq,6,2,P8174894
H02,Montipora aequituberculata,Maeq,1,1,P8174896
H02,Montipora aequituberculata,Maeq,1,2,P8174897
H02,Montipora aequituberculata,Maeq,2,1,P8174898
H02,Montipora aequituberculata,Maeq,2,2,P8174899
H02,Montipora aequituberculata,Maeq,3,1,P8174900
H02,Montipora aequituberculata,Maeq,3,2,P8174901
H02,Montipora aequituberculata,Maeq,4,1,P8174902
H02,Montipora aequituberculata,Maeq,4,2,P8174903
H02,Montipora aequituberculata,Maeq,5,1,P8174904
H02,Montipora aequituberculata,Maeq,5,2,P8174905
H02,Montipora aequituberculata,Maeq,6,1,P8174906
H02,Montipora aequituberculata,Maeq,6,2,P8174907
H03,Montipora aequituberculata,Maeq,1,1,P8174909
H03,Montipora aequituberculata,Maeq,1,2,P8174910
H03,Montipora aequituberculata,Maeq,2,1,P8174911
H03,Montipora aequituberculata,Maeq,2,2,P8174912
H03,Montipora aequituberculata,Maeq,3,1,P8174913
H03,Montipora aequituberculata,Maeq,3,2,P8174914
H03,Montipora aequituberculata,Maeq,4,1,P8174915
H03,Montipora aequituberculata,Maeq,4,2,P8174916
H03,Montipora aequituberculata,Maeq,5,1,P8174917
H03,Montipora aequituberculata,Maeq,5,2,P8174918
H03,Montipora aequituberculata,Maeq,6,1,P8174919
H03,Montipora aequituberculata,Maeq,6,2,P8174920
H04,Montipora aequituberculata,Maeq,1,1,P8174922
H04,Montipora aequituberculata,Maeq,1,2,P8174923
H04,Montipora aequituberculata,Maeq,2,1,P8174924
H04,Montipora aequituberculata,Maeq,2,2,P8174925
H04,Montipora aequituberculata,Maeq,3,1,P8174926
H04,Montipora aequituberculata,Maeq,3,2,P8174927
H04,Montipora aequituberculata,Maeq,4,1,P8174928
H04,Montipora aequituberculata,Maeq,4,2,P8174929
H04,Montipora aequituberculata,Maeq,5,1,P8174930
H04,Montipora aequituberculata,Maeq,5,2,P8174931
H04,Montipora aequituberculata,Maeq,6,1,P8174932
H04,Montipora aequituberculata,Maeq,6,2,P8174933
H05,Montipora aequituberculata,Maeq,1,1,P8174935
H05,Montipora aequituberculata,Maeq,1,2,P8174936
H05,Montipora aequituberculata,Maeq,2,1,P8174937
H05,Montipora aequituberculata,Maeq,2,2,P8174938
H05,Montipora aequituberculata,Maeq,3,1,P8174939
H05,Montipora aequituberculata,Maeq,3,2,P8174940
H05,Montipora aequituberculata,Maeq,4,1,P8174941
H05,Montipora aequituberculata,Maeq,4,2,P8174942
H05,Montipora aequituberculata,Maeq,5,1,P8174943
H05,Montipora aequituberculata,Maeq,5,2,P8174944
H05,Montipora aequituberculata,Maeq,6,1,P8174945
H05,Montipora aequituberculata,Maeq,6,2,P8174946
H06,Montipora aequituberculata,Maeq,1,1,P8174948
H06,Montipora aequituberculata,Maeq,1,2,P8174949
H06,Montipora aequituberculata,Maeq,2,1,P8174950
H06,Montipora aequituberculata,Maeq,2,2,P8174951
H06,Montipora aequituberculata,Maeq,3,1,P8174952
H06,Montipora aequituberculata,Maeq,3,2,P8174953
H06,Montipora aequituberculata,Maeq,4,1,P8174954
H06,Montipora aequituberculata,Maeq,4,2,P8174955
H06,Montipora aequituberculata,Maeq,5,1,P8174956
H06,Montipora aequituberculata,Maeq,5,2,P8174957
H06,Montipora aequituberculata,Maeq,6,1,P8174958
H06,Montipora aequituberculata,Maeq,6,2,P8174959
H07,Montipora aequituberculata,Maeq,1,1,P8184961
H07,Montipora aequituberculata,Maeq,1,2,P8184962
H07,Montipora aequituberculata,Maeq,2,1,P8184963
H07,Montipora aequituberculata,Maeq,2,2,P8184964
H07,Montipora aequituberculata,Maeq,3,1,P8184965
H07,Montipora aequituberculata,Maeq,3,2,P8184966
H07,Montipora aequituberculata,Maeq,4,1,P8184967
H07,Montipora aequituberculata,Maeq,4,2,P8184968
H07,Montipora aequituberculata,Maeq,5,1,P8184969
H07,Montipora aequituberculata,Maeq,5,2,P8184970
H07,Montipora aequituberculata,Maeq,6,1,P8184971
H07,Montipora aequituberculata,Maeq,6,2,P8184972
H08,Montipora aequituberculata,Maeq,1,1,P8184974
H08,Montipora aequituberculata,Maeq,1,2,P8184975
H08,Montipora aequituberculata,Maeq,2,1,P8184976
H08,Montipora aequituberculata,Maeq,2,2,P8184977
H08,Montipora aequituberculata,Maeq,3,1,P8184978
H08,Montipora aequituberculata,Maeq,3,2,P8184979
H08,Montipora aequituberculata,Maeq,4,1,P8184980
H08,Montipora aequituberculata,Maeq,4,2,P8184981
H08,Montipora aequituberculata,Maeq,5,1,P8184982
H08,Montipora aequituberculata,Maeq,5,2,P8184983
H08,Montipora aequituberculata,Maeq,6,1,P8184984
H08,Montipora aequituberculata,Maeq,6,2,P8184985
H09,Montipora aequituberculata,Maeq,1,1,P8184987
H09,Montipora aequituberculata,Maeq,1,2,P8184988
H09,Montipora aequituberculata,Maeq,2,1,P8184989
H09,Montipora aequituberculata,Maeq,2,2,P8184990
H09,Montipora aequituberculata,Maeq,3,1,P8184991
H09,Montipora aequituberculata,Maeq,3,2,P8184992
H09,Montipora aequituberculata,Maeq,4,1,P8184993
H09,Montipora aequituberculata,Maeq,4,2,P8184994
H09,Montipora aequituberculata,Maeq,5,1,P8184995
H09,Montipora aequituberculata,Maeq,5,2,P8184996
H09,Montipora aequituberculata,Maeq,6,1,P8184997
H09,Montipora aequituberculata,Maeq,6,2,P8184998
H10,Montipora aequituberculata,Maeq,1,1,P8185000
H10,Montipora aequituberculata,Maeq,1,2,P8185001
H10,Montipora aequituberculata,Maeq,2,1,P8185002
H10,Montipora aequituberculata,Maeq,2,2,P8185003
H10,Montipora aequituberculata,Maeq,3,1,P8185004
H10,Montipora aequituberculata,Maeq,3,2,P8185005
H10,Montipora aequituberculata,Maeq,4,1,P8185006
H10,Montipora aequituberculata,Maeq,4,2,P8185007
H10,Montipora aequituberculata,Maeq,5,1,P8185008
H10,Montipora aequituberculata,Maeq,5,2,P8185009
H10,Montipora aequituberculata,Maeq,6,1,P8185010
H10,Montipora aequituberculata,Maeq,6,2,P8185011
I01,Turbinaria frondens,Tfro,1,1,P8185013
I01,Turbinaria frondens,Tfro,1,2,P8185014
I01,Turbinaria frondens,Tfro,2,1,P8185015
I01,Turbinaria frondens,Tfro,2,2,P8185016
I01,Turbinaria frondens,Tfro,3,1,P8185017
I01,Turbinaria frondens,Tfro,3,2,P8185018
I01,Turbinaria frondens,Tfro,4,1,P8185019
I01,Turbinaria frondens,Tfro,4,2,P8185020
I01,Turbinaria frondens,Tfro,5,1,P8185021
I01,Turbinaria frondens,Tfro,5,2,P8185022
I01,Turbinaria frondens,Tfro,6,1,P8185023
I01,Turbinaria frondens,Tfro,6,2,P8185024
I02,Turbinaria frondens,Tfro,1,1,P8185026
I02,Turbinaria frondens,Tfro,1,2,P8185027
I02,Turbinaria frondens,Tfro,2,1,P8185028
I02,Turbinaria frondens,Tfro,2,2,P8185029
I02,Turbinaria frondens,Tfro,3,1,P8185030
I02,Turbinaria frondens,Tfro,3,2,P8185031
I02,Turbinaria frondens,Tfro,4,1,P8185032
I02,Turbinaria frondens,Tfro,4,2,P8185033
I02,Turbinaria frondens,Tfro,5,1,P8185034
I02,Turbinaria frondens,Tfro,5,2,P8185035
I02,Turbinaria frondens,Tfro,6,1,P8185036
I02,Turbinaria frondens,Tfro,6,2,P8185037
I03,Turbinaria frondens,Tfro,1,1,P8185039
I03,Turbinaria frondens,Tfro,1,2,P8185040
I03,Turbinaria frondens,Tfro,2,1,P8185041
I03,Turbinaria frondens,Tfro,2,2,P8185042
I03,Turbinaria frondens,Tfro,3,1,P8185043
I03,Turbinaria frondens,Tfro,3,2,P8185044
I03,Turbinaria frondens,Tfro,4,1,P8185045
I03,Turbinaria frondens,Tfro,4,2,P8185046
I03,Turbinaria frondens,Tfro,5,1,P8185047
I03,Turbinaria frondens,Tfro,5,2,P8185048
I03,Turbinaria frondens,Tfro,6,1,P8185049
I03,Turbinaria frondens,Tfro,6,2,P8185050
I04,Turbinaria frondens,Tfro,1,1,P8185052
I04,Turbinaria frondens,Tfro,1,2,P8185053
I04,Turbinaria frondens,Tfro,2,1,P8185054
I04,Turbinaria frondens,Tfro,2,2,P8185055
I04,Turbinaria frondens,Tfro,3,1,P8185056
I04,Turbinaria frondens,Tfro,3,2,P8185057
I04,Turbinaria frondens,Tfro,4,1,P8185058
I04,Turbinaria frondens,Tfro,4,2,P8185059
I04,Turbinaria frondens,Tfro,5,1,P8185060
I04,Turbinaria frondens,Tfro,5,2,P8185061
I04,Turbinaria frondens,Tfro,6,1,P8185062
I04,Turbinaria frondens,Tfro,6,2,P8185063
I05,Turbinaria frondens,Tfro,1,1,P8185065
I05,Turbinaria frondens,Tfro,1,2,P8185066
I05,Turbinaria frondens,Tfro,2,1,P8185067
I05,Turbinaria frondens,Tfro,2,2,P8185068
I05,Turbinaria frondens,Tfro,3,1,P8185069
I05,Turbinaria frondens,Tfro,3,2,P8185070
I05,Turbinaria frondens,Tfro,4,1,P8185071
I05,Turbinaria frondens,Tfro,4,2,P8185072
I05,Turbinaria frondens,Tfro,5,1,P8185073
I05,Turbinaria frondens,Tfro,5,2,P8185074
I05,Turbinaria frondens,Tfro,6,1,P8185075
I05,Turbinaria frondens,Tfro,6,2,P8185076
J01,Acropora hyacinthus,Ahya,1,1,P8185078
J01,Acropora hyacinthus,Ahya,1,2,P8185079
J01,Acropora hyacinthus,Ahya,2,1,P8185080
J01,Acropora hyacinthus,Ahya,2,2,P8185081
J01,Acropora hyacinthus,Ahya,3,1,P8185082
J01,Acropora hyacinthus,Ahya,3,2,P8185083
J01,Acropora hyacinthus,Ahya,4,1,P8185084
J01,Acropora hyacinthus,Ahya,4,2,P8185085
J01,Acropora hyacinthus,Ahya,5,1,P8185086
J01,Acropora hyacinthus,Ahya,5,2,P8185087
J01,Acropora hyacinthus,Ahya,6,1,P8185088
J01,Acropora hyacinthus,Ahya,6,2,P8185089
J02,Acropora hyacinthus,Ahya,1,1,P8185091
J02,Acropora hyacinthus,Ahya,1,2,P8185092
J02,Acropora hyacinthus,Ahya,2,1,P8185093
J02,Acropora hyacinthus,Ahya,2,2,P8185094
J02,Acropora hyacinthus,Ahya,3,1,P8185095
J02,Acropora hyacinthus,Ahya,3,2,P8185096
J02,Acropora hyacinthus,Ahya,4,1,P8185097
J02,Acropora hyacinthus,Ahya,4,2,P8185098
J02,Acropora hyacinthus,Ahya,5,1,P8185099
J02,Acropora hyacinthus,Ahya,5,2,P8185100
J02,Acropora hyacinthus,Ahya,6,1,P8185101
J02,Acropora hyacinthus,Ahya,6,2,P8185102
J03,Acropora hyacinthus,Ahya,1,1,P8185104
J03,Acropora hyacinthus,Ahya,1,2,P8185105
J03,Acropora hyacinthus,Ahya,2,1,P8185106
J03,Acropora hyacinthus,Ahya,2,2,P8185107
J03,Acropora hyacinthus,Ahya,3,1,P8185108
J03,Acropora hyacinthus,Ahya,3,2,P8185109
J03,Acropora hyacinthus,Ahya,4,1,P8185110
J03,Acropora hyacinthus,Ahya,4,2,P8185111
J03,Acropora hyacinthus,Ahya,5,1,P8185112
J03,Acropora hyacinthus,Ahya,5,2,P8185113
J03,Acropora hyacinthus,Ahya,6,1,P8185114
J03,Acropora hyacinthus,Ahya,6,2,P8185115
J04,Acropora hyacinthus,Ahya,1,1,P8185117
J04,Acropora hyacinthus,Ahya,1,2,P8185118
J04,Acropora hyacinthus,Ahya,2,1,P8185119
J04,Acropora hyacinthus,Ahya,2,2,P8185120
J04,Acropora hyacinthus,Ahya,3,1,P8185121
J04,Acropora hyacinthus,Ahya,3,2,P8185122
J04,Acropora hyacinthus,Ahya,4,1,P8185123
J04,Acropora hyacinthus,Ahya,4,2,P8185124
J04,Acropora hyacinthus,Ahya,5,1,P8185125
J04,Acropora hyacinthus,Ahya,5,2,P8185126
J04,Acropora hyacinthus,Ahya,6,1,P8185127
J04,Acropora hyacinthus,Ahya,6,2,P8185128
J05,Acropora hyacinthus,Ahya,1,1,P8185130
J05,Acropora hyacinthus,Ahya,1,2,P8185131
J05,Acropora hyacinthus,Ahya,2,1,P8185132
J05,Acropora hyacinthus,Ahya,2,2,P8185133
J05,Acropora hyacinthus,Ahya,3,1,P8185134
J05,Acropora hyacinthus,Ahya,3,2,P8185135
J05,Acropora hyacinthus,Ahya,4,1,P8185136
J05,Acropora hyacinthus,Ahya,4,2,P8185137
J05,Acropora hyacinthus,Ahya,5,1,P8185138
J05,Acropora hyacinthus,Ahya,5,2,P8185139
J05,Acropora hyacinthus,Ahya,6,1,P8185140
J05,Acropora hyacinthus,Ahya,6,2,P8185141
I06,Turbinaria frondens,Tfro,1,1,P8185143
I06,Turbinaria frondens,Tfro,1,2,P8185144
I06,Turbinaria frondens,Tfro,2,1,P8185145
I06,Turbinaria frondens,Tfro,2,2,P8185146
I06,Turbinaria frondens,Tfro,3,1,P8185147
I06,Turbinaria frondens,Tfro,3,2,P8185148
I06,Turbinaria frondens,Tfro,4,1,P8185149
I06,Turbinaria frondens,Tfro,4,2,P8185150
I06,Turbinaria frondens,Tfro,5,1,P8185151
I06,Turbinaria frondens,Tfro,5,2,P8185152
I06,Turbinaria frondens,Tfro,6,1,P8185153
I06,Turbinaria frondens,Tfro,6,2,P8185154
I07,Turbinaria frondens,Tfro,1,1,P8185156
I07,Turbinaria frondens,Tfro,1,2,P8185157
I07,Turbinaria frondens,Tfro,2,1,P8185158
I07,Turbinaria frondens,Tfro,2,2,P8185159
I07,Turbinaria frondens,Tfro,3,1,P8185160
I07,Turbinaria frondens,Tfro,3,2,P8185161
I07,Turbinaria frondens,Tfro,4,1,P8185162
I07,Turbinaria frondens,Tfro,4,2,P8185163
I07,Turbinaria frondens,Tfro,5,1,P8185164
I07,Turbinaria frondens,Tfro,5,2,P8185165
I07,Turbinaria frondens,Tfro,6,1,P8185166
I07,Turbinaria frondens,Tfro,6,2,P8185167
I08,Turbinaria frondens,Tfro,1,1,P8185169
I08,Turbinaria frondens,Tfro,1,2,P8185170
I08,Turbinaria frondens,Tfro,2,1,P8185171
I08,Turbinaria frondens,Tfro,2,2,P8185172
I08,Turbinaria frondens,Tfro,3,1,P8185173
I08,Turbinaria frondens,Tfro,3,2,P8185174
I08,Turbinaria frondens,Tfro,4,1,P8185175
I08,Turbinaria frondens,Tfro,4,2,P8185176
I08,Turbinaria frondens,Tfro,5,1,P8185177
I08,Turbinaria frondens,Tfro,5,2,P8185178
I08,Turbinaria frondens,Tfro,6,1,P8185179
I08,Turbinaria frondens,Tfro,6,2,P8185180
I09,Turbinaria frondens,Tfro,1,1,P8185182
I09,Turbinaria frondens,Tfro,1,2,P8185183
I09,Turbinaria frondens,Tfro,2,1,P8185184
I09,Turbinaria frondens,Tfro,2,2,P8185185
I09,Turbinaria frondens,Tfro,3,1,P8185186
I09,Turbinaria frondens,Tfro,3,2,P8185187
I09,Turbinaria frondens,Tfro,4,1,P8185188
I09,Turbinaria frondens,Tfro,4,2,P8185189
I09,Turbinaria frondens,Tfro,5,1,P8185190
I09,Turbinaria frondens,Tfro,5,2,P8185191
I09,Turbinaria frondens,Tfro,6,1,P8185192
I09,Turbinaria frondens,Tfro,6,2,P8185193
I10,Turbinaria frondens,Tfro,1,1,P8185195
I10,Turbinaria frondens,Tfro,1,2,P8185196
I10,Turbinaria frondens,Tfro,2,1,P8185197
I10,Turbinaria frondens,Tfro,2,2,P8185198
I10,Turbinaria frondens,Tfro,3,1,P8185199
I10,Turbinaria frondens,Tfro,3,2,P8185200
I10,Turbinaria frondens,Tfro,4,1,P8185201
I10,Turbinaria frondens,Tfro,4,2,P8185202
I10,Turbinaria frondens,Tfro,5,1,P8185203
I10,Turbinaria frondens,Tfro,5,2,P8185204
I10,Turbinaria frondens,Tfro,6,1,P8185205
I10,Turbinaria frondens,Tfro,6,2,P8185206
J06,Acropora hyacinthus,Ahya,1,1,P8185208
J06,Acropora hyacinthus,Ahya,1,2,P8185209
J06,Acropora hyacinthus,Ahya,2,1,P8185210
J06,Acropora hyacinthus,Ahya,2,2,P8185211
J06,Acropora hyacinthus,Ahya,3,1,P8185212
J06,Acropora hyacinthus,Ahya,3,2,P8185213
J06,Acropora hyacinthus,Ahya,4,1,P8185214
J06,Acropora hyacinthus,Ahya,4,2,P8185215
J06,Acropora hyacinthus,Ahya,5,1,P8185216
J06,Acropora hyacinthus,Ahya,5,2,P8185217
J06,Acropora hyacinthus,Ahya,6,1,P8185218
J06,Acropora hyacinthus,Ahya,6,2,P8185219
J07,Acropora hyacinthus,Ahya,1,1,P8185221
J07,Acropora hyacinthus,Ahya,1,2,P8185222
J07,Acropora hyacinthus,Ahya,2,1,P8185223
J07,Acropora hyacinthus,Ahya,2,2,P8185224
J07,Acropora hyacinthus,Ahya,3,1,P8185225
J07,Acropora hyacinthus,Ahya,3,2,P8185226
J07,Acropora hyacinthus,Ahya,4,1,P8185227
J07,Acropora hyacinthus,Ahya,4,2,P8185228
J07,Acropora hyacinthus,Ahya,5,1,P8185229
J07,Acropora hyacinthus,Ahya,5,2,P8185230
J07,Acropora hyacinthus,Ahya,6,1,P8185231
J07,Acropora hyacinthus,Ahya,6,2,P8185232
J08,Acropora hyacinthus,Ahya,1,1,P8185234
J08,Acropora hyacinthus,Ahya,1,2,P8185235
J08,Acropora hyacinthus,Ahya,2,1,P8185236
J08,Acropora hyacinthus,Ahya,2,2,P8185237
J08,Acropora hyacinthus,Ahya,3,1,P8185238
J08,Acropora hyacinthus,Ahya,3,2,P8185239
J08,Acropora hyacinthus,Ahya,4,1,P8185240
J08,Acropora hyacinthus,Ahya,4,2,P8185241
J08,Acropora hyacinthus,Ahya,5,1,P8185242
J08,Acropora hyacinthus,Ahya,5,2,P8185243
J08,Acropora hyacinthus,Ahya,6,1,P8185244
J08,Acropora hyacinthus,Ahya,6,2,P8185245
J09,Acropora hyacinthus,Ahya,1,1,P8185247
J09,Acropora hyacinthus,Ahya,1,2,P8185248
J09,Acropora hyacinthus,Ahya,2,1,P8185249
J09,Acropora hyacinthus,Ahya,2,2,P8185250
J09,Acropora hyacinthus,Ahya,3,1,P8185251
J09,Acropora hyacinthus,Ahya,3,2,P8185252
J09,Acropora hyacinthus,Ahya,4,1,P8185253
J09,Acropora hyacinthus,Ahya,4,2,P8185254
J09,Acropora hyacinthus,Ahya,5,1,P8185255
J09,Acropora hyacinthus,Ahya,5,2,P8185256
J09,Acropora hyacinthus,Ahya,6,1,P8185257
J09,Acropora hyacinthus,Ahya,6,2,P8185258
J10,Acropora hyacinthus,Ahya,1,1,P8185260
J10,Acropora hyacinthus,Ahya,1,2,P8185261
J10,Acropora hyacinthus,Ahya,2,1,P8185262
J10,Acropora hyacinthus,Ahya,2,2,P8185263
J10,Acropora hyacinthus,Ahya,3,1,P8185264
J10,Acropora hyacinthus,Ahya,3,2,P8185265
J10,Acropora hyacinthus,Ahya,4,1,P8185266
J10,Acropora hyacinthus,Ahya,4,2,P8185267
J10,Acropora hyacinthus,Ahya,5,1,P8185268
J10,Acropora hyacinthus,Ahya,5,2,P8185269
J10,Acropora hyacinthus,Ahya,6,1,P8185270
J10,Acropora hyacinthus,Ahya,6,2,P8185271