frag_ID,species_long,species,Frag_type,weight,weight_wWax
A01,Porites cylindrica,Pcyl,PI,13.9765,14.2964
A02,Porites cylindrica,Pcyl,PI,13.0378,13.2241
A03,Porites cylindrica,Pcyl,PI,14.0894,14.3472
B01,Montipora vietnamensis,Mvie,PI,13.935,14.2511
B02,Montipora vietnamensis,Mvie,PI,13.9025,14.2542
B03,Montipora vietnamensis,Mvie,PI,19.1134,19.7638
C01,Favites complanata,Fcom,PI,19.8661,20.3728
C02,Favites complanata,Fcom,PI,20.3426,20.9919
C03,Favites complanata,Fcom,PI,37.53,38.6385
D01,Porites rus,Prus,PI,20.5589,21.3676
D02,Porites rus,Prus,PI,23.1477,23.8524
D04,Porites rus,Prus,PI,15.633,15.9589
E01,Pocillopora eydouxi,Peyd,PI,20.1786,20.7755
E02,Pocillopora eydouxi,Peyd,PI,33.2526,34.5565
E03,Pocillopora eydouxi,Peyd,PI,22.2127,23.0778
F01,Pachyseris rugosa,Prug,PI,19.2033,19.8281
F02,Pachyseris rugosa,Prug,PI,16.8337,17.187
F03,Pachyseris rugosa,Prug,PI,19.0646,19.5539
G01,Echinopora lamellosa,Elam,PI,20.6069,21.1713
G02,Echinopora lamellosa,Elam,PI,15.9851,16.2996
G03,Echinopora lamellosa,Elam,PI,17.8492,18.4609
H01,Montipora aequituberculata,Maeq,PI,20.028,20.9045
H02,Montipora aequituberculata,Maeq,PI,17.0948,18.0288
H03,Montipora aequituberculata,Maeq,PI,18.5926,19.6288
I01,Turbinaria frondens,Tfro,PI,20.8073,21.2428
I02,Turbinaria frondens,Tfro,PI,19.3644,20.2241
I03,Turbinaria frondens,Tfro,PI,18.6124,19.2423
J01,Acropora hyacinthus,Ahya,PI,13.9425,14.4466
J02,Acropora hyacinthus,Ahya,PI,14.6267,15.0897
J03,Acropora hyacinthus,Ahya,PI,14.2375,14.9945
A01,Porites cylindrica,Pcyl,TPC,18.4847,19.1539
A02,Porites cylindrica,Pcyl,TPC,17.5975,18.0919
A03,Porites cylindrica,Pcyl,TPC,17.3536,17.8469
A06,Porites cylindrica,Pcyl,TPC,,
A07,Porites cylindrica,Pcyl,TPC,,
A08,Porites cylindrica,Pcyl,TPC,,
B01,Montipora vietnamensis,Mvie,TPC,15.5726,16.0707
B02,Montipora vietnamensis,Mvie,TPC,15.6688,16.1473
B03,Montipora vietnamensis,Mvie,TPC,14.6131,15.0423
B06,Montipora vietnamensis,Mvie,TPC,,
B07,Montipora vietnamensis,Mvie,TPC,,
B08,Montipora vietnamensis,Mvie,TPC,,
C01,Favites complanata,Fcom,TPC,17.5264,18.1634
C02,Favites complanata,Fcom,TPC,19.9485,20.6178
C03,Favites complanata,Fcom,TPC,35.4094,36.1328
C06,Favites complanata,Fcom,TPC,,
C07,Favites complanata,Fcom,TPC,,
C08,Favites complanata,Fcom,TPC,,
D01,Porites rus,Prus,TPC,20.8696,21.6586
D02,Porites rus,Prus,TPC,17.2036,17.671
D03,Porites rus,Prus,TPC,15.9287,16.3659
D06,Porites rus,Prus,TPC,,
D07,Porites rus,Prus,TPC,,
D08,Porites rus,Prus,TPC,,
E01,Pocillopora eydouxi,Peyd,TPC,25.2888,26.2468
E02,Pocillopora eydouxi,Peyd,TPC,29.9688,30.9419
E03,Pocillopora eydouxi,Peyd,TPC,31.706,32.7795
E06,Pocillopora eydouxi,Peyd,TPC,,
E07,Pocillopora eydouxi,Peyd,TPC,,
E08,Pocillopora eydouxi,Peyd,TPC,,
F01,Pachyseris rugosa,Prug,TPC,17.7609,18.106
F03,Pachyseris rugosa,Prug,TPC,17.5665,18.0139
F04,Pachyseris rugosa,Prug,TPC,21.814,22.4118
F06,Pachyseris rugosa,Prug,TPC,,
F07,Pachyseris rugosa,Prug,TPC,,
F08,Pachyseris rugosa,Prug,TPC,,
G01,Echinopora lamellosa,Elam,TPC,21.0843,21.6174
G02,Echinopora lamellosa,Elam,TPC,16.7109,17.1343
G05,Echinopora lamellosa,Elam,TPC,19.3626,19.7981
G06,Echinopora lamellosa,Elam,TPC,,
G07,Echinopora lamellosa,Elam,TPC,,
G08,Echinopora lamellosa,Elam,TPC,,
H01,Montipora aequituberculata,Maeq,TPC,18.7417,19.6653
H02,Montipora aequituberculata,Maeq,TPC,27.003,28.0819
H04,Montipora aequituberculata,Maeq,TPC,20.5617,21.7613
H06,Montipora aequituberculata,Maeq,TPC,,
H07,Montipora aequituberculata,Maeq,TPC,,
H08,Montipora aequituberculata,Maeq,TPC,,
I01,Turbinaria frondens,Tfro,TPC,19.6742,20.3897
I02,Turbinaria frondens,Tfro,TPC,19.1635,19.8216
I03,Turbinaria frondens,Tfro,TPC,18.4512,19.3036
I06,Turbinaria frondens,Tfro,TPC,,
I07,Turbinaria frondens,Tfro,TPC,,
I08,Turbinaria frondens,Tfro,TPC,,
J01,Acropora hyacinthus,Ahya,TPC,13.7708,14.1737
J02,Acropora hyacinthus,Ahya,TPC,15.5251,16.0712
J03,Acropora hyacinthus,Ahya,TPC,15.143,15.9715
J06,Acropora hyacinthus,Ahya,TPC,,
J07,Acropora hyacinthus,Ahya,TPC,,
J08,Acropora hyacinthus,Ahya,TPC,,
A01,Porites cylindrica,Pcyl,physio,4.7581,5.0507
A02,Porites cylindrica,Pcyl,physio,3.5652,3.8468
A03,Porites cylindrica,Pcyl,physio,3.5255,3.7843
A04,Porites cylindrica,Pcyl,physio,4.6615,4.9973
A05,Porites cylindrica,Pcyl,physio,4.0869,4.5389
A06,Porites cylindrica,Pcyl,physio,,
A07,Porites cylindrica,Pcyl,physio,,
A08,Porites cylindrica,Pcyl,physio,,
A09,Porites cylindrica,Pcyl,physio,,
A10,Porites cylindrica,Pcyl,physio,,
B01,Montipora vietnamensis,Mvie,physio,5.6917,6.2611
B02,Montipora vietnamensis,Mvie,physio,4.6032,5.0433
B03,Montipora vietnamensis,Mvie,physio,3.3425,3.7764
B04,Montipora vietnamensis,Mvie,physio,6.3735,7.0256
B05,Montipora vietnamensis,Mvie,physio,3.0591,3.4663
B06,Montipora vietnamensis,Mvie,physio,,
B07,Montipora vietnamensis,Mvie,physio,,
B08,Montipora vietnamensis,Mvie,physio,,
B09,Montipora vietnamensis,Mvie,physio,,
B10,Montipora vietnamensis,Mvie,physio,,
C01,Favites complanata,Fcom,physio,13.6892,15.0603
C02,Favites complanata,Fcom,physio,11.2386,12.1263
C03,Favites complanata,Fcom,physio,29.1505,30.3006
C04,Favites complanata,Fcom,physio,12.1506,12.7121
C05,Favites complanata,Fcom,physio,21.3897,22.7062
C06,Favites complanata,Fcom,physio,,
C07,Favites complanata,Fcom,physio,,
C08,Favites complanata,Fcom,physio,,
C09,Favites complanata,Fcom,physio,,
C10,Favites complanata,Fcom,physio,,
D01,Porites rus,Prus,physio,8.9063,9.5115
D02,Porites rus,Prus,physio,8.1923,8.9681
D03,Porites rus,Prus,physio,6.7667,7.14
D04,Porites rus,Prus,physio,12.3894,12.8509
D05,Porites rus,Prus,physio,6.8514,7.3577
D06,Porites rus,Prus,physio,,
D07,Porites rus,Prus,physio,,
D08,Porites rus,Prus,physio,,
D09,Porites rus,Prus,physio,,
D10,Porites rus,Prus,physio,,
E01,Pocillopora eydouxi,Peyd,physio,15.7496,16.8082
E02,Pocillopora eydouxi,Peyd,physio,26.8016,28.2571
E03,Pocillopora eydouxi,Peyd,physio,14.336,15.4165
E04,Pocillopora eydouxi,Peyd,physio,17.9084,18.9212
E05,Pocillopora eydouxi,Peyd,physio,11.8983,12.562
E06,Pocillopora eydouxi,Peyd,physio,,
E07,Pocillopora eydouxi,Peyd,physio,,
E08,Pocillopora eydouxi,Peyd,physio,,
E09,Pocillopora eydouxi,Peyd,physio,,
E10,Pocillopora eydouxi,Peyd,physio,,
F01,Pachyseris rugosa,Prug,physio,4.1939,5.0119
F02,Pachyseris rugosa,Prug,physio,4.0402,6.614
F03,Pachyseris rugosa,Prug,physio,9.4628,9.938
F04,Pachyseris rugosa,Prug,physio,9.7315,10.3752
F05,Pachyseris rugosa,Prug,physio,7.1679,7.6771
F06,Pachyseris rugosa,Prug,physio,,
F07,Pachyseris rugosa,Prug,physio,,
F08,Pachyseris rugosa,Prug,physio,,
F09,Pachyseris rugosa,Prug,physio,,
F10,Pachyseris rugosa,Prug,physio,,
G01,Echinopora lamellosa,Elam,physio,9.6595,
G02,Echinopora lamellosa,Elam,physio,10.4419,
G03,Echinopora lamellosa,Elam,physio,6.8588,
G04,Echinopora lamellosa,Elam,physio,7.956,
G05,Echinopora lamellosa,Elam,physio,11.7158,
G06,Echinopora lamellosa,Elam,physio,,
G07,Echinopora lamellosa,Elam,physio,,
G08,Echinopora lamellosa,Elam,physio,,
G09,Echinopora lamellosa,Elam,physio,,
G10,Echinopora lamellosa,Elam,physio,,
H01,Montipora aequituberculata,Maeq,physio,7.3721,
H02,Montipora aequituberculata,Maeq,physio,3.1293,
H03,Montipora aequituberculata,Maeq,physio,3.4561,
H04,Montipora aequituberculata,Maeq,physio,3.3932,
H05,Montipora aequituberculata,Maeq,physio,5.4293,
H06,Montipora aequituberculata,Maeq,physio,,
H07,Montipora aequituberculata,Maeq,physio,,
H08,Montipora aequituberculata,Maeq,physio,,
H09,Montipora aequituberculata,Maeq,physio,,
H10,Montipora aequituberculata,Maeq,physio,,
I01,Turbinaria frondens,Tfro,physio,10.9943,
I02,Turbinaria frondens,Tfro,physio,9.0377,
I03,Turbinaria frondens,Tfro,physio,5.9757,
I04,Turbinaria frondens,Tfro,physio,5.041,
I05,Turbinaria frondens,Tfro,physio,4.5092,
I06,Turbinaria frondens,Tfro,physio,,
I07,Turbinaria frondens,Tfro,physio,,
I08,Turbinaria frondens,Tfro,physio,,
I09,Turbinaria frondens,Tfro,physio,,
I10,Turbinaria frondens,Tfro,physio,,
J01,Acropora hyacinthus,Ahya,physio,4.2696,
J02,Acropora hyacinthus,Ahya,physio,6.9312,
J03,Acropora hyacinthus,Ahya,physio,6.165,
J04,Acropora hyacinthus,Ahya,physio,11.9696,
J05,Acropora hyacinthus,Ahya,physio,17.6301,
J06,Acropora hyacinthus,Ahya,physio,,
J07,Acropora hyacinthus,Ahya,physio,,
J08,Acropora hyacinthus,Ahya,physio,,
J09,Acropora hyacinthus,Ahya,physio,,
J10,Acropora hyacinthus,Ahya,physio,,
